event_id,user_id,event_name,timestamp
1,U-1,view_item,2026-05-01T12:46:00
2,U-2,view_item,2026-05-01T13:09:00
3,U-2,add_to_cart,2026-05-01T13:11:00
4,U-3,view_item,2026-05-01T13:13:00
5,U-4,view_item,2026-05-01T10:17:00
6,U-4,add_to_cart,2026-05-01T10:19:00
7,U-5,view_item,2026-05-01T18:49:00
8,U-6,view_item,2026-05-01T06:53:00
9,U-7,view_item,2026-05-01T20:54:00
10,U-8,view_item,2026-05-01T05:26:00
11,U-9,view_item,2026-05-01T23:17:00
12,U-9,add_to_cart,2026-05-01T23:19:00
13,U-9,start_checkout,2026-05-01T23:21:00
14,U-9,purchase,2026-05-01T23:23:00
15,U-10,view_item,2026-05-01T14:32:00
16,U-11,view_item,2026-05-01T03:56:00
17,U-11,add_to_cart,2026-05-01T03:58:00
18,U-12,view_item,2026-05-01T14:44:00
19,U-13,view_item,2026-05-01T14:49:00
20,U-13,add_to_cart,2026-05-01T14:51:00
21,U-13,start_checkout,2026-05-01T14:53:00
22,U-13,purchase,2026-05-01T14:55:00
23,U-14,view_item,2026-05-01T18:26:00
24,U-14,add_to_cart,2026-05-01T18:28:00
25,U-14,start_checkout,2026-05-01T18:30:00
26,U-14,purchase,2026-05-01T18:32:00
27,U-15,view_item,2026-05-01T20:34:00
28,U-16,view_item,2026-05-01T02:43:00
29,U-16,add_to_cart,2026-05-01T02:45:00
30,U-17,view_item,2026-05-01T11:46:00
31,U-18,view_item,2026-05-01T01:09:00
32,U-18,add_to_cart,2026-05-01T01:11:00
33,U-19,view_item,2026-05-01T15:07:00
34,U-19,add_to_cart,2026-05-01T15:09:00
35,U-20,view_item,2026-05-01T18:48:00
36,U-20,add_to_cart,2026-05-01T18:50:00
37,U-21,view_item,2026-05-01T19:46:00
38,U-22,view_item,2026-05-01T01:57:00
39,U-22,add_to_cart,2026-05-01T01:59:00
40,U-23,view_item,2026-05-01T03:08:00
41,U-24,view_item,2026-05-01T10:40:00
42,U-24,add_to_cart,2026-05-01T10:42:00
43,U-24,start_checkout,2026-05-01T10:44:00
44,U-24,purchase,2026-05-01T10:46:00
45,U-25,view_item,2026-05-01T16:57:00
46,U-26,view_item,2026-05-01T21:53:00
47,U-26,add_to_cart,2026-05-01T21:55:00
48,U-27,view_item,2026-05-01T17:48:00
49,U-27,add_to_cart,2026-05-01T17:50:00
50,U-27,start_checkout,2026-05-01T17:52:00
51,U-27,purchase,2026-05-01T17:54:00
52,U-28,view_item,2026-05-01T10:02:00
53,U-28,add_to_cart,2026-05-01T10:04:00
54,U-29,view_item,2026-05-01T22:45:00
55,U-30,view_item,2026-05-01T06:10:00
56,U-31,view_item,2026-05-01T16:37:00
57,U-32,view_item,2026-05-01T19:58:00
58,U-33,view_item,2026-05-01T16:25:00
59,U-34,view_item,2026-05-01T08:40:00
60,U-35,view_item,2026-05-01T14:57:00
61,U-35,add_to_cart,2026-05-01T14:59:00
62,U-36,view_item,2026-05-01T21:41:00
63,U-37,view_item,2026-05-01T09:13:00
64,U-38,view_item,2026-05-01T08:52:00
65,U-38,add_to_cart,2026-05-01T08:54:00
66,U-38,start_checkout,2026-05-01T08:56:00
67,U-38,purchase,2026-05-01T08:58:00
68,U-39,view_item,2026-05-01T20:29:00
69,U-39,add_to_cart,2026-05-01T20:31:00
70,U-39,start_checkout,2026-05-01T20:33:00
71,U-39,purchase,2026-05-01T20:35:00
72,U-40,view_item,2026-05-01T10:05:00
73,U-41,view_item,2026-05-01T02:30:00
74,U-42,view_item,2026-05-01T21:24:00
75,U-42,add_to_cart,2026-05-01T21:26:00
76,U-42,start_checkout,2026-05-01T21:28:00
77,U-43,view_item,2026-05-01T03:57:00
78,U-43,add_to_cart,2026-05-01T03:59:00
79,U-43,start_checkout,2026-05-01T04:01:00
80,U-44,view_item,2026-05-01T17:59:00
81,U-45,view_item,2026-05-01T14:11:00
82,U-46,view_item,2026-05-01T01:17:00
83,U-46,add_to_cart,2026-05-01T01:19:00
84,U-46,start_checkout,2026-05-01T01:21:00
85,U-47,view_item,2026-05-01T15:57:00
86,U-47,add_to_cart,2026-05-01T15:59:00
87,U-48,view_item,2026-05-01T12:52:00
88,U-49,view_item,2026-05-01T18:38:00
89,U-50,view_item,2026-05-01T01:22:00
90,U-51,view_item,2026-05-01T21:20:00
91,U-52,view_item,2026-05-01T13:12:00
92,U-53,view_item,2026-05-01T15:22:00
93,U-53,add_to_cart,2026-05-01T15:24:00
94,U-54,view_item,2026-05-01T02:29:00
95,U-55,view_item,2026-05-01T03:06:00
96,U-55,add_to_cart,2026-05-01T03:08:00
97,U-56,view_item,2026-05-01T02:21:00
98,U-56,add_to_cart,2026-05-01T02:23:00
99,U-56,start_checkout,2026-05-01T02:25:00
100,U-57,view_item,2026-05-01T23:55:00
101,U-58,view_item,2026-05-01T19:12:00
102,U-59,view_item,2026-05-01T23:54:00
103,U-60,view_item,2026-05-01T07:44:00
104,U-60,add_to_cart,2026-05-01T07:46:00
105,U-60,start_checkout,2026-05-01T07:48:00
106,U-61,view_item,2026-05-01T03:16:00
107,U-62,view_item,2026-05-01T16:20:00
108,U-62,add_to_cart,2026-05-01T16:22:00
109,U-63,view_item,2026-05-01T21:48:00
110,U-64,view_item,2026-05-01T14:42:00
111,U-65,view_item,2026-05-01T04:02:00
112,U-66,view_item,2026-05-01T09:08:00
113,U-67,view_item,2026-05-01T20:44:00
114,U-68,view_item,2026-05-01T18:54:00
115,U-69,view_item,2026-05-01T12:09:00
116,U-69,add_to_cart,2026-05-01T12:11:00
117,U-70,view_item,2026-05-01T01:37:00
118,U-71,view_item,2026-05-01T01:11:00
119,U-71,add_to_cart,2026-05-01T01:13:00
120,U-71,start_checkout,2026-05-01T01:15:00
121,U-72,view_item,2026-05-01T23:13:00
122,U-73,view_item,2026-05-01T04:41:00
123,U-74,view_item,2026-05-01T02:03:00
124,U-74,add_to_cart,2026-05-01T02:05:00
125,U-74,start_checkout,2026-05-01T02:07:00
126,U-74,purchase,2026-05-01T02:09:00
127,U-75,view_item,2026-05-01T00:25:00
128,U-75,add_to_cart,2026-05-01T00:27:00
129,U-76,view_item,2026-05-01T01:16:00
130,U-77,view_item,2026-05-01T08:14:00
131,U-78,view_item,2026-05-01T22:21:00
132,U-78,add_to_cart,2026-05-01T22:23:00
133,U-78,start_checkout,2026-05-01T22:25:00
134,U-79,view_item,2026-05-01T15:26:00
135,U-80,view_item,2026-05-01T08:26:00
136,U-81,view_item,2026-05-01T03:46:00
137,U-81,add_to_cart,2026-05-01T03:48:00
138,U-81,start_checkout,2026-05-01T03:50:00
139,U-81,purchase,2026-05-01T03:52:00
140,U-82,view_item,2026-05-01T21:01:00
141,U-82,add_to_cart,2026-05-01T21:03:00
142,U-83,view_item,2026-05-01T16:01:00
143,U-84,view_item,2026-05-01T13:10:00
144,U-84,add_to_cart,2026-05-01T13:12:00
145,U-85,view_item,2026-05-01T20:41:00
146,U-86,view_item,2026-05-01T23:51:00
147,U-87,view_item,2026-05-01T12:27:00
148,U-88,view_item,2026-05-01T05:50:00
149,U-89,view_item,2026-05-01T23:18:00
150,U-90,view_item,2026-05-01T19:33:00
151,U-91,view_item,2026-05-01T18:12:00
152,U-92,view_item,2026-05-01T19:40:00
153,U-92,add_to_cart,2026-05-01T19:42:00
154,U-92,start_checkout,2026-05-01T19:44:00
155,U-93,view_item,2026-05-01T02:27:00
156,U-94,view_item,2026-05-01T15:00:00
157,U-95,view_item,2026-05-01T12:27:00
158,U-95,add_to_cart,2026-05-01T12:29:00
159,U-95,start_checkout,2026-05-01T12:31:00
160,U-95,purchase,2026-05-01T12:33:00
161,U-96,view_item,2026-05-01T15:49:00
162,U-97,view_item,2026-05-01T17:39:00
163,U-98,view_item,2026-05-01T13:32:00
164,U-99,view_item,2026-05-01T21:05:00
165,U-100,view_item,2026-05-01T16:55:00
166,U-100,add_to_cart,2026-05-01T16:57:00
167,U-101,view_item,2026-05-01T19:34:00
168,U-101,add_to_cart,2026-05-01T19:36:00
169,U-102,view_item,2026-05-01T12:19:00
170,U-103,view_item,2026-05-01T11:47:00
171,U-104,view_item,2026-05-01T12:34:00
172,U-104,add_to_cart,2026-05-01T12:36:00
173,U-104,start_checkout,2026-05-01T12:38:00
174,U-104,purchase,2026-05-01T12:40:00
175,U-105,view_item,2026-05-01T07:32:00
176,U-106,view_item,2026-05-01T09:50:00
177,U-107,view_item,2026-05-01T11:30:00
178,U-107,add_to_cart,2026-05-01T11:32:00
179,U-107,start_checkout,2026-05-01T11:34:00
180,U-107,purchase,2026-05-01T11:36:00
181,U-108,view_item,2026-05-01T17:18:00
182,U-109,view_item,2026-05-01T17:28:00
183,U-110,view_item,2026-05-01T05:57:00
184,U-111,view_item,2026-05-01T09:22:00
185,U-111,add_to_cart,2026-05-01T09:24:00
186,U-111,start_checkout,2026-05-01T09:26:00
187,U-112,view_item,2026-05-01T16:06:00
188,U-113,view_item,2026-05-01T05:32:00
189,U-114,view_item,2026-05-01T02:18:00
190,U-115,view_item,2026-05-01T21:13:00
191,U-115,add_to_cart,2026-05-01T21:15:00
192,U-115,start_checkout,2026-05-01T21:17:00
193,U-115,purchase,2026-05-01T21:19:00
194,U-116,view_item,2026-05-01T11:21:00
195,U-116,add_to_cart,2026-05-01T11:23:00
196,U-117,view_item,2026-05-01T03:36:00
197,U-118,view_item,2026-05-01T11:05:00
198,U-119,view_item,2026-05-01T21:00:00
199,U-119,add_to_cart,2026-05-01T21:02:00
200,U-120,view_item,2026-05-01T05:16:00
201,U-121,view_item,2026-05-01T20:19:00
202,U-121,add_to_cart,2026-05-01T20:21:00
203,U-121,start_checkout,2026-05-01T20:23:00
204,U-121,purchase,2026-05-01T20:25:00
205,U-122,view_item,2026-05-01T20:43:00
206,U-123,view_item,2026-05-01T20:12:00
207,U-124,view_item,2026-05-01T13:57:00
208,U-125,view_item,2026-05-01T22:27:00
209,U-126,view_item,2026-05-01T06:03:00
210,U-126,add_to_cart,2026-05-01T06:05:00
211,U-127,view_item,2026-05-01T16:39:00
212,U-128,view_item,2026-05-01T17:37:00
213,U-128,add_to_cart,2026-05-01T17:39:00
214,U-129,view_item,2026-05-01T11:14:00
215,U-129,add_to_cart,2026-05-01T11:16:00
216,U-129,start_checkout,2026-05-01T11:18:00
217,U-130,view_item,2026-05-01T17:10:00
218,U-130,add_to_cart,2026-05-01T17:12:00
219,U-130,start_checkout,2026-05-01T17:14:00
220,U-130,purchase,2026-05-01T17:16:00
221,U-131,view_item,2026-05-01T01:50:00
222,U-132,view_item,2026-05-01T03:58:00
223,U-133,view_item,2026-05-01T10:33:00
224,U-134,view_item,2026-05-01T04:14:00
225,U-134,add_to_cart,2026-05-01T04:16:00
226,U-134,start_checkout,2026-05-01T04:18:00
227,U-134,purchase,2026-05-01T04:20:00
228,U-135,view_item,2026-05-01T11:52:00
229,U-136,view_item,2026-05-01T18:50:00
230,U-137,view_item,2026-05-01T09:07:00
231,U-137,add_to_cart,2026-05-01T09:09:00
232,U-137,start_checkout,2026-05-01T09:11:00
233,U-138,view_item,2026-05-01T01:00:00
234,U-138,add_to_cart,2026-05-01T01:02:00
235,U-139,view_item,2026-05-01T20:21:00
236,U-140,view_item,2026-05-01T14:07:00
237,U-141,view_item,2026-05-01T12:42:00
238,U-142,view_item,2026-05-01T00:39:00
239,U-142,add_to_cart,2026-05-01T00:41:00
240,U-143,view_item,2026-05-01T10:44:00
241,U-143,add_to_cart,2026-05-01T10:46:00
242,U-144,view_item,2026-05-01T12:42:00
243,U-144,add_to_cart,2026-05-01T12:44:00
244,U-144,start_checkout,2026-05-01T12:46:00
245,U-145,view_item,2026-05-01T19:47:00
246,U-146,view_item,2026-05-01T11:09:00
247,U-147,view_item,2026-05-01T03:16:00
248,U-147,add_to_cart,2026-05-01T03:18:00
249,U-147,start_checkout,2026-05-01T03:20:00
250,U-148,view_item,2026-05-01T14:57:00
251,U-148,add_to_cart,2026-05-01T14:59:00
252,U-148,start_checkout,2026-05-01T15:01:00
253,U-148,purchase,2026-05-01T15:03:00
254,U-149,view_item,2026-05-01T15:01:00
255,U-150,view_item,2026-05-01T06:20:00
256,U-151,view_item,2026-05-01T21:10:00
257,U-152,view_item,2026-05-01T18:39:00
258,U-152,add_to_cart,2026-05-01T18:41:00
259,U-152,start_checkout,2026-05-01T18:43:00
260,U-152,purchase,2026-05-01T18:45:00
261,U-153,view_item,2026-05-01T03:20:00
262,U-153,add_to_cart,2026-05-01T03:22:00
263,U-154,view_item,2026-05-01T17:55:00
264,U-154,add_to_cart,2026-05-01T17:57:00
265,U-155,view_item,2026-05-01T17:30:00
266,U-156,view_item,2026-05-01T19:36:00
267,U-156,add_to_cart,2026-05-01T19:38:00
268,U-157,view_item,2026-05-01T15:22:00
269,U-157,add_to_cart,2026-05-01T15:24:00
270,U-157,start_checkout,2026-05-01T15:26:00
271,U-157,purchase,2026-05-01T15:28:00
272,U-158,view_item,2026-05-01T05:56:00
273,U-159,view_item,2026-05-01T00:29:00
274,U-159,add_to_cart,2026-05-01T00:31:00
275,U-160,view_item,2026-05-01T05:45:00
276,U-161,view_item,2026-05-01T05:28:00
277,U-162,view_item,2026-05-01T16:37:00
278,U-162,add_to_cart,2026-05-01T16:39:00
279,U-163,view_item,2026-05-01T21:24:00
280,U-163,add_to_cart,2026-05-01T21:26:00
281,U-163,start_checkout,2026-05-01T21:28:00
282,U-164,view_item,2026-05-01T00:53:00
283,U-164,add_to_cart,2026-05-01T00:55:00
284,U-165,view_item,2026-05-01T21:48:00
285,U-166,view_item,2026-05-01T08:19:00
286,U-167,view_item,2026-05-01T19:58:00
287,U-168,view_item,2026-05-01T01:05:00
288,U-169,view_item,2026-05-01T19:13:00
289,U-169,add_to_cart,2026-05-01T19:15:00
290,U-170,view_item,2026-05-01T13:06:00
291,U-170,add_to_cart,2026-05-01T13:08:00
292,U-170,start_checkout,2026-05-01T13:10:00
293,U-170,purchase,2026-05-01T13:12:00
294,U-171,view_item,2026-05-01T23:36:00
295,U-171,add_to_cart,2026-05-01T23:38:00
296,U-172,view_item,2026-05-01T11:56:00
297,U-172,add_to_cart,2026-05-01T11:58:00
298,U-173,view_item,2026-05-01T03:17:00
299,U-174,view_item,2026-05-01T06:52:00
300,U-175,view_item,2026-05-01T07:08:00
301,U-175,add_to_cart,2026-05-01T07:10:00
302,U-175,start_checkout,2026-05-01T07:12:00
303,U-176,view_item,2026-05-01T09:15:00
304,U-177,view_item,2026-05-01T16:19:00
305,U-178,view_item,2026-05-01T05:18:00
306,U-178,add_to_cart,2026-05-01T05:20:00
307,U-178,start_checkout,2026-05-01T05:22:00
308,U-179,view_item,2026-05-01T21:45:00
309,U-180,view_item,2026-05-01T12:01:00
310,U-181,view_item,2026-05-01T14:41:00
311,U-182,view_item,2026-05-01T08:04:00
312,U-182,add_to_cart,2026-05-01T08:06:00
313,U-182,start_checkout,2026-05-01T08:08:00
314,U-182,purchase,2026-05-01T08:10:00
315,U-183,view_item,2026-05-01T12:49:00
316,U-184,view_item,2026-05-01T22:48:00
317,U-184,add_to_cart,2026-05-01T22:50:00
318,U-185,view_item,2026-05-01T16:23:00
319,U-186,view_item,2026-05-01T23:07:00
320,U-187,view_item,2026-05-01T02:11:00
321,U-188,view_item,2026-05-01T09:01:00
322,U-189,view_item,2026-05-01T01:31:00
323,U-190,view_item,2026-05-01T20:40:00
324,U-191,view_item,2026-05-01T01:44:00
325,U-192,view_item,2026-05-01T02:51:00
326,U-192,add_to_cart,2026-05-01T02:53:00
327,U-192,start_checkout,2026-05-01T02:55:00
328,U-192,purchase,2026-05-01T02:57:00
329,U-193,view_item,2026-05-01T14:48:00
330,U-194,view_item,2026-05-01T15:43:00
331,U-195,view_item,2026-05-01T02:17:00
332,U-196,view_item,2026-05-01T20:34:00
333,U-197,view_item,2026-05-01T22:05:00
334,U-198,view_item,2026-05-01T00:14:00
335,U-198,add_to_cart,2026-05-01T00:16:00
336,U-198,start_checkout,2026-05-01T00:18:00
337,U-198,purchase,2026-05-01T00:20:00
338,U-199,view_item,2026-05-01T10:41:00
339,U-200,view_item,2026-05-01T19:45:00
340,U-201,view_item,2026-05-01T11:08:00
341,U-202,view_item,2026-05-01T23:29:00
342,U-202,add_to_cart,2026-05-01T23:31:00
343,U-203,view_item,2026-05-01T03:04:00
344,U-204,view_item,2026-05-01T20:07:00
345,U-204,add_to_cart,2026-05-01T20:09:00
346,U-204,start_checkout,2026-05-01T20:11:00
347,U-205,view_item,2026-05-01T04:56:00
348,U-205,add_to_cart,2026-05-01T04:58:00
349,U-205,start_checkout,2026-05-01T05:00:00
350,U-205,purchase,2026-05-01T05:02:00
351,U-206,view_item,2026-05-01T04:10:00
352,U-206,add_to_cart,2026-05-01T04:12:00
353,U-207,view_item,2026-05-01T08:49:00
354,U-208,view_item,2026-05-01T21:02:00
355,U-208,add_to_cart,2026-05-01T21:04:00
356,U-208,start_checkout,2026-05-01T21:06:00
357,U-208,purchase,2026-05-01T21:08:00
358,U-209,view_item,2026-05-01T09:41:00
359,U-209,add_to_cart,2026-05-01T09:43:00
360,U-210,view_item,2026-05-01T10:52:00
361,U-211,view_item,2026-05-01T18:46:00
362,U-211,add_to_cart,2026-05-01T18:48:00
363,U-211,start_checkout,2026-05-01T18:50:00
364,U-211,purchase,2026-05-01T18:52:00
365,U-212,view_item,2026-05-01T12:41:00
366,U-212,add_to_cart,2026-05-01T12:43:00
367,U-212,start_checkout,2026-05-01T12:45:00
368,U-212,purchase,2026-05-01T12:47:00
369,U-213,view_item,2026-05-01T03:36:00
370,U-214,view_item,2026-05-01T13:04:00
371,U-214,add_to_cart,2026-05-01T13:06:00
372,U-214,start_checkout,2026-05-01T13:08:00
373,U-214,purchase,2026-05-01T13:10:00
374,U-215,view_item,2026-05-01T22:28:00
375,U-216,view_item,2026-05-01T03:13:00
376,U-217,view_item,2026-05-01T02:36:00
377,U-218,view_item,2026-05-01T21:17:00
378,U-218,add_to_cart,2026-05-01T21:19:00
379,U-218,start_checkout,2026-05-01T21:21:00
380,U-218,purchase,2026-05-01T21:23:00
381,U-219,view_item,2026-05-01T19:54:00
382,U-220,view_item,2026-05-01T07:58:00
383,U-221,view_item,2026-05-01T19:03:00
384,U-221,add_to_cart,2026-05-01T19:05:00
385,U-221,start_checkout,2026-05-01T19:07:00
386,U-222,view_item,2026-05-01T05:25:00
387,U-222,add_to_cart,2026-05-01T05:27:00
388,U-222,start_checkout,2026-05-01T05:29:00
389,U-222,purchase,2026-05-01T05:31:00
390,U-223,view_item,2026-05-01T02:27:00
391,U-224,view_item,2026-05-01T19:27:00
392,U-225,view_item,2026-05-01T15:41:00
393,U-225,add_to_cart,2026-05-01T15:43:00
394,U-226,view_item,2026-05-01T08:35:00
395,U-226,add_to_cart,2026-05-01T08:37:00
396,U-226,start_checkout,2026-05-01T08:39:00
397,U-226,purchase,2026-05-01T08:41:00
398,U-227,view_item,2026-05-01T15:52:00
399,U-227,add_to_cart,2026-05-01T15:54:00
400,U-228,view_item,2026-05-01T01:59:00
401,U-229,view_item,2026-05-01T02:37:00
402,U-229,add_to_cart,2026-05-01T02:39:00
403,U-230,view_item,2026-05-01T05:47:00
404,U-230,add_to_cart,2026-05-01T05:49:00
405,U-230,start_checkout,2026-05-01T05:51:00
406,U-231,view_item,2026-05-01T03:10:00
407,U-232,view_item,2026-05-01T14:34:00
408,U-232,add_to_cart,2026-05-01T14:36:00
409,U-232,start_checkout,2026-05-01T14:38:00
410,U-232,purchase,2026-05-01T14:40:00
411,U-233,view_item,2026-05-01T00:32:00
412,U-233,add_to_cart,2026-05-01T00:34:00
413,U-234,view_item,2026-05-01T15:19:00
414,U-234,add_to_cart,2026-05-01T15:21:00
415,U-235,view_item,2026-05-01T06:28:00
416,U-236,view_item,2026-05-01T20:02:00
417,U-237,view_item,2026-05-01T05:41:00
418,U-237,add_to_cart,2026-05-01T05:43:00
419,U-237,start_checkout,2026-05-01T05:45:00
420,U-237,purchase,2026-05-01T05:47:00
421,U-238,view_item,2026-05-01T23:30:00
422,U-238,add_to_cart,2026-05-01T23:32:00
423,U-238,start_checkout,2026-05-01T23:34:00
424,U-238,purchase,2026-05-01T23:36:00
425,U-239,view_item,2026-05-01T04:50:00
426,U-239,add_to_cart,2026-05-01T04:52:00
427,U-240,view_item,2026-05-01T22:50:00
428,U-240,add_to_cart,2026-05-01T22:52:00
429,U-240,start_checkout,2026-05-01T22:54:00
430,U-241,view_item,2026-05-01T11:08:00
431,U-241,add_to_cart,2026-05-01T11:10:00
432,U-241,start_checkout,2026-05-01T11:12:00
433,U-242,view_item,2026-05-01T00:00:00
434,U-242,add_to_cart,2026-05-01T00:02:00
435,U-242,start_checkout,2026-05-01T00:04:00
436,U-242,purchase,2026-05-01T00:06:00
437,U-243,view_item,2026-05-01T12:12:00
438,U-243,add_to_cart,2026-05-01T12:14:00
439,U-243,start_checkout,2026-05-01T12:16:00
440,U-243,purchase,2026-05-01T12:18:00
441,U-244,view_item,2026-05-01T05:52:00
442,U-244,add_to_cart,2026-05-01T05:54:00
443,U-245,view_item,2026-05-01T07:28:00
444,U-245,add_to_cart,2026-05-01T07:30:00
445,U-245,start_checkout,2026-05-01T07:32:00
446,U-245,purchase,2026-05-01T07:34:00
447,U-246,view_item,2026-05-01T17:24:00
448,U-247,view_item,2026-05-01T15:41:00
449,U-247,add_to_cart,2026-05-01T15:43:00
450,U-247,start_checkout,2026-05-01T15:45:00
451,U-247,purchase,2026-05-01T15:47:00
452,U-248,view_item,2026-05-01T04:34:00
453,U-248,add_to_cart,2026-05-01T04:36:00
454,U-248,start_checkout,2026-05-01T04:38:00
455,U-249,view_item,2026-05-01T06:22:00
456,U-250,view_item,2026-05-01T14:41:00
457,U-251,view_item,2026-05-01T17:33:00
458,U-252,view_item,2026-05-01T07:49:00
459,U-253,view_item,2026-05-01T18:23:00
460,U-254,view_item,2026-05-01T19:18:00
461,U-254,add_to_cart,2026-05-01T19:20:00
462,U-254,start_checkout,2026-05-01T19:22:00
463,U-254,purchase,2026-05-01T19:24:00
464,U-255,view_item,2026-05-01T05:02:00
465,U-256,view_item,2026-05-01T02:19:00
466,U-256,add_to_cart,2026-05-01T02:21:00
467,U-256,start_checkout,2026-05-01T02:23:00
468,U-257,view_item,2026-05-01T03:39:00
469,U-258,view_item,2026-05-01T16:32:00
470,U-258,add_to_cart,2026-05-01T16:34:00
471,U-259,view_item,2026-05-01T06:41:00
472,U-260,view_item,2026-05-01T21:23:00
473,U-261,view_item,2026-05-01T17:38:00
474,U-261,add_to_cart,2026-05-01T17:40:00
475,U-262,view_item,2026-05-01T11:02:00
476,U-263,view_item,2026-05-01T09:29:00
477,U-263,add_to_cart,2026-05-01T09:31:00
478,U-263,start_checkout,2026-05-01T09:33:00
479,U-263,purchase,2026-05-01T09:35:00
480,U-264,view_item,2026-05-01T10:11:00
481,U-265,view_item,2026-05-01T12:38:00
482,U-265,add_to_cart,2026-05-01T12:40:00
483,U-265,start_checkout,2026-05-01T12:42:00
484,U-265,purchase,2026-05-01T12:44:00
485,U-266,view_item,2026-05-01T16:57:00
486,U-266,add_to_cart,2026-05-01T16:59:00
487,U-266,start_checkout,2026-05-01T17:01:00
488,U-267,view_item,2026-05-01T14:48:00
489,U-267,add_to_cart,2026-05-01T14:50:00
490,U-268,view_item,2026-05-01T15:51:00
491,U-269,view_item,2026-05-01T03:07:00
492,U-270,view_item,2026-05-01T06:18:00
493,U-271,view_item,2026-05-01T01:08:00
494,U-271,add_to_cart,2026-05-01T01:10:00
495,U-271,start_checkout,2026-05-01T01:12:00
496,U-271,purchase,2026-05-01T01:14:00
497,U-272,view_item,2026-05-01T20:09:00
498,U-272,add_to_cart,2026-05-01T20:11:00
499,U-272,start_checkout,2026-05-01T20:13:00
500,U-273,view_item,2026-05-01T14:32:00
501,U-274,view_item,2026-05-01T03:34:00
502,U-275,view_item,2026-05-01T01:14:00
503,U-276,view_item,2026-05-01T12:08:00
504,U-277,view_item,2026-05-01T11:48:00
505,U-277,add_to_cart,2026-05-01T11:50:00
506,U-278,view_item,2026-05-01T04:27:00
507,U-278,add_to_cart,2026-05-01T04:29:00
508,U-278,start_checkout,2026-05-01T04:31:00
509,U-278,purchase,2026-05-01T04:33:00
510,U-279,view_item,2026-05-01T03:30:00
511,U-279,add_to_cart,2026-05-01T03:32:00
512,U-280,view_item,2026-05-01T20:18:00
513,U-280,add_to_cart,2026-05-01T20:20:00
514,U-281,view_item,2026-05-01T21:40:00
515,U-281,add_to_cart,2026-05-01T21:42:00
516,U-281,start_checkout,2026-05-01T21:44:00
517,U-282,view_item,2026-05-01T05:56:00
518,U-282,add_to_cart,2026-05-01T05:58:00
519,U-282,start_checkout,2026-05-01T06:00:00
520,U-282,purchase,2026-05-01T06:02:00
521,U-283,view_item,2026-05-01T21:56:00
522,U-284,view_item,2026-05-01T05:11:00
523,U-284,add_to_cart,2026-05-01T05:13:00
524,U-284,start_checkout,2026-05-01T05:15:00
525,U-284,purchase,2026-05-01T05:17:00
526,U-285,view_item,2026-05-01T20:29:00
527,U-285,add_to_cart,2026-05-01T20:31:00
528,U-285,start_checkout,2026-05-01T20:33:00
529,U-285,purchase,2026-05-01T20:35:00
530,U-286,view_item,2026-05-01T11:39:00
531,U-287,view_item,2026-05-02T11:45:00
532,U-288,view_item,2026-05-02T19:40:00
533,U-288,add_to_cart,2026-05-02T19:42:00
534,U-288,start_checkout,2026-05-02T19:44:00
535,U-288,purchase,2026-05-02T19:46:00
536,U-289,view_item,2026-05-02T05:24:00
537,U-290,view_item,2026-05-02T02:02:00
538,U-291,view_item,2026-05-02T20:06:00
539,U-292,view_item,2026-05-02T00:32:00
540,U-292,add_to_cart,2026-05-02T00:34:00
541,U-293,view_item,2026-05-02T04:15:00
542,U-293,add_to_cart,2026-05-02T04:17:00
543,U-293,start_checkout,2026-05-02T04:19:00
544,U-294,view_item,2026-05-02T15:09:00
545,U-295,view_item,2026-05-02T23:07:00
546,U-295,add_to_cart,2026-05-02T23:09:00
547,U-296,view_item,2026-05-02T04:25:00
548,U-297,view_item,2026-05-02T04:54:00
549,U-297,add_to_cart,2026-05-02T04:56:00
550,U-298,view_item,2026-05-02T13:55:00
551,U-299,view_item,2026-05-02T22:04:00
552,U-299,add_to_cart,2026-05-02T22:06:00
553,U-299,start_checkout,2026-05-02T22:08:00
554,U-299,purchase,2026-05-02T22:10:00
555,U-300,view_item,2026-05-02T02:17:00
556,U-300,add_to_cart,2026-05-02T02:19:00
557,U-300,start_checkout,2026-05-02T02:21:00
558,U-301,view_item,2026-05-02T21:14:00
559,U-302,view_item,2026-05-02T08:52:00
560,U-302,add_to_cart,2026-05-02T08:54:00
561,U-303,view_item,2026-05-02T20:07:00
562,U-303,add_to_cart,2026-05-02T20:09:00
563,U-303,start_checkout,2026-05-02T20:11:00
564,U-303,purchase,2026-05-02T20:13:00
565,U-304,view_item,2026-05-02T01:38:00
566,U-305,view_item,2026-05-02T05:18:00
567,U-305,add_to_cart,2026-05-02T05:20:00
568,U-305,start_checkout,2026-05-02T05:22:00
569,U-306,view_item,2026-05-02T15:54:00
570,U-307,view_item,2026-05-02T05:02:00
571,U-308,view_item,2026-05-02T10:08:00
572,U-309,view_item,2026-05-02T01:25:00
573,U-309,add_to_cart,2026-05-02T01:27:00
574,U-309,start_checkout,2026-05-02T01:29:00
575,U-309,purchase,2026-05-02T01:31:00
576,U-310,view_item,2026-05-02T23:55:00
577,U-311,view_item,2026-05-02T20:07:00
578,U-312,view_item,2026-05-02T05:03:00
579,U-312,add_to_cart,2026-05-02T05:05:00
580,U-313,view_item,2026-05-02T23:14:00
581,U-314,view_item,2026-05-02T21:37:00
582,U-315,view_item,2026-05-02T22:17:00
583,U-316,view_item,2026-05-02T15:26:00
584,U-317,view_item,2026-05-02T03:09:00
585,U-318,view_item,2026-05-02T22:26:00
586,U-318,add_to_cart,2026-05-02T22:28:00
587,U-319,view_item,2026-05-02T15:27:00
588,U-319,add_to_cart,2026-05-02T15:29:00
589,U-319,start_checkout,2026-05-02T15:31:00
590,U-319,purchase,2026-05-02T15:33:00
591,U-320,view_item,2026-05-02T14:29:00
592,U-321,view_item,2026-05-02T03:53:00
593,U-321,add_to_cart,2026-05-02T03:55:00
594,U-322,view_item,2026-05-02T10:43:00
595,U-322,add_to_cart,2026-05-02T10:45:00
596,U-323,view_item,2026-05-02T20:22:00
597,U-323,add_to_cart,2026-05-02T20:24:00
598,U-324,view_item,2026-05-02T00:59:00
599,U-324,add_to_cart,2026-05-02T01:01:00
600,U-325,view_item,2026-05-02T22:50:00
601,U-326,view_item,2026-05-02T01:34:00
602,U-327,view_item,2026-05-02T12:45:00
603,U-328,view_item,2026-05-02T15:24:00
604,U-328,add_to_cart,2026-05-02T15:26:00
605,U-328,start_checkout,2026-05-02T15:28:00
606,U-329,view_item,2026-05-02T14:24:00
607,U-329,add_to_cart,2026-05-02T14:26:00
608,U-330,view_item,2026-05-02T08:59:00
609,U-331,view_item,2026-05-02T04:25:00
610,U-332,view_item,2026-05-02T06:16:00
611,U-332,add_to_cart,2026-05-02T06:18:00
612,U-332,start_checkout,2026-05-02T06:20:00
613,U-333,view_item,2026-05-02T09:40:00
614,U-334,view_item,2026-05-02T11:09:00
615,U-335,view_item,2026-05-02T11:16:00
616,U-335,add_to_cart,2026-05-02T11:18:00
617,U-335,start_checkout,2026-05-02T11:20:00
618,U-335,purchase,2026-05-02T11:22:00
619,U-336,view_item,2026-05-02T11:02:00
620,U-337,view_item,2026-05-02T03:37:00
621,U-338,view_item,2026-05-02T23:53:00
622,U-339,view_item,2026-05-02T21:44:00
623,U-340,view_item,2026-05-02T09:53:00
624,U-341,view_item,2026-05-02T06:49:00
625,U-342,view_item,2026-05-02T10:04:00
626,U-343,view_item,2026-05-02T17:26:00
627,U-344,view_item,2026-05-02T21:52:00
628,U-345,view_item,2026-05-02T18:32:00
629,U-346,view_item,2026-05-02T09:24:00
630,U-346,add_to_cart,2026-05-02T09:26:00
631,U-346,start_checkout,2026-05-02T09:28:00
632,U-346,purchase,2026-05-02T09:30:00
633,U-347,view_item,2026-05-02T10:23:00
634,U-348,view_item,2026-05-02T02:27:00
635,U-349,view_item,2026-05-02T12:11:00
636,U-349,add_to_cart,2026-05-02T12:13:00
637,U-350,view_item,2026-05-02T22:04:00
638,U-350,add_to_cart,2026-05-02T22:06:00
639,U-351,view_item,2026-05-02T12:28:00
640,U-351,add_to_cart,2026-05-02T12:30:00
641,U-351,start_checkout,2026-05-02T12:32:00
642,U-351,purchase,2026-05-02T12:34:00
643,U-352,view_item,2026-05-02T09:12:00
644,U-353,view_item,2026-05-02T13:16:00
645,U-354,view_item,2026-05-02T06:41:00
646,U-355,view_item,2026-05-02T01:14:00
647,U-356,view_item,2026-05-02T20:14:00
648,U-356,add_to_cart,2026-05-02T20:16:00
649,U-356,start_checkout,2026-05-02T20:18:00
650,U-357,view_item,2026-05-02T06:49:00
651,U-357,add_to_cart,2026-05-02T06:51:00
652,U-357,start_checkout,2026-05-02T06:53:00
653,U-358,view_item,2026-05-02T03:18:00
654,U-359,view_item,2026-05-02T20:55:00
655,U-360,view_item,2026-05-02T14:40:00
656,U-361,view_item,2026-05-02T04:09:00
657,U-361,add_to_cart,2026-05-02T04:11:00
658,U-361,start_checkout,2026-05-02T04:13:00
659,U-362,view_item,2026-05-02T09:26:00
660,U-362,add_to_cart,2026-05-02T09:28:00
661,U-363,view_item,2026-05-02T04:50:00
662,U-363,add_to_cart,2026-05-02T04:52:00
663,U-363,start_checkout,2026-05-02T04:54:00
664,U-363,purchase,2026-05-02T04:56:00
665,U-364,view_item,2026-05-02T01:35:00
666,U-365,view_item,2026-05-02T18:12:00
667,U-365,add_to_cart,2026-05-02T18:14:00
668,U-366,view_item,2026-05-02T12:56:00
669,U-366,add_to_cart,2026-05-02T12:58:00
670,U-366,start_checkout,2026-05-02T13:00:00
671,U-366,purchase,2026-05-02T13:02:00
672,U-367,view_item,2026-05-02T19:31:00
673,U-368,view_item,2026-05-02T03:38:00
674,U-369,view_item,2026-05-02T04:40:00
675,U-370,view_item,2026-05-02T02:40:00
676,U-371,view_item,2026-05-02T05:00:00
677,U-371,add_to_cart,2026-05-02T05:02:00
678,U-371,start_checkout,2026-05-02T05:04:00
679,U-372,view_item,2026-05-02T12:38:00
680,U-373,view_item,2026-05-02T10:24:00
681,U-374,view_item,2026-05-02T22:20:00
682,U-375,view_item,2026-05-02T03:46:00
683,U-375,add_to_cart,2026-05-02T03:48:00
684,U-376,view_item,2026-05-02T14:44:00
685,U-376,add_to_cart,2026-05-02T14:46:00
686,U-376,start_checkout,2026-05-02T14:48:00
687,U-377,view_item,2026-05-02T16:34:00
688,U-378,view_item,2026-05-02T06:13:00
689,U-378,add_to_cart,2026-05-02T06:15:00
690,U-378,start_checkout,2026-05-02T06:17:00
691,U-378,purchase,2026-05-02T06:19:00
692,U-379,view_item,2026-05-02T01:55:00
693,U-380,view_item,2026-05-02T22:15:00
694,U-380,add_to_cart,2026-05-02T22:17:00
695,U-380,start_checkout,2026-05-02T22:19:00
696,U-380,purchase,2026-05-02T22:21:00
697,U-381,view_item,2026-05-02T03:16:00
698,U-382,view_item,2026-05-02T12:29:00
699,U-382,add_to_cart,2026-05-02T12:31:00
700,U-382,start_checkout,2026-05-02T12:33:00
701,U-382,purchase,2026-05-02T12:35:00
702,U-383,view_item,2026-05-02T14:22:00
703,U-384,view_item,2026-05-02T05:52:00
704,U-385,view_item,2026-05-02T13:48:00
705,U-386,view_item,2026-05-02T15:03:00
706,U-387,view_item,2026-05-02T20:06:00
707,U-387,add_to_cart,2026-05-02T20:08:00
708,U-387,start_checkout,2026-05-02T20:10:00
709,U-388,view_item,2026-05-02T12:14:00
710,U-389,view_item,2026-05-02T11:14:00
711,U-390,view_item,2026-05-02T02:42:00
712,U-390,add_to_cart,2026-05-02T02:44:00
713,U-390,start_checkout,2026-05-02T02:46:00
714,U-390,purchase,2026-05-02T02:48:00
715,U-391,view_item,2026-05-02T07:05:00
716,U-392,view_item,2026-05-02T23:38:00
717,U-393,view_item,2026-05-02T17:55:00
718,U-394,view_item,2026-05-02T19:24:00
719,U-395,view_item,2026-05-02T12:15:00
720,U-395,add_to_cart,2026-05-02T12:17:00
721,U-396,view_item,2026-05-02T07:57:00
722,U-396,add_to_cart,2026-05-02T07:59:00
723,U-397,view_item,2026-05-02T17:09:00
724,U-398,view_item,2026-05-02T08:35:00
725,U-399,view_item,2026-05-02T05:59:00
726,U-400,view_item,2026-05-02T18:47:00
727,U-400,add_to_cart,2026-05-02T18:49:00
728,U-401,view_item,2026-05-02T20:47:00
729,U-402,view_item,2026-05-02T16:21:00
730,U-402,add_to_cart,2026-05-02T16:23:00
731,U-402,start_checkout,2026-05-02T16:25:00
732,U-403,view_item,2026-05-02T13:38:00
733,U-404,view_item,2026-05-02T11:36:00
734,U-404,add_to_cart,2026-05-02T11:38:00
735,U-405,view_item,2026-05-02T05:55:00
736,U-406,view_item,2026-05-02T23:47:00
737,U-407,view_item,2026-05-02T20:50:00
738,U-408,view_item,2026-05-02T17:38:00
739,U-408,add_to_cart,2026-05-02T17:40:00
740,U-409,view_item,2026-05-02T21:19:00
741,U-409,add_to_cart,2026-05-02T21:21:00
742,U-410,view_item,2026-05-02T08:43:00
743,U-411,view_item,2026-05-02T06:15:00
744,U-412,view_item,2026-05-02T13:55:00
745,U-413,view_item,2026-05-02T03:51:00
746,U-413,add_to_cart,2026-05-02T03:53:00
747,U-413,start_checkout,2026-05-02T03:55:00
748,U-413,purchase,2026-05-02T03:57:00
749,U-414,view_item,2026-05-02T04:24:00
750,U-415,view_item,2026-05-02T08:58:00
751,U-416,view_item,2026-05-02T01:37:00
752,U-417,view_item,2026-05-02T07:50:00
753,U-418,view_item,2026-05-02T22:03:00
754,U-418,add_to_cart,2026-05-02T22:05:00
755,U-419,view_item,2026-05-02T18:33:00
756,U-419,add_to_cart,2026-05-02T18:35:00
757,U-420,view_item,2026-05-02T21:19:00
758,U-421,view_item,2026-05-02T13:48:00
759,U-421,add_to_cart,2026-05-02T13:50:00
760,U-421,start_checkout,2026-05-02T13:52:00
761,U-422,view_item,2026-05-02T04:54:00
762,U-423,view_item,2026-05-02T03:35:00
763,U-424,view_item,2026-05-02T21:44:00
764,U-424,add_to_cart,2026-05-02T21:46:00
765,U-424,start_checkout,2026-05-02T21:48:00
766,U-425,view_item,2026-05-02T15:37:00
767,U-426,view_item,2026-05-02T08:34:00
768,U-426,add_to_cart,2026-05-02T08:36:00
769,U-426,start_checkout,2026-05-02T08:38:00
770,U-427,view_item,2026-05-02T01:04:00
771,U-427,add_to_cart,2026-05-02T01:06:00
772,U-427,start_checkout,2026-05-02T01:08:00
773,U-427,purchase,2026-05-02T01:10:00
774,U-428,view_item,2026-05-02T05:35:00
775,U-428,add_to_cart,2026-05-02T05:37:00
776,U-429,view_item,2026-05-02T02:00:00
777,U-430,view_item,2026-05-02T18:26:00
778,U-431,view_item,2026-05-02T01:12:00
779,U-431,add_to_cart,2026-05-02T01:14:00
780,U-431,start_checkout,2026-05-02T01:16:00
781,U-431,purchase,2026-05-02T01:18:00
782,U-432,view_item,2026-05-02T00:49:00
783,U-433,view_item,2026-05-02T12:08:00
784,U-434,view_item,2026-05-02T04:27:00
785,U-435,view_item,2026-05-02T05:55:00
786,U-436,view_item,2026-05-02T16:01:00
787,U-437,view_item,2026-05-02T06:12:00
788,U-437,add_to_cart,2026-05-02T06:14:00
789,U-438,view_item,2026-05-02T01:01:00
790,U-438,add_to_cart,2026-05-02T01:03:00
791,U-439,view_item,2026-05-02T17:19:00
792,U-439,add_to_cart,2026-05-02T17:21:00
793,U-440,view_item,2026-05-02T22:13:00
794,U-440,add_to_cart,2026-05-02T22:15:00
795,U-440,start_checkout,2026-05-02T22:17:00
796,U-441,view_item,2026-05-02T01:53:00
797,U-441,add_to_cart,2026-05-02T01:55:00
798,U-442,view_item,2026-05-02T15:53:00
799,U-443,view_item,2026-05-02T05:30:00
800,U-443,add_to_cart,2026-05-02T05:32:00
801,U-443,start_checkout,2026-05-02T05:34:00
802,U-444,view_item,2026-05-02T14:21:00
803,U-445,view_item,2026-05-02T10:30:00
804,U-446,view_item,2026-05-02T18:18:00
805,U-447,view_item,2026-05-02T12:02:00
806,U-448,view_item,2026-05-02T07:03:00
807,U-449,view_item,2026-05-02T16:47:00
808,U-450,view_item,2026-05-02T06:25:00
809,U-451,view_item,2026-05-02T14:33:00
810,U-452,view_item,2026-05-02T04:45:00
811,U-453,view_item,2026-05-02T10:38:00
812,U-454,view_item,2026-05-02T00:20:00
813,U-455,view_item,2026-05-02T23:02:00
814,U-456,view_item,2026-05-02T14:39:00
815,U-456,add_to_cart,2026-05-02T14:41:00
816,U-456,start_checkout,2026-05-02T14:43:00
817,U-456,purchase,2026-05-02T14:45:00
818,U-457,view_item,2026-05-02T17:59:00
819,U-457,add_to_cart,2026-05-02T18:01:00
820,U-458,view_item,2026-05-02T20:24:00
821,U-459,view_item,2026-05-02T20:43:00
822,U-459,add_to_cart,2026-05-02T20:45:00
823,U-460,view_item,2026-05-02T09:46:00
824,U-461,view_item,2026-05-02T10:26:00
825,U-462,view_item,2026-05-02T18:30:00
826,U-462,add_to_cart,2026-05-02T18:32:00
827,U-462,start_checkout,2026-05-02T18:34:00
828,U-462,purchase,2026-05-02T18:36:00
829,U-463,view_item,2026-05-02T08:22:00
830,U-463,add_to_cart,2026-05-02T08:24:00
831,U-463,start_checkout,2026-05-02T08:26:00
832,U-463,purchase,2026-05-02T08:28:00
833,U-464,view_item,2026-05-02T23:57:00
834,U-464,add_to_cart,2026-05-02T23:59:00
835,U-465,view_item,2026-05-02T06:31:00
836,U-465,add_to_cart,2026-05-02T06:33:00
837,U-466,view_item,2026-05-02T02:38:00
838,U-466,add_to_cart,2026-05-02T02:40:00
839,U-466,start_checkout,2026-05-02T02:42:00
840,U-467,view_item,2026-05-02T05:18:00
841,U-467,add_to_cart,2026-05-02T05:20:00
842,U-467,start_checkout,2026-05-02T05:22:00
843,U-467,purchase,2026-05-02T05:24:00
844,U-468,view_item,2026-05-02T04:21:00
845,U-468,add_to_cart,2026-05-02T04:23:00
846,U-468,start_checkout,2026-05-02T04:25:00
847,U-469,view_item,2026-05-02T23:38:00
848,U-469,add_to_cart,2026-05-02T23:40:00
849,U-469,start_checkout,2026-05-02T23:42:00
850,U-470,view_item,2026-05-02T08:08:00
851,U-470,add_to_cart,2026-05-02T08:10:00
852,U-470,start_checkout,2026-05-02T08:12:00
853,U-470,purchase,2026-05-02T08:14:00
854,U-471,view_item,2026-05-02T06:33:00
855,U-472,view_item,2026-05-02T23:45:00
856,U-473,view_item,2026-05-02T15:24:00
857,U-473,add_to_cart,2026-05-02T15:26:00
858,U-474,view_item,2026-05-02T15:54:00
859,U-474,add_to_cart,2026-05-02T15:56:00
860,U-475,view_item,2026-05-02T16:15:00
861,U-476,view_item,2026-05-02T05:22:00
862,U-476,add_to_cart,2026-05-02T05:24:00
863,U-476,start_checkout,2026-05-02T05:26:00
864,U-477,view_item,2026-05-02T19:01:00
865,U-478,view_item,2026-05-02T01:18:00
866,U-478,add_to_cart,2026-05-02T01:20:00
867,U-479,view_item,2026-05-02T09:15:00
868,U-479,add_to_cart,2026-05-02T09:17:00
869,U-479,start_checkout,2026-05-02T09:19:00
870,U-480,view_item,2026-05-02T02:14:00
871,U-480,add_to_cart,2026-05-02T02:16:00
872,U-480,start_checkout,2026-05-02T02:18:00
873,U-481,view_item,2026-05-02T02:23:00
874,U-481,add_to_cart,2026-05-02T02:25:00
875,U-482,view_item,2026-05-02T13:57:00
876,U-483,view_item,2026-05-02T23:44:00
877,U-484,view_item,2026-05-02T06:59:00
878,U-484,add_to_cart,2026-05-02T07:01:00
879,U-485,view_item,2026-05-02T12:30:00
880,U-486,view_item,2026-05-02T13:00:00
881,U-487,view_item,2026-05-02T18:54:00
882,U-487,add_to_cart,2026-05-02T18:56:00
883,U-488,view_item,2026-05-02T07:50:00
884,U-489,view_item,2026-05-02T03:15:00
885,U-489,add_to_cart,2026-05-02T03:17:00
886,U-490,view_item,2026-05-02T18:57:00
887,U-491,view_item,2026-05-02T19:20:00
888,U-491,add_to_cart,2026-05-02T19:22:00
889,U-492,view_item,2026-05-02T00:15:00
890,U-492,add_to_cart,2026-05-02T00:17:00
891,U-492,start_checkout,2026-05-02T00:19:00
892,U-492,purchase,2026-05-02T00:21:00
893,U-493,view_item,2026-05-02T08:49:00
894,U-494,view_item,2026-05-02T01:02:00
895,U-495,view_item,2026-05-02T03:17:00
896,U-496,view_item,2026-05-02T15:34:00
897,U-497,view_item,2026-05-02T00:51:00
898,U-498,view_item,2026-05-02T03:24:00
899,U-499,view_item,2026-05-02T21:18:00
900,U-500,view_item,2026-05-02T13:01:00
901,U-500,add_to_cart,2026-05-02T13:03:00
902,U-501,view_item,2026-05-02T05:20:00
903,U-502,view_item,2026-05-02T08:29:00
904,U-503,view_item,2026-05-02T13:23:00
905,U-504,view_item,2026-05-02T18:33:00
906,U-505,view_item,2026-05-02T01:24:00
907,U-506,view_item,2026-05-02T08:51:00
908,U-506,add_to_cart,2026-05-02T08:53:00
909,U-506,start_checkout,2026-05-02T08:55:00
910,U-506,purchase,2026-05-02T08:57:00
911,U-507,view_item,2026-05-02T10:57:00
912,U-508,view_item,2026-05-02T13:43:00
913,U-508,add_to_cart,2026-05-02T13:45:00
914,U-509,view_item,2026-05-02T13:21:00
915,U-510,view_item,2026-05-02T01:25:00
916,U-511,view_item,2026-05-02T02:56:00
917,U-512,view_item,2026-05-02T10:29:00
918,U-513,view_item,2026-05-02T04:00:00
919,U-514,view_item,2026-05-02T10:18:00
920,U-514,add_to_cart,2026-05-02T10:20:00
921,U-515,view_item,2026-05-02T03:46:00
922,U-515,add_to_cart,2026-05-02T03:48:00
923,U-516,view_item,2026-05-02T00:55:00
924,U-517,view_item,2026-05-02T15:02:00
925,U-518,view_item,2026-05-02T09:44:00
926,U-519,view_item,2026-05-02T20:10:00
927,U-520,view_item,2026-05-02T20:09:00
928,U-520,add_to_cart,2026-05-02T20:11:00
929,U-520,start_checkout,2026-05-02T20:13:00
930,U-520,purchase,2026-05-02T20:15:00
931,U-521,view_item,2026-05-02T09:26:00
932,U-522,view_item,2026-05-02T00:41:00
933,U-522,add_to_cart,2026-05-02T00:43:00
934,U-522,start_checkout,2026-05-02T00:45:00
935,U-523,view_item,2026-05-02T09:20:00
936,U-524,view_item,2026-05-02T15:58:00
937,U-525,view_item,2026-05-02T19:20:00
938,U-526,view_item,2026-05-02T05:03:00
939,U-526,add_to_cart,2026-05-02T05:05:00
940,U-527,view_item,2026-05-02T19:06:00
941,U-527,add_to_cart,2026-05-02T19:08:00
942,U-528,view_item,2026-05-02T05:15:00
943,U-528,add_to_cart,2026-05-02T05:17:00
944,U-529,view_item,2026-05-02T19:01:00
945,U-529,add_to_cart,2026-05-02T19:03:00
946,U-529,start_checkout,2026-05-02T19:05:00
947,U-529,purchase,2026-05-02T19:07:00
948,U-530,view_item,2026-05-02T23:01:00
949,U-530,add_to_cart,2026-05-02T23:03:00
950,U-531,view_item,2026-05-02T02:16:00
951,U-532,view_item,2026-05-02T18:31:00
952,U-533,view_item,2026-05-02T10:55:00
953,U-533,add_to_cart,2026-05-02T10:57:00
954,U-533,start_checkout,2026-05-02T10:59:00
955,U-534,view_item,2026-05-02T14:23:00
956,U-535,view_item,2026-05-02T21:50:00
957,U-535,add_to_cart,2026-05-02T21:52:00
958,U-536,view_item,2026-05-02T07:01:00
959,U-536,add_to_cart,2026-05-02T07:03:00
960,U-536,start_checkout,2026-05-02T07:05:00
961,U-536,purchase,2026-05-02T07:07:00
962,U-537,view_item,2026-05-02T21:14:00
963,U-538,view_item,2026-05-02T14:15:00
964,U-539,view_item,2026-05-02T21:50:00
965,U-539,add_to_cart,2026-05-02T21:52:00
966,U-540,view_item,2026-05-02T00:34:00
967,U-541,view_item,2026-05-02T19:58:00
968,U-542,view_item,2026-05-02T06:25:00
969,U-542,add_to_cart,2026-05-02T06:27:00
970,U-543,view_item,2026-05-02T09:24:00
971,U-544,view_item,2026-05-02T21:53:00
972,U-545,view_item,2026-05-02T23:27:00
973,U-545,add_to_cart,2026-05-02T23:29:00
974,U-545,start_checkout,2026-05-02T23:31:00
975,U-545,purchase,2026-05-02T23:33:00
976,U-546,view_item,2026-05-02T04:50:00
977,U-547,view_item,2026-05-02T08:31:00
978,U-547,add_to_cart,2026-05-02T08:33:00
979,U-547,start_checkout,2026-05-02T08:35:00
980,U-548,view_item,2026-05-02T07:02:00
981,U-549,view_item,2026-05-02T01:27:00
982,U-550,view_item,2026-05-02T02:16:00
983,U-551,view_item,2026-05-02T10:52:00
984,U-552,view_item,2026-05-02T05:47:00
985,U-552,add_to_cart,2026-05-02T05:49:00
986,U-552,start_checkout,2026-05-02T05:51:00
987,U-553,view_item,2026-05-02T20:18:00
988,U-554,view_item,2026-05-02T03:26:00
989,U-555,view_item,2026-05-02T15:09:00
990,U-556,view_item,2026-05-02T23:26:00
991,U-557,view_item,2026-05-02T04:33:00
992,U-557,add_to_cart,2026-05-02T04:35:00
993,U-557,start_checkout,2026-05-02T04:37:00
994,U-558,view_item,2026-05-02T07:05:00
995,U-558,add_to_cart,2026-05-02T07:07:00
996,U-559,view_item,2026-05-02T11:50:00
997,U-560,view_item,2026-05-02T18:18:00
998,U-561,view_item,2026-05-02T12:37:00
999,U-562,view_item,2026-05-02T20:29:00
1000,U-562,add_to_cart,2026-05-02T20:31:00
1001,U-562,start_checkout,2026-05-02T20:33:00
1002,U-562,purchase,2026-05-02T20:35:00
1003,U-563,view_item,2026-05-02T18:54:00
1004,U-563,add_to_cart,2026-05-02T18:56:00
1005,U-563,start_checkout,2026-05-02T18:58:00
1006,U-563,purchase,2026-05-02T19:00:00
1007,U-564,view_item,2026-05-02T18:30:00
1008,U-564,add_to_cart,2026-05-02T18:32:00
1009,U-564,start_checkout,2026-05-02T18:34:00
1010,U-565,view_item,2026-05-02T15:13:00
1011,U-566,view_item,2026-05-02T23:34:00
1012,U-567,view_item,2026-05-02T22:28:00
1013,U-567,add_to_cart,2026-05-02T22:30:00
1014,U-568,view_item,2026-05-02T08:54:00
1015,U-568,add_to_cart,2026-05-02T08:56:00
1016,U-569,view_item,2026-05-02T13:23:00
1017,U-570,view_item,2026-05-02T02:10:00
1018,U-571,view_item,2026-05-02T17:52:00
1019,U-572,view_item,2026-05-02T02:54:00
1020,U-573,view_item,2026-05-02T06:10:00
1021,U-573,add_to_cart,2026-05-02T06:12:00
1022,U-573,start_checkout,2026-05-02T06:14:00
1023,U-573,purchase,2026-05-02T06:16:00
1024,U-574,view_item,2026-05-02T05:38:00
1025,U-575,view_item,2026-05-02T15:16:00
1026,U-576,view_item,2026-05-02T17:25:00
1027,U-577,view_item,2026-05-02T16:51:00
1028,U-578,view_item,2026-05-02T03:21:00
1029,U-579,view_item,2026-05-02T08:08:00
1030,U-579,add_to_cart,2026-05-02T08:10:00
1031,U-579,start_checkout,2026-05-02T08:12:00
1032,U-579,purchase,2026-05-02T08:14:00
1033,U-580,view_item,2026-05-03T04:50:00
1034,U-581,view_item,2026-05-03T08:19:00
1035,U-581,add_to_cart,2026-05-03T08:21:00
1036,U-582,view_item,2026-05-03T23:53:00
1037,U-582,add_to_cart,2026-05-03T23:55:00
1038,U-582,start_checkout,2026-05-03T23:57:00
1039,U-582,purchase,2026-05-03T23:59:00
1040,U-583,view_item,2026-05-03T19:05:00
1041,U-583,add_to_cart,2026-05-03T19:07:00
1042,U-583,start_checkout,2026-05-03T19:09:00
1043,U-583,purchase,2026-05-03T19:11:00
1044,U-584,view_item,2026-05-03T05:36:00
1045,U-584,add_to_cart,2026-05-03T05:38:00
1046,U-585,view_item,2026-05-03T08:53:00
1047,U-585,add_to_cart,2026-05-03T08:55:00
1048,U-585,start_checkout,2026-05-03T08:57:00
1049,U-585,purchase,2026-05-03T08:59:00
1050,U-586,view_item,2026-05-03T02:02:00
1051,U-587,view_item,2026-05-03T16:43:00
1052,U-588,view_item,2026-05-03T01:02:00
1053,U-589,view_item,2026-05-03T12:36:00
1054,U-590,view_item,2026-05-03T16:20:00
1055,U-591,view_item,2026-05-03T02:58:00
1056,U-591,add_to_cart,2026-05-03T03:00:00
1057,U-591,start_checkout,2026-05-03T03:02:00
1058,U-591,purchase,2026-05-03T03:04:00
1059,U-592,view_item,2026-05-03T08:24:00
1060,U-592,add_to_cart,2026-05-03T08:26:00
1061,U-593,view_item,2026-05-03T23:18:00
1062,U-593,add_to_cart,2026-05-03T23:20:00
1063,U-594,view_item,2026-05-03T02:36:00
1064,U-594,add_to_cart,2026-05-03T02:38:00
1065,U-595,view_item,2026-05-03T17:28:00
1066,U-596,view_item,2026-05-03T22:29:00
1067,U-597,view_item,2026-05-03T16:53:00
1068,U-598,view_item,2026-05-03T06:20:00
1069,U-599,view_item,2026-05-03T06:39:00
1070,U-599,add_to_cart,2026-05-03T06:41:00
1071,U-599,start_checkout,2026-05-03T06:43:00
1072,U-599,purchase,2026-05-03T06:45:00
1073,U-600,view_item,2026-05-03T14:56:00
1074,U-600,add_to_cart,2026-05-03T14:58:00
1075,U-600,start_checkout,2026-05-03T15:00:00
1076,U-601,view_item,2026-05-03T14:02:00
1077,U-602,view_item,2026-05-03T00:19:00
1078,U-603,view_item,2026-05-03T09:50:00
1079,U-604,view_item,2026-05-03T08:38:00
1080,U-605,view_item,2026-05-03T20:08:00
1081,U-606,view_item,2026-05-03T07:36:00
1082,U-607,view_item,2026-05-03T06:24:00
1083,U-608,view_item,2026-05-03T17:53:00
1084,U-609,view_item,2026-05-03T15:52:00
1085,U-610,view_item,2026-05-03T08:53:00
1086,U-611,view_item,2026-05-03T13:44:00
1087,U-612,view_item,2026-05-03T15:59:00
1088,U-613,view_item,2026-05-03T19:29:00
1089,U-613,add_to_cart,2026-05-03T19:31:00
1090,U-614,view_item,2026-05-03T21:15:00
1091,U-614,add_to_cart,2026-05-03T21:17:00
1092,U-615,view_item,2026-05-03T14:33:00
1093,U-616,view_item,2026-05-03T18:01:00
1094,U-617,view_item,2026-05-03T11:07:00
1095,U-617,add_to_cart,2026-05-03T11:09:00
1096,U-617,start_checkout,2026-05-03T11:11:00
1097,U-617,purchase,2026-05-03T11:13:00
1098,U-618,view_item,2026-05-03T12:12:00
1099,U-619,view_item,2026-05-03T02:35:00
1100,U-620,view_item,2026-05-03T07:24:00
1101,U-620,add_to_cart,2026-05-03T07:26:00
1102,U-621,view_item,2026-05-03T22:59:00
1103,U-622,view_item,2026-05-03T13:46:00
1104,U-623,view_item,2026-05-03T01:06:00
1105,U-624,view_item,2026-05-03T16:57:00
1106,U-625,view_item,2026-05-03T15:30:00
1107,U-625,add_to_cart,2026-05-03T15:32:00
1108,U-626,view_item,2026-05-03T01:37:00
1109,U-627,view_item,2026-05-03T12:10:00
1110,U-628,view_item,2026-05-03T13:09:00
1111,U-628,add_to_cart,2026-05-03T13:11:00
1112,U-629,view_item,2026-05-03T20:25:00
1113,U-630,view_item,2026-05-03T17:21:00
1114,U-631,view_item,2026-05-03T20:05:00
1115,U-632,view_item,2026-05-03T21:22:00
1116,U-633,view_item,2026-05-03T09:07:00
1117,U-634,view_item,2026-05-03T02:51:00
1118,U-635,view_item,2026-05-03T00:47:00
1119,U-635,add_to_cart,2026-05-03T00:49:00
1120,U-636,view_item,2026-05-03T11:27:00
1121,U-636,add_to_cart,2026-05-03T11:29:00
1122,U-637,view_item,2026-05-03T06:59:00
1123,U-637,add_to_cart,2026-05-03T07:01:00
1124,U-638,view_item,2026-05-03T08:33:00
1125,U-638,add_to_cart,2026-05-03T08:35:00
1126,U-638,start_checkout,2026-05-03T08:37:00
1127,U-638,purchase,2026-05-03T08:39:00
1128,U-639,view_item,2026-05-03T05:27:00
1129,U-639,add_to_cart,2026-05-03T05:29:00
1130,U-640,view_item,2026-05-03T12:54:00
1131,U-641,view_item,2026-05-03T17:40:00
1132,U-641,add_to_cart,2026-05-03T17:42:00
1133,U-641,start_checkout,2026-05-03T17:44:00
1134,U-642,view_item,2026-05-03T18:34:00
1135,U-643,view_item,2026-05-03T19:44:00
1136,U-644,view_item,2026-05-03T00:39:00
1137,U-644,add_to_cart,2026-05-03T00:41:00
1138,U-645,view_item,2026-05-03T00:04:00
1139,U-646,view_item,2026-05-03T16:55:00
1140,U-647,view_item,2026-05-03T13:42:00
1141,U-648,view_item,2026-05-03T06:35:00
1142,U-648,add_to_cart,2026-05-03T06:37:00
1143,U-649,view_item,2026-05-03T04:36:00
1144,U-649,add_to_cart,2026-05-03T04:38:00
1145,U-649,start_checkout,2026-05-03T04:40:00
1146,U-649,purchase,2026-05-03T04:42:00
1147,U-650,view_item,2026-05-03T14:20:00
1148,U-650,add_to_cart,2026-05-03T14:22:00
1149,U-650,start_checkout,2026-05-03T14:24:00
1150,U-651,view_item,2026-05-03T06:01:00
1151,U-652,view_item,2026-05-03T12:26:00
1152,U-653,view_item,2026-05-03T20:48:00
1153,U-653,add_to_cart,2026-05-03T20:50:00
1154,U-654,view_item,2026-05-03T17:38:00
1155,U-655,view_item,2026-05-03T09:35:00
1156,U-656,view_item,2026-05-03T17:50:00
1157,U-657,view_item,2026-05-03T04:32:00
1158,U-658,view_item,2026-05-03T12:41:00
1159,U-659,view_item,2026-05-03T20:03:00
1160,U-659,add_to_cart,2026-05-03T20:05:00
1161,U-659,start_checkout,2026-05-03T20:07:00
1162,U-659,purchase,2026-05-03T20:09:00
1163,U-660,view_item,2026-05-03T19:28:00
1164,U-660,add_to_cart,2026-05-03T19:30:00
1165,U-661,view_item,2026-05-03T14:10:00
1166,U-662,view_item,2026-05-03T00:07:00
1167,U-662,add_to_cart,2026-05-03T00:09:00
1168,U-663,view_item,2026-05-03T12:12:00
1169,U-663,add_to_cart,2026-05-03T12:14:00
1170,U-663,start_checkout,2026-05-03T12:16:00
1171,U-663,purchase,2026-05-03T12:18:00
1172,U-664,view_item,2026-05-03T09:09:00
1173,U-665,view_item,2026-05-03T12:11:00
1174,U-665,add_to_cart,2026-05-03T12:13:00
1175,U-665,start_checkout,2026-05-03T12:15:00
1176,U-665,purchase,2026-05-03T12:17:00
1177,U-666,view_item,2026-05-03T23:30:00
1178,U-667,view_item,2026-05-03T06:30:00
1179,U-667,add_to_cart,2026-05-03T06:32:00
1180,U-668,view_item,2026-05-03T14:23:00
1181,U-669,view_item,2026-05-03T19:27:00
1182,U-669,add_to_cart,2026-05-03T19:29:00
1183,U-669,start_checkout,2026-05-03T19:31:00
1184,U-669,purchase,2026-05-03T19:33:00
1185,U-670,view_item,2026-05-03T00:01:00
1186,U-670,add_to_cart,2026-05-03T00:03:00
1187,U-671,view_item,2026-05-03T04:18:00
1188,U-672,view_item,2026-05-03T02:27:00
1189,U-673,view_item,2026-05-03T05:18:00
1190,U-674,view_item,2026-05-03T22:14:00
1191,U-674,add_to_cart,2026-05-03T22:16:00
1192,U-674,start_checkout,2026-05-03T22:18:00
1193,U-674,purchase,2026-05-03T22:20:00
1194,U-675,view_item,2026-05-03T02:22:00
1195,U-676,view_item,2026-05-03T23:05:00
1196,U-676,add_to_cart,2026-05-03T23:07:00
1197,U-676,start_checkout,2026-05-03T23:09:00
1198,U-676,purchase,2026-05-03T23:11:00
1199,U-677,view_item,2026-05-03T11:38:00
1200,U-678,view_item,2026-05-03T07:00:00
1201,U-678,add_to_cart,2026-05-03T07:02:00
1202,U-678,start_checkout,2026-05-03T07:04:00
1203,U-678,purchase,2026-05-03T07:06:00
1204,U-679,view_item,2026-05-03T00:57:00
1205,U-679,add_to_cart,2026-05-03T00:59:00
1206,U-680,view_item,2026-05-03T03:00:00
1207,U-680,add_to_cart,2026-05-03T03:02:00
1208,U-681,view_item,2026-05-03T07:21:00
1209,U-681,add_to_cart,2026-05-03T07:23:00
1210,U-681,start_checkout,2026-05-03T07:25:00
1211,U-681,purchase,2026-05-03T07:27:00
1212,U-682,view_item,2026-05-03T09:45:00
1213,U-682,add_to_cart,2026-05-03T09:47:00
1214,U-682,start_checkout,2026-05-03T09:49:00
1215,U-683,view_item,2026-05-03T21:10:00
1216,U-684,view_item,2026-05-03T17:16:00
1217,U-685,view_item,2026-05-03T00:21:00
1218,U-686,view_item,2026-05-03T16:59:00
1219,U-686,add_to_cart,2026-05-03T17:01:00
1220,U-686,start_checkout,2026-05-03T17:03:00
1221,U-686,purchase,2026-05-03T17:05:00
1222,U-687,view_item,2026-05-03T05:59:00
1223,U-688,view_item,2026-05-03T19:07:00
1224,U-688,add_to_cart,2026-05-03T19:09:00
1225,U-689,view_item,2026-05-03T09:35:00
1226,U-690,view_item,2026-05-03T02:46:00
1227,U-691,view_item,2026-05-03T06:05:00
1228,U-692,view_item,2026-05-03T20:08:00
1229,U-692,add_to_cart,2026-05-03T20:10:00
1230,U-693,view_item,2026-05-03T17:32:00
1231,U-694,view_item,2026-05-03T18:09:00
1232,U-694,add_to_cart,2026-05-03T18:11:00
1233,U-694,start_checkout,2026-05-03T18:13:00
1234,U-694,purchase,2026-05-03T18:15:00
1235,U-695,view_item,2026-05-03T09:17:00
1236,U-696,view_item,2026-05-03T11:30:00
1237,U-697,view_item,2026-05-03T11:54:00
1238,U-698,view_item,2026-05-03T18:27:00
1239,U-698,add_to_cart,2026-05-03T18:29:00
1240,U-698,start_checkout,2026-05-03T18:31:00
1241,U-698,purchase,2026-05-03T18:33:00
1242,U-699,view_item,2026-05-03T01:52:00
1243,U-699,add_to_cart,2026-05-03T01:54:00
1244,U-699,start_checkout,2026-05-03T01:56:00
1245,U-699,purchase,2026-05-03T01:58:00
1246,U-700,view_item,2026-05-03T05:38:00
1247,U-701,view_item,2026-05-03T20:26:00
1248,U-701,add_to_cart,2026-05-03T20:28:00
1249,U-701,start_checkout,2026-05-03T20:30:00
1250,U-702,view_item,2026-05-03T01:29:00
1251,U-703,view_item,2026-05-03T03:47:00
1252,U-703,add_to_cart,2026-05-03T03:49:00
1253,U-704,view_item,2026-05-03T08:05:00
1254,U-705,view_item,2026-05-03T16:53:00
1255,U-706,view_item,2026-05-03T16:17:00
1256,U-707,view_item,2026-05-03T14:18:00
1257,U-707,add_to_cart,2026-05-03T14:20:00
1258,U-708,view_item,2026-05-03T21:30:00
1259,U-708,add_to_cart,2026-05-03T21:32:00
1260,U-709,view_item,2026-05-03T18:19:00
1261,U-709,add_to_cart,2026-05-03T18:21:00
1262,U-710,view_item,2026-05-03T09:34:00
1263,U-711,view_item,2026-05-03T05:13:00
1264,U-712,view_item,2026-05-03T06:58:00
1265,U-712,add_to_cart,2026-05-03T07:00:00
1266,U-712,start_checkout,2026-05-03T07:02:00
1267,U-713,view_item,2026-05-03T10:26:00
1268,U-714,view_item,2026-05-03T07:18:00
1269,U-715,view_item,2026-05-03T22:28:00
1270,U-716,view_item,2026-05-03T03:07:00
1271,U-716,add_to_cart,2026-05-03T03:09:00
1272,U-717,view_item,2026-05-03T13:35:00
1273,U-717,add_to_cart,2026-05-03T13:37:00
1274,U-718,view_item,2026-05-03T03:15:00
1275,U-718,add_to_cart,2026-05-03T03:17:00
1276,U-718,start_checkout,2026-05-03T03:19:00
1277,U-719,view_item,2026-05-03T05:58:00
1278,U-719,add_to_cart,2026-05-03T06:00:00
1279,U-720,view_item,2026-05-03T18:22:00
1280,U-721,view_item,2026-05-03T03:32:00
1281,U-722,view_item,2026-05-03T08:08:00
1282,U-723,view_item,2026-05-03T07:21:00
1283,U-724,view_item,2026-05-03T14:25:00
1284,U-725,view_item,2026-05-03T00:41:00
1285,U-726,view_item,2026-05-03T23:58:00
1286,U-727,view_item,2026-05-03T03:25:00
1287,U-728,view_item,2026-05-03T17:51:00
1288,U-729,view_item,2026-05-03T10:49:00
1289,U-729,add_to_cart,2026-05-03T10:51:00
1290,U-730,view_item,2026-05-03T04:38:00
1291,U-731,view_item,2026-05-03T04:08:00
1292,U-732,view_item,2026-05-03T13:41:00
1293,U-733,view_item,2026-05-03T01:27:00
1294,U-734,view_item,2026-05-03T10:01:00
1295,U-734,add_to_cart,2026-05-03T10:03:00
1296,U-734,start_checkout,2026-05-03T10:05:00
1297,U-734,purchase,2026-05-03T10:07:00
1298,U-735,view_item,2026-05-03T04:16:00
1299,U-736,view_item,2026-05-03T12:05:00
1300,U-737,view_item,2026-05-03T04:31:00
1301,U-737,add_to_cart,2026-05-03T04:33:00
1302,U-737,start_checkout,2026-05-03T04:35:00
1303,U-737,purchase,2026-05-03T04:37:00
1304,U-738,view_item,2026-05-03T15:35:00
1305,U-739,view_item,2026-05-03T23:32:00
1306,U-739,add_to_cart,2026-05-03T23:34:00
1307,U-739,start_checkout,2026-05-03T23:36:00
1308,U-739,purchase,2026-05-03T23:38:00
1309,U-740,view_item,2026-05-03T22:08:00
1310,U-741,view_item,2026-05-03T08:58:00
1311,U-741,add_to_cart,2026-05-03T09:00:00
1312,U-741,start_checkout,2026-05-03T09:02:00
1313,U-741,purchase,2026-05-03T09:04:00
1314,U-742,view_item,2026-05-03T08:33:00
1315,U-742,add_to_cart,2026-05-03T08:35:00
1316,U-742,start_checkout,2026-05-03T08:37:00
1317,U-743,view_item,2026-05-03T08:24:00
1318,U-743,add_to_cart,2026-05-03T08:26:00
1319,U-744,view_item,2026-05-03T12:38:00
1320,U-745,view_item,2026-05-03T09:20:00
1321,U-746,view_item,2026-05-03T19:06:00
1322,U-746,add_to_cart,2026-05-03T19:08:00
1323,U-747,view_item,2026-05-03T06:06:00
1324,U-748,view_item,2026-05-03T16:54:00
1325,U-748,add_to_cart,2026-05-03T16:56:00
1326,U-748,start_checkout,2026-05-03T16:58:00
1327,U-748,purchase,2026-05-03T17:00:00
1328,U-749,view_item,2026-05-03T12:56:00
1329,U-750,view_item,2026-05-03T23:34:00
1330,U-750,add_to_cart,2026-05-03T23:36:00
1331,U-750,start_checkout,2026-05-03T23:38:00
1332,U-750,purchase,2026-05-03T23:40:00
1333,U-751,view_item,2026-05-03T21:31:00
1334,U-752,view_item,2026-05-03T04:10:00
1335,U-753,view_item,2026-05-03T23:30:00
1336,U-754,view_item,2026-05-03T18:53:00
1337,U-755,view_item,2026-05-03T13:00:00
1338,U-755,add_to_cart,2026-05-03T13:02:00
1339,U-756,view_item,2026-05-03T19:33:00
1340,U-757,view_item,2026-05-03T22:14:00
1341,U-757,add_to_cart,2026-05-03T22:16:00
1342,U-757,start_checkout,2026-05-03T22:18:00
1343,U-757,purchase,2026-05-03T22:20:00
1344,U-758,view_item,2026-05-03T06:36:00
1345,U-759,view_item,2026-05-03T19:02:00
1346,U-760,view_item,2026-05-03T03:15:00
1347,U-760,add_to_cart,2026-05-03T03:17:00
1348,U-760,start_checkout,2026-05-03T03:19:00
1349,U-760,purchase,2026-05-03T03:21:00
1350,U-761,view_item,2026-05-03T20:28:00
1351,U-762,view_item,2026-05-03T04:36:00
1352,U-762,add_to_cart,2026-05-03T04:38:00
1353,U-762,start_checkout,2026-05-03T04:40:00
1354,U-762,purchase,2026-05-03T04:42:00
1355,U-763,view_item,2026-05-03T15:29:00
1356,U-764,view_item,2026-05-03T08:58:00
1357,U-765,view_item,2026-05-03T22:55:00
1358,U-766,view_item,2026-05-03T08:44:00
1359,U-767,view_item,2026-05-03T08:59:00
1360,U-768,view_item,2026-05-03T20:18:00
1361,U-768,add_to_cart,2026-05-03T20:20:00
1362,U-769,view_item,2026-05-03T16:04:00
1363,U-770,view_item,2026-05-03T19:40:00
1364,U-771,view_item,2026-05-03T03:24:00
1365,U-771,add_to_cart,2026-05-03T03:26:00
1366,U-772,view_item,2026-05-03T21:05:00
1367,U-773,view_item,2026-05-03T14:46:00
1368,U-774,view_item,2026-05-03T12:50:00
1369,U-775,view_item,2026-05-03T08:33:00
1370,U-776,view_item,2026-05-03T14:39:00
1371,U-776,add_to_cart,2026-05-03T14:41:00
1372,U-776,start_checkout,2026-05-03T14:43:00
1373,U-777,view_item,2026-05-03T21:31:00
1374,U-777,add_to_cart,2026-05-03T21:33:00
1375,U-778,view_item,2026-05-03T17:04:00
1376,U-779,view_item,2026-05-03T22:20:00
1377,U-779,add_to_cart,2026-05-03T22:22:00
1378,U-780,view_item,2026-05-03T13:07:00
1379,U-780,add_to_cart,2026-05-03T13:09:00
1380,U-780,start_checkout,2026-05-03T13:11:00
1381,U-781,view_item,2026-05-03T08:44:00
1382,U-781,add_to_cart,2026-05-03T08:46:00
1383,U-782,view_item,2026-05-03T21:54:00
1384,U-783,view_item,2026-05-03T08:16:00
1385,U-783,add_to_cart,2026-05-03T08:18:00
1386,U-784,view_item,2026-05-03T00:30:00
1387,U-785,view_item,2026-05-03T01:57:00
1388,U-786,view_item,2026-05-03T09:25:00
1389,U-787,view_item,2026-05-03T11:25:00
1390,U-788,view_item,2026-05-03T17:45:00
1391,U-788,add_to_cart,2026-05-03T17:47:00
1392,U-788,start_checkout,2026-05-03T17:49:00
1393,U-788,purchase,2026-05-03T17:51:00
1394,U-789,view_item,2026-05-03T03:31:00
1395,U-790,view_item,2026-05-03T22:22:00
1396,U-791,view_item,2026-05-03T22:32:00
1397,U-792,view_item,2026-05-03T02:48:00
1398,U-792,add_to_cart,2026-05-03T02:50:00
1399,U-792,start_checkout,2026-05-03T02:52:00
1400,U-792,purchase,2026-05-03T02:54:00
1401,U-793,view_item,2026-05-03T03:06:00
1402,U-793,add_to_cart,2026-05-03T03:08:00
1403,U-794,view_item,2026-05-03T19:53:00
1404,U-795,view_item,2026-05-03T15:23:00
1405,U-795,add_to_cart,2026-05-03T15:25:00
1406,U-796,view_item,2026-05-03T16:29:00
1407,U-797,view_item,2026-05-03T05:02:00
1408,U-798,view_item,2026-05-03T10:57:00
1409,U-799,view_item,2026-05-03T22:15:00
1410,U-800,view_item,2026-05-03T11:27:00
1411,U-801,view_item,2026-05-03T00:43:00
1412,U-802,view_item,2026-05-03T01:44:00
1413,U-802,add_to_cart,2026-05-03T01:46:00
1414,U-802,start_checkout,2026-05-03T01:48:00
1415,U-802,purchase,2026-05-03T01:50:00
1416,U-803,view_item,2026-05-03T13:24:00
1417,U-803,add_to_cart,2026-05-03T13:26:00
1418,U-804,view_item,2026-05-03T06:43:00
1419,U-804,add_to_cart,2026-05-03T06:45:00
1420,U-804,start_checkout,2026-05-03T06:47:00
1421,U-805,view_item,2026-05-03T00:36:00
1422,U-806,view_item,2026-05-03T23:17:00
1423,U-806,add_to_cart,2026-05-03T23:19:00
1424,U-806,start_checkout,2026-05-03T23:21:00
1425,U-806,purchase,2026-05-03T23:23:00
1426,U-807,view_item,2026-05-03T11:37:00
1427,U-808,view_item,2026-05-03T09:25:00
1428,U-809,view_item,2026-05-03T13:01:00
1429,U-810,view_item,2026-05-03T08:22:00
1430,U-811,view_item,2026-05-03T03:23:00
1431,U-812,view_item,2026-05-03T06:38:00
1432,U-812,add_to_cart,2026-05-03T06:40:00
1433,U-813,view_item,2026-05-03T10:22:00
1434,U-814,view_item,2026-05-03T08:40:00
1435,U-814,add_to_cart,2026-05-03T08:42:00
1436,U-815,view_item,2026-05-03T04:45:00
1437,U-816,view_item,2026-05-03T15:25:00
1438,U-816,add_to_cart,2026-05-03T15:27:00
1439,U-817,view_item,2026-05-04T13:07:00
1440,U-817,add_to_cart,2026-05-04T13:09:00
1441,U-818,view_item,2026-05-04T05:44:00
1442,U-818,add_to_cart,2026-05-04T05:46:00
1443,U-818,start_checkout,2026-05-04T05:48:00
1444,U-818,purchase,2026-05-04T05:50:00
1445,U-819,view_item,2026-05-04T01:18:00
1446,U-820,view_item,2026-05-04T13:30:00
1447,U-820,add_to_cart,2026-05-04T13:32:00
1448,U-820,start_checkout,2026-05-04T13:34:00
1449,U-820,purchase,2026-05-04T13:36:00
1450,U-821,view_item,2026-05-04T06:20:00
1451,U-822,view_item,2026-05-04T16:43:00
1452,U-823,view_item,2026-05-04T13:48:00
1453,U-823,add_to_cart,2026-05-04T13:50:00
1454,U-824,view_item,2026-05-04T06:24:00
1455,U-824,add_to_cart,2026-05-04T06:26:00
1456,U-825,view_item,2026-05-04T03:23:00
1457,U-826,view_item,2026-05-04T17:20:00
1458,U-827,view_item,2026-05-04T18:28:00
1459,U-828,view_item,2026-05-04T10:05:00
1460,U-828,add_to_cart,2026-05-04T10:07:00
1461,U-828,start_checkout,2026-05-04T10:09:00
1462,U-829,view_item,2026-05-04T04:25:00
1463,U-830,view_item,2026-05-04T21:47:00
1464,U-830,add_to_cart,2026-05-04T21:49:00
1465,U-831,view_item,2026-05-04T22:12:00
1466,U-832,view_item,2026-05-04T01:42:00
1467,U-833,view_item,2026-05-04T19:44:00
1468,U-833,add_to_cart,2026-05-04T19:46:00
1469,U-833,start_checkout,2026-05-04T19:48:00
1470,U-834,view_item,2026-05-04T10:14:00
1471,U-834,add_to_cart,2026-05-04T10:16:00
1472,U-834,start_checkout,2026-05-04T10:18:00
1473,U-834,purchase,2026-05-04T10:20:00
1474,U-835,view_item,2026-05-04T10:13:00
1475,U-836,view_item,2026-05-04T04:56:00
1476,U-836,add_to_cart,2026-05-04T04:58:00
1477,U-837,view_item,2026-05-04T01:30:00
1478,U-838,view_item,2026-05-04T18:37:00
1479,U-838,add_to_cart,2026-05-04T18:39:00
1480,U-838,start_checkout,2026-05-04T18:41:00
1481,U-838,purchase,2026-05-04T18:43:00
1482,U-839,view_item,2026-05-04T03:05:00
1483,U-839,add_to_cart,2026-05-04T03:07:00
1484,U-839,start_checkout,2026-05-04T03:09:00
1485,U-840,view_item,2026-05-04T21:18:00
1486,U-841,view_item,2026-05-04T20:31:00
1487,U-841,add_to_cart,2026-05-04T20:33:00
1488,U-841,start_checkout,2026-05-04T20:35:00
1489,U-842,view_item,2026-05-04T04:45:00
1490,U-843,view_item,2026-05-04T18:27:00
1491,U-843,add_to_cart,2026-05-04T18:29:00
1492,U-843,start_checkout,2026-05-04T18:31:00
1493,U-843,purchase,2026-05-04T18:33:00
1494,U-844,view_item,2026-05-04T05:18:00
1495,U-844,add_to_cart,2026-05-04T05:20:00
1496,U-845,view_item,2026-05-04T13:00:00
1497,U-846,view_item,2026-05-04T21:44:00
1498,U-846,add_to_cart,2026-05-04T21:46:00
1499,U-847,view_item,2026-05-04T14:08:00
1500,U-848,view_item,2026-05-04T17:27:00
1501,U-849,view_item,2026-05-04T02:17:00
1502,U-850,view_item,2026-05-04T08:57:00
1503,U-850,add_to_cart,2026-05-04T08:59:00
1504,U-851,view_item,2026-05-04T20:03:00
1505,U-852,view_item,2026-05-04T05:01:00
1506,U-852,add_to_cart,2026-05-04T05:03:00
1507,U-852,start_checkout,2026-05-04T05:05:00
1508,U-852,purchase,2026-05-04T05:07:00
1509,U-853,view_item,2026-05-04T02:18:00
1510,U-854,view_item,2026-05-04T03:41:00
1511,U-854,add_to_cart,2026-05-04T03:43:00
1512,U-855,view_item,2026-05-04T17:58:00
1513,U-855,add_to_cart,2026-05-04T18:00:00
1514,U-856,view_item,2026-05-04T23:59:00
1515,U-857,view_item,2026-05-04T22:17:00
1516,U-858,view_item,2026-05-04T17:36:00
1517,U-858,add_to_cart,2026-05-04T17:38:00
1518,U-858,start_checkout,2026-05-04T17:40:00
1519,U-858,purchase,2026-05-04T17:42:00
1520,U-859,view_item,2026-05-04T17:10:00
1521,U-859,add_to_cart,2026-05-04T17:12:00
1522,U-859,start_checkout,2026-05-04T17:14:00
1523,U-859,purchase,2026-05-04T17:16:00
1524,U-860,view_item,2026-05-04T10:07:00
1525,U-861,view_item,2026-05-04T21:59:00
1526,U-862,view_item,2026-05-04T20:29:00
1527,U-862,add_to_cart,2026-05-04T20:31:00
1528,U-862,start_checkout,2026-05-04T20:33:00
1529,U-863,view_item,2026-05-04T17:08:00
1530,U-864,view_item,2026-05-04T08:50:00
1531,U-865,view_item,2026-05-04T08:51:00
1532,U-866,view_item,2026-05-04T12:52:00
1533,U-866,add_to_cart,2026-05-04T12:54:00
1534,U-866,start_checkout,2026-05-04T12:56:00
1535,U-866,purchase,2026-05-04T12:58:00
1536,U-867,view_item,2026-05-04T05:45:00
1537,U-868,view_item,2026-05-04T06:48:00
1538,U-869,view_item,2026-05-04T12:55:00
1539,U-870,view_item,2026-05-04T20:24:00
1540,U-871,view_item,2026-05-04T02:43:00
1541,U-872,view_item,2026-05-04T04:09:00
1542,U-872,add_to_cart,2026-05-04T04:11:00
1543,U-873,view_item,2026-05-04T13:44:00
1544,U-874,view_item,2026-05-04T08:27:00
1545,U-874,add_to_cart,2026-05-04T08:29:00
1546,U-874,start_checkout,2026-05-04T08:31:00
1547,U-875,view_item,2026-05-04T00:05:00
1548,U-876,view_item,2026-05-04T08:08:00
1549,U-877,view_item,2026-05-04T04:15:00
1550,U-877,add_to_cart,2026-05-04T04:17:00
1551,U-877,start_checkout,2026-05-04T04:19:00
1552,U-877,purchase,2026-05-04T04:21:00
1553,U-878,view_item,2026-05-04T10:43:00
1554,U-879,view_item,2026-05-04T12:30:00
1555,U-879,add_to_cart,2026-05-04T12:32:00
1556,U-879,start_checkout,2026-05-04T12:34:00
1557,U-880,view_item,2026-05-04T12:41:00
1558,U-881,view_item,2026-05-04T12:04:00
1559,U-882,view_item,2026-05-04T04:03:00
1560,U-882,add_to_cart,2026-05-04T04:05:00
1561,U-883,view_item,2026-05-04T18:27:00
1562,U-883,add_to_cart,2026-05-04T18:29:00
1563,U-883,start_checkout,2026-05-04T18:31:00
1564,U-883,purchase,2026-05-04T18:33:00
1565,U-884,view_item,2026-05-04T03:02:00
1566,U-885,view_item,2026-05-04T00:31:00
1567,U-886,view_item,2026-05-04T06:24:00
1568,U-886,add_to_cart,2026-05-04T06:26:00
1569,U-887,view_item,2026-05-04T18:17:00
1570,U-888,view_item,2026-05-04T22:15:00
1571,U-889,view_item,2026-05-04T07:58:00
1572,U-890,view_item,2026-05-04T11:16:00
1573,U-891,view_item,2026-05-04T00:34:00
1574,U-892,view_item,2026-05-04T13:43:00
1575,U-893,view_item,2026-05-04T04:31:00
1576,U-894,view_item,2026-05-04T15:14:00
1577,U-895,view_item,2026-05-04T17:39:00
1578,U-896,view_item,2026-05-04T17:58:00
1579,U-897,view_item,2026-05-04T14:54:00
1580,U-898,view_item,2026-05-04T16:50:00
1581,U-898,add_to_cart,2026-05-04T16:52:00
1582,U-899,view_item,2026-05-04T13:05:00
1583,U-900,view_item,2026-05-04T18:41:00
1584,U-901,view_item,2026-05-04T12:17:00
1585,U-902,view_item,2026-05-04T21:51:00
1586,U-902,add_to_cart,2026-05-04T21:53:00
1587,U-902,start_checkout,2026-05-04T21:55:00
1588,U-902,purchase,2026-05-04T21:57:00
1589,U-903,view_item,2026-05-04T08:42:00
1590,U-904,view_item,2026-05-04T22:27:00
1591,U-904,add_to_cart,2026-05-04T22:29:00
1592,U-904,start_checkout,2026-05-04T22:31:00
1593,U-905,view_item,2026-05-04T04:00:00
1594,U-906,view_item,2026-05-04T17:10:00
1595,U-906,add_to_cart,2026-05-04T17:12:00
1596,U-906,start_checkout,2026-05-04T17:14:00
1597,U-906,purchase,2026-05-04T17:16:00
1598,U-907,view_item,2026-05-04T09:11:00
1599,U-907,add_to_cart,2026-05-04T09:13:00
1600,U-907,start_checkout,2026-05-04T09:15:00
1601,U-907,purchase,2026-05-04T09:17:00
1602,U-908,view_item,2026-05-04T17:32:00
1603,U-909,view_item,2026-05-04T23:04:00
1604,U-910,view_item,2026-05-04T02:34:00
1605,U-910,add_to_cart,2026-05-04T02:36:00
1606,U-911,view_item,2026-05-04T03:06:00
1607,U-911,add_to_cart,2026-05-04T03:08:00
1608,U-912,view_item,2026-05-04T06:04:00
1609,U-913,view_item,2026-05-04T23:25:00
1610,U-913,add_to_cart,2026-05-04T23:27:00
1611,U-913,start_checkout,2026-05-04T23:29:00
1612,U-913,purchase,2026-05-04T23:31:00
1613,U-914,view_item,2026-05-04T06:48:00
1614,U-914,add_to_cart,2026-05-04T06:50:00
1615,U-915,view_item,2026-05-04T02:41:00
1616,U-916,view_item,2026-05-04T16:02:00
1617,U-916,add_to_cart,2026-05-04T16:04:00
1618,U-917,view_item,2026-05-04T07:09:00
1619,U-918,view_item,2026-05-04T00:34:00
1620,U-918,add_to_cart,2026-05-04T00:36:00
1621,U-919,view_item,2026-05-04T07:10:00
1622,U-920,view_item,2026-05-04T21:10:00
1623,U-920,add_to_cart,2026-05-04T21:12:00
1624,U-920,start_checkout,2026-05-04T21:14:00
1625,U-920,purchase,2026-05-04T21:16:00
1626,U-921,view_item,2026-05-04T21:56:00
1627,U-921,add_to_cart,2026-05-04T21:58:00
1628,U-922,view_item,2026-05-04T22:29:00
1629,U-923,view_item,2026-05-04T00:52:00
1630,U-924,view_item,2026-05-04T09:42:00
1631,U-925,view_item,2026-05-04T23:26:00
1632,U-926,view_item,2026-05-04T14:34:00
1633,U-926,add_to_cart,2026-05-04T14:36:00
1634,U-926,start_checkout,2026-05-04T14:38:00
1635,U-927,view_item,2026-05-04T01:48:00
1636,U-928,view_item,2026-05-04T15:43:00
1637,U-928,add_to_cart,2026-05-04T15:45:00
1638,U-928,start_checkout,2026-05-04T15:47:00
1639,U-928,purchase,2026-05-04T15:49:00
1640,U-929,view_item,2026-05-04T00:40:00
1641,U-930,view_item,2026-05-04T13:41:00
1642,U-931,view_item,2026-05-04T03:51:00
1643,U-932,view_item,2026-05-04T23:08:00
1644,U-932,add_to_cart,2026-05-04T23:10:00
1645,U-933,view_item,2026-05-04T09:03:00
1646,U-934,view_item,2026-05-04T07:45:00
1647,U-934,add_to_cart,2026-05-04T07:47:00
1648,U-935,view_item,2026-05-04T10:32:00
1649,U-936,view_item,2026-05-04T00:30:00
1650,U-937,view_item,2026-05-04T19:28:00
1651,U-938,view_item,2026-05-04T15:56:00
1652,U-939,view_item,2026-05-04T07:10:00
1653,U-939,add_to_cart,2026-05-04T07:12:00
1654,U-940,view_item,2026-05-04T00:51:00
1655,U-941,view_item,2026-05-04T23:57:00
1656,U-942,view_item,2026-05-04T10:01:00
1657,U-943,view_item,2026-05-04T13:46:00
1658,U-944,view_item,2026-05-04T16:32:00
1659,U-944,add_to_cart,2026-05-04T16:34:00
1660,U-944,start_checkout,2026-05-04T16:36:00
1661,U-945,view_item,2026-05-04T18:41:00
1662,U-946,view_item,2026-05-04T01:25:00
1663,U-947,view_item,2026-05-04T17:48:00
1664,U-947,add_to_cart,2026-05-04T17:50:00
1665,U-947,start_checkout,2026-05-04T17:52:00
1666,U-948,view_item,2026-05-04T08:10:00
1667,U-949,view_item,2026-05-04T07:03:00
1668,U-950,view_item,2026-05-04T22:46:00
1669,U-950,add_to_cart,2026-05-04T22:48:00
1670,U-951,view_item,2026-05-04T20:16:00
1671,U-951,add_to_cart,2026-05-04T20:18:00
1672,U-951,start_checkout,2026-05-04T20:20:00
1673,U-951,purchase,2026-05-04T20:22:00
1674,U-952,view_item,2026-05-04T08:12:00
1675,U-953,view_item,2026-05-04T01:19:00
1676,U-954,view_item,2026-05-04T22:56:00
1677,U-955,view_item,2026-05-04T01:10:00
1678,U-956,view_item,2026-05-04T13:40:00
1679,U-957,view_item,2026-05-04T16:50:00
1680,U-958,view_item,2026-05-04T08:39:00
1681,U-958,add_to_cart,2026-05-04T08:41:00
1682,U-958,start_checkout,2026-05-04T08:43:00
1683,U-959,view_item,2026-05-04T02:47:00
1684,U-960,view_item,2026-05-04T11:41:00
1685,U-960,add_to_cart,2026-05-04T11:43:00
1686,U-961,view_item,2026-05-04T08:57:00
1687,U-961,add_to_cart,2026-05-04T08:59:00
1688,U-962,view_item,2026-05-04T17:38:00
1689,U-962,add_to_cart,2026-05-04T17:40:00
1690,U-962,start_checkout,2026-05-04T17:42:00
1691,U-962,purchase,2026-05-04T17:44:00
1692,U-963,view_item,2026-05-04T16:39:00
1693,U-963,add_to_cart,2026-05-04T16:41:00
1694,U-964,view_item,2026-05-04T16:36:00
1695,U-964,add_to_cart,2026-05-04T16:38:00
1696,U-964,start_checkout,2026-05-04T16:40:00
1697,U-964,purchase,2026-05-04T16:42:00
1698,U-965,view_item,2026-05-04T19:40:00
1699,U-965,add_to_cart,2026-05-04T19:42:00
1700,U-966,view_item,2026-05-04T04:50:00
1701,U-967,view_item,2026-05-04T19:02:00
1702,U-967,add_to_cart,2026-05-04T19:04:00
1703,U-968,view_item,2026-05-04T18:40:00
1704,U-969,view_item,2026-05-04T10:08:00
1705,U-970,view_item,2026-05-04T16:41:00
1706,U-970,add_to_cart,2026-05-04T16:43:00
1707,U-970,start_checkout,2026-05-04T16:45:00
1708,U-971,view_item,2026-05-04T22:26:00
1709,U-971,add_to_cart,2026-05-04T22:28:00
1710,U-972,view_item,2026-05-04T15:17:00
1711,U-973,view_item,2026-05-04T12:16:00
1712,U-973,add_to_cart,2026-05-04T12:18:00
1713,U-974,view_item,2026-05-04T14:36:00
1714,U-975,view_item,2026-05-04T09:38:00
1715,U-976,view_item,2026-05-04T06:28:00
1716,U-977,view_item,2026-05-04T06:22:00
1717,U-978,view_item,2026-05-04T12:27:00
1718,U-979,view_item,2026-05-04T23:20:00
1719,U-980,view_item,2026-05-04T13:31:00
1720,U-981,view_item,2026-05-04T10:50:00
1721,U-981,add_to_cart,2026-05-04T10:52:00
1722,U-982,view_item,2026-05-04T17:51:00
1723,U-983,view_item,2026-05-04T11:56:00
1724,U-983,add_to_cart,2026-05-04T11:58:00
1725,U-983,start_checkout,2026-05-04T12:00:00
1726,U-983,purchase,2026-05-04T12:02:00
1727,U-984,view_item,2026-05-04T01:59:00
1728,U-984,add_to_cart,2026-05-04T02:01:00
1729,U-984,start_checkout,2026-05-04T02:03:00
1730,U-984,purchase,2026-05-04T02:05:00
1731,U-985,view_item,2026-05-04T10:10:00
1732,U-986,view_item,2026-05-05T07:37:00
1733,U-987,view_item,2026-05-05T05:06:00
1734,U-988,view_item,2026-05-05T02:40:00
1735,U-988,add_to_cart,2026-05-05T02:42:00
1736,U-988,start_checkout,2026-05-05T02:44:00
1737,U-988,purchase,2026-05-05T02:46:00
1738,U-989,view_item,2026-05-05T22:11:00
1739,U-990,view_item,2026-05-05T15:24:00
1740,U-991,view_item,2026-05-05T04:40:00
1741,U-992,view_item,2026-05-05T04:20:00
1742,U-992,add_to_cart,2026-05-05T04:22:00
1743,U-993,view_item,2026-05-05T00:11:00
1744,U-994,view_item,2026-05-05T10:26:00
1745,U-995,view_item,2026-05-05T06:18:00
1746,U-995,add_to_cart,2026-05-05T06:20:00
1747,U-995,start_checkout,2026-05-05T06:22:00
1748,U-995,purchase,2026-05-05T06:24:00
1749,U-996,view_item,2026-05-05T05:39:00
1750,U-997,view_item,2026-05-05T18:03:00
1751,U-998,view_item,2026-05-05T18:27:00
1752,U-998,add_to_cart,2026-05-05T18:29:00
1753,U-999,view_item,2026-05-05T06:09:00
1754,U-999,add_to_cart,2026-05-05T06:11:00
1755,U-1000,view_item,2026-05-05T01:21:00
1756,U-1000,add_to_cart,2026-05-05T01:23:00
1757,U-1000,start_checkout,2026-05-05T01:25:00
1758,U-1000,purchase,2026-05-05T01:27:00
1759,U-1001,view_item,2026-05-05T22:09:00
1760,U-1001,add_to_cart,2026-05-05T22:11:00
1761,U-1002,view_item,2026-05-05T14:24:00
1762,U-1003,view_item,2026-05-05T03:35:00
1763,U-1003,add_to_cart,2026-05-05T03:37:00
1764,U-1004,view_item,2026-05-05T08:01:00
1765,U-1004,add_to_cart,2026-05-05T08:03:00
1766,U-1005,view_item,2026-05-05T00:01:00
1767,U-1005,add_to_cart,2026-05-05T00:03:00
1768,U-1005,start_checkout,2026-05-05T00:05:00
1769,U-1005,purchase,2026-05-05T00:07:00
1770,U-1006,view_item,2026-05-05T10:34:00
1771,U-1007,view_item,2026-05-05T14:09:00
1772,U-1008,view_item,2026-05-05T19:35:00
1773,U-1009,view_item,2026-05-05T16:43:00
1774,U-1010,view_item,2026-05-05T13:59:00
1775,U-1011,view_item,2026-05-05T00:07:00
1776,U-1012,view_item,2026-05-05T06:54:00
1777,U-1013,view_item,2026-05-05T19:06:00
1778,U-1014,view_item,2026-05-05T06:24:00
1779,U-1015,view_item,2026-05-05T22:07:00
1780,U-1016,view_item,2026-05-05T10:11:00
1781,U-1016,add_to_cart,2026-05-05T10:13:00
1782,U-1016,start_checkout,2026-05-05T10:15:00
1783,U-1016,purchase,2026-05-05T10:17:00
1784,U-1017,view_item,2026-05-05T10:54:00
1785,U-1017,add_to_cart,2026-05-05T10:56:00
1786,U-1018,view_item,2026-05-05T13:34:00
1787,U-1018,add_to_cart,2026-05-05T13:36:00
1788,U-1018,start_checkout,2026-05-05T13:38:00
1789,U-1019,view_item,2026-05-05T07:02:00
1790,U-1020,view_item,2026-05-05T00:05:00
1791,U-1020,add_to_cart,2026-05-05T00:07:00
1792,U-1021,view_item,2026-05-05T22:36:00
1793,U-1021,add_to_cart,2026-05-05T22:38:00
1794,U-1021,start_checkout,2026-05-05T22:40:00
1795,U-1021,purchase,2026-05-05T22:42:00
1796,U-1022,view_item,2026-05-05T16:35:00
1797,U-1023,view_item,2026-05-05T07:23:00
1798,U-1024,view_item,2026-05-05T16:25:00
1799,U-1024,add_to_cart,2026-05-05T16:27:00
1800,U-1025,view_item,2026-05-05T15:55:00
1801,U-1026,view_item,2026-05-05T04:50:00
1802,U-1027,view_item,2026-05-05T04:49:00
1803,U-1028,view_item,2026-05-05T07:04:00
1804,U-1028,add_to_cart,2026-05-05T07:06:00
1805,U-1028,start_checkout,2026-05-05T07:08:00
1806,U-1029,view_item,2026-05-05T10:54:00
1807,U-1030,view_item,2026-05-05T16:38:00
1808,U-1031,view_item,2026-05-05T23:37:00
1809,U-1032,view_item,2026-05-05T05:44:00
1810,U-1033,view_item,2026-05-05T20:30:00
1811,U-1033,add_to_cart,2026-05-05T20:32:00
1812,U-1034,view_item,2026-05-05T04:14:00
1813,U-1035,view_item,2026-05-05T01:20:00
1814,U-1036,view_item,2026-05-05T05:50:00
1815,U-1036,add_to_cart,2026-05-05T05:52:00
1816,U-1036,start_checkout,2026-05-05T05:54:00
1817,U-1036,purchase,2026-05-05T05:56:00
1818,U-1037,view_item,2026-05-05T15:23:00
1819,U-1037,add_to_cart,2026-05-05T15:25:00
1820,U-1037,start_checkout,2026-05-05T15:27:00
1821,U-1037,purchase,2026-05-05T15:29:00
1822,U-1038,view_item,2026-05-05T19:18:00
1823,U-1039,view_item,2026-05-05T12:30:00
1824,U-1039,add_to_cart,2026-05-05T12:32:00
1825,U-1040,view_item,2026-05-05T18:44:00
1826,U-1040,add_to_cart,2026-05-05T18:46:00
1827,U-1040,start_checkout,2026-05-05T18:48:00
1828,U-1040,purchase,2026-05-05T18:50:00
1829,U-1041,view_item,2026-05-05T16:30:00
1830,U-1041,add_to_cart,2026-05-05T16:32:00
1831,U-1042,view_item,2026-05-05T16:50:00
1832,U-1042,add_to_cart,2026-05-05T16:52:00
1833,U-1043,view_item,2026-05-05T08:16:00
1834,U-1044,view_item,2026-05-05T15:49:00
1835,U-1045,view_item,2026-05-05T16:59:00
1836,U-1046,view_item,2026-05-05T15:33:00
1837,U-1046,add_to_cart,2026-05-05T15:35:00
1838,U-1046,start_checkout,2026-05-05T15:37:00
1839,U-1047,view_item,2026-05-05T14:36:00
1840,U-1048,view_item,2026-05-05T04:57:00
1841,U-1048,add_to_cart,2026-05-05T04:59:00
1842,U-1049,view_item,2026-05-05T13:51:00
1843,U-1050,view_item,2026-05-05T04:27:00
1844,U-1051,view_item,2026-05-05T08:39:00
1845,U-1052,view_item,2026-05-05T02:09:00
1846,U-1053,view_item,2026-05-05T10:30:00
1847,U-1053,add_to_cart,2026-05-05T10:32:00
1848,U-1054,view_item,2026-05-05T08:06:00
1849,U-1055,view_item,2026-05-05T07:27:00
1850,U-1056,view_item,2026-05-05T07:51:00
1851,U-1056,add_to_cart,2026-05-05T07:53:00
1852,U-1056,start_checkout,2026-05-05T07:55:00
1853,U-1056,purchase,2026-05-05T07:57:00
1854,U-1057,view_item,2026-05-05T16:13:00
1855,U-1057,add_to_cart,2026-05-05T16:15:00
1856,U-1057,start_checkout,2026-05-05T16:17:00
1857,U-1057,purchase,2026-05-05T16:19:00
1858,U-1058,view_item,2026-05-05T02:34:00
1859,U-1058,add_to_cart,2026-05-05T02:36:00
1860,U-1059,view_item,2026-05-05T06:09:00
1861,U-1060,view_item,2026-05-05T13:07:00
1862,U-1061,view_item,2026-05-05T21:51:00
1863,U-1061,add_to_cart,2026-05-05T21:53:00
1864,U-1062,view_item,2026-05-05T11:36:00
1865,U-1062,add_to_cart,2026-05-05T11:38:00
1866,U-1062,start_checkout,2026-05-05T11:40:00
1867,U-1063,view_item,2026-05-05T01:07:00
1868,U-1064,view_item,2026-05-05T17:47:00
1869,U-1064,add_to_cart,2026-05-05T17:49:00
1870,U-1064,start_checkout,2026-05-05T17:51:00
1871,U-1064,purchase,2026-05-05T17:53:00
1872,U-1065,view_item,2026-05-05T02:10:00
1873,U-1066,view_item,2026-05-05T17:54:00
1874,U-1066,add_to_cart,2026-05-05T17:56:00
1875,U-1066,start_checkout,2026-05-05T17:58:00
1876,U-1066,purchase,2026-05-05T18:00:00
1877,U-1067,view_item,2026-05-05T16:26:00
1878,U-1067,add_to_cart,2026-05-05T16:28:00
1879,U-1067,start_checkout,2026-05-05T16:30:00
1880,U-1067,purchase,2026-05-05T16:32:00
1881,U-1068,view_item,2026-05-05T16:39:00
1882,U-1068,add_to_cart,2026-05-05T16:41:00
1883,U-1068,start_checkout,2026-05-05T16:43:00
1884,U-1068,purchase,2026-05-05T16:45:00
1885,U-1069,view_item,2026-05-05T00:52:00
1886,U-1070,view_item,2026-05-05T15:33:00
1887,U-1071,view_item,2026-05-05T12:47:00
1888,U-1071,add_to_cart,2026-05-05T12:49:00
1889,U-1071,start_checkout,2026-05-05T12:51:00
1890,U-1071,purchase,2026-05-05T12:53:00
1891,U-1072,view_item,2026-05-05T22:45:00
1892,U-1073,view_item,2026-05-05T02:05:00
1893,U-1073,add_to_cart,2026-05-05T02:07:00
1894,U-1073,start_checkout,2026-05-05T02:09:00
1895,U-1073,purchase,2026-05-05T02:11:00
1896,U-1074,view_item,2026-05-05T01:26:00
1897,U-1075,view_item,2026-05-05T11:18:00
1898,U-1076,view_item,2026-05-05T15:49:00
1899,U-1077,view_item,2026-05-05T10:09:00
1900,U-1077,add_to_cart,2026-05-05T10:11:00
1901,U-1077,start_checkout,2026-05-05T10:13:00
1902,U-1078,view_item,2026-05-05T02:28:00
1903,U-1079,view_item,2026-05-05T04:23:00
1904,U-1080,view_item,2026-05-05T01:46:00
1905,U-1080,add_to_cart,2026-05-05T01:48:00
1906,U-1080,start_checkout,2026-05-05T01:50:00
1907,U-1081,view_item,2026-05-05T19:06:00
1908,U-1082,view_item,2026-05-05T22:41:00
1909,U-1083,view_item,2026-05-05T08:29:00
1910,U-1084,view_item,2026-05-05T04:30:00
1911,U-1085,view_item,2026-05-05T00:26:00
1912,U-1085,add_to_cart,2026-05-05T00:28:00
1913,U-1086,view_item,2026-05-05T12:12:00
1914,U-1086,add_to_cart,2026-05-05T12:14:00
1915,U-1086,start_checkout,2026-05-05T12:16:00
1916,U-1087,view_item,2026-05-05T22:05:00
1917,U-1088,view_item,2026-05-05T21:36:00
1918,U-1089,view_item,2026-05-05T12:58:00
1919,U-1090,view_item,2026-05-05T01:13:00
1920,U-1091,view_item,2026-05-05T13:43:00
1921,U-1091,add_to_cart,2026-05-05T13:45:00
1922,U-1092,view_item,2026-05-05T15:38:00
1923,U-1093,view_item,2026-05-05T01:51:00
1924,U-1093,add_to_cart,2026-05-05T01:53:00
1925,U-1093,start_checkout,2026-05-05T01:55:00
1926,U-1093,purchase,2026-05-05T01:57:00
1927,U-1094,view_item,2026-05-05T20:17:00
1928,U-1094,add_to_cart,2026-05-05T20:19:00
1929,U-1095,view_item,2026-05-05T19:03:00
1930,U-1096,view_item,2026-05-05T07:06:00
1931,U-1096,add_to_cart,2026-05-05T07:08:00
1932,U-1096,start_checkout,2026-05-05T07:10:00
1933,U-1097,view_item,2026-05-05T01:13:00
1934,U-1097,add_to_cart,2026-05-05T01:15:00
1935,U-1097,start_checkout,2026-05-05T01:17:00
1936,U-1097,purchase,2026-05-05T01:19:00
1937,U-1098,view_item,2026-05-05T07:20:00
1938,U-1099,view_item,2026-05-05T23:20:00
1939,U-1099,add_to_cart,2026-05-05T23:22:00
1940,U-1100,view_item,2026-05-05T04:01:00
1941,U-1101,view_item,2026-05-05T12:10:00
1942,U-1101,add_to_cart,2026-05-05T12:12:00
1943,U-1102,view_item,2026-05-05T14:20:00
1944,U-1102,add_to_cart,2026-05-05T14:22:00
1945,U-1102,start_checkout,2026-05-05T14:24:00
1946,U-1103,view_item,2026-05-05T23:15:00
1947,U-1104,view_item,2026-05-05T15:43:00
1948,U-1105,view_item,2026-05-05T00:49:00
1949,U-1106,view_item,2026-05-05T01:24:00
1950,U-1107,view_item,2026-05-05T09:01:00
1951,U-1107,add_to_cart,2026-05-05T09:03:00
1952,U-1107,start_checkout,2026-05-05T09:05:00
1953,U-1108,view_item,2026-05-05T08:38:00
1954,U-1108,add_to_cart,2026-05-05T08:40:00
1955,U-1108,start_checkout,2026-05-05T08:42:00
1956,U-1109,view_item,2026-05-05T21:28:00
1957,U-1109,add_to_cart,2026-05-05T21:30:00
1958,U-1110,view_item,2026-05-05T17:02:00
1959,U-1111,view_item,2026-05-05T13:51:00
1960,U-1111,add_to_cart,2026-05-05T13:53:00
1961,U-1111,start_checkout,2026-05-05T13:55:00
1962,U-1112,view_item,2026-05-05T20:21:00
1963,U-1112,add_to_cart,2026-05-05T20:23:00
1964,U-1112,start_checkout,2026-05-05T20:25:00
1965,U-1112,purchase,2026-05-05T20:27:00
1966,U-1113,view_item,2026-05-05T05:57:00
1967,U-1114,view_item,2026-05-05T18:43:00
1968,U-1115,view_item,2026-05-05T12:15:00
1969,U-1116,view_item,2026-05-05T23:00:00
1970,U-1117,view_item,2026-05-05T16:27:00
1971,U-1118,view_item,2026-05-05T09:33:00
1972,U-1119,view_item,2026-05-05T09:34:00
1973,U-1120,view_item,2026-05-05T23:20:00
1974,U-1120,add_to_cart,2026-05-05T23:22:00
1975,U-1121,view_item,2026-05-05T15:52:00
1976,U-1122,view_item,2026-05-05T22:43:00
1977,U-1123,view_item,2026-05-05T04:27:00
1978,U-1124,view_item,2026-05-05T13:28:00
1979,U-1124,add_to_cart,2026-05-05T13:30:00
1980,U-1125,view_item,2026-05-05T12:34:00
1981,U-1125,add_to_cart,2026-05-05T12:36:00
1982,U-1125,start_checkout,2026-05-05T12:38:00
1983,U-1125,purchase,2026-05-05T12:40:00
1984,U-1126,view_item,2026-05-05T01:19:00
1985,U-1126,add_to_cart,2026-05-05T01:21:00
1986,U-1127,view_item,2026-05-05T23:54:00
1987,U-1128,view_item,2026-05-05T13:25:00
1988,U-1128,add_to_cart,2026-05-05T13:27:00
1989,U-1128,start_checkout,2026-05-05T13:29:00
1990,U-1129,view_item,2026-05-05T00:29:00
1991,U-1130,view_item,2026-05-05T16:51:00
1992,U-1131,view_item,2026-05-05T09:42:00
1993,U-1132,view_item,2026-05-05T20:09:00
1994,U-1133,view_item,2026-05-05T13:21:00
1995,U-1134,view_item,2026-05-05T17:16:00
1996,U-1134,add_to_cart,2026-05-05T17:18:00
1997,U-1134,start_checkout,2026-05-05T17:20:00
1998,U-1134,purchase,2026-05-05T17:22:00
1999,U-1135,view_item,2026-05-05T12:18:00
2000,U-1136,view_item,2026-05-05T18:20:00
2001,U-1136,add_to_cart,2026-05-05T18:22:00
2002,U-1137,view_item,2026-05-05T15:43:00
2003,U-1137,add_to_cart,2026-05-05T15:45:00
2004,U-1138,view_item,2026-05-05T04:41:00
2005,U-1138,add_to_cart,2026-05-05T04:43:00
2006,U-1138,start_checkout,2026-05-05T04:45:00
2007,U-1138,purchase,2026-05-05T04:47:00
2008,U-1139,view_item,2026-05-05T17:15:00
2009,U-1140,view_item,2026-05-05T09:17:00
2010,U-1141,view_item,2026-05-05T20:45:00
2011,U-1142,view_item,2026-05-05T14:12:00
2012,U-1142,add_to_cart,2026-05-05T14:14:00
2013,U-1143,view_item,2026-05-05T19:14:00
2014,U-1143,add_to_cart,2026-05-05T19:16:00
2015,U-1144,view_item,2026-05-05T07:39:00
2016,U-1145,view_item,2026-05-05T01:04:00
2017,U-1145,add_to_cart,2026-05-05T01:06:00
2018,U-1146,view_item,2026-05-05T11:48:00
2019,U-1146,add_to_cart,2026-05-05T11:50:00
2020,U-1146,start_checkout,2026-05-05T11:52:00
2021,U-1147,view_item,2026-05-05T21:12:00
2022,U-1148,view_item,2026-05-05T10:59:00
2023,U-1148,add_to_cart,2026-05-05T11:01:00
2024,U-1149,view_item,2026-05-05T05:36:00
2025,U-1150,view_item,2026-05-05T23:28:00
2026,U-1151,view_item,2026-05-05T21:38:00
2027,U-1152,view_item,2026-05-05T09:26:00
2028,U-1153,view_item,2026-05-05T18:03:00
2029,U-1154,view_item,2026-05-05T16:52:00
2030,U-1155,view_item,2026-05-05T00:49:00
2031,U-1155,add_to_cart,2026-05-05T00:51:00
2032,U-1156,view_item,2026-05-05T13:51:00
2033,U-1157,view_item,2026-05-05T02:20:00
2034,U-1157,add_to_cart,2026-05-05T02:22:00
2035,U-1157,start_checkout,2026-05-05T02:24:00
2036,U-1158,view_item,2026-05-05T15:30:00
2037,U-1159,view_item,2026-05-05T08:57:00
2038,U-1159,add_to_cart,2026-05-05T08:59:00
2039,U-1159,start_checkout,2026-05-05T09:01:00
2040,U-1159,purchase,2026-05-05T09:03:00
2041,U-1160,view_item,2026-05-05T03:45:00
2042,U-1161,view_item,2026-05-05T00:41:00
2043,U-1162,view_item,2026-05-05T10:10:00
2044,U-1162,add_to_cart,2026-05-05T10:12:00
2045,U-1162,start_checkout,2026-05-05T10:14:00
2046,U-1163,view_item,2026-05-05T02:19:00
2047,U-1163,add_to_cart,2026-05-05T02:21:00
2048,U-1163,start_checkout,2026-05-05T02:23:00
2049,U-1164,view_item,2026-05-05T11:43:00
2050,U-1165,view_item,2026-05-05T14:28:00
2051,U-1166,view_item,2026-05-05T05:03:00
2052,U-1166,add_to_cart,2026-05-05T05:05:00
2053,U-1167,view_item,2026-05-05T18:34:00
2054,U-1168,view_item,2026-05-05T03:01:00
2055,U-1169,view_item,2026-05-05T05:05:00
2056,U-1170,view_item,2026-05-05T04:09:00
2057,U-1170,add_to_cart,2026-05-05T04:11:00
2058,U-1170,start_checkout,2026-05-05T04:13:00
2059,U-1170,purchase,2026-05-05T04:15:00
2060,U-1171,view_item,2026-05-05T02:31:00
2061,U-1172,view_item,2026-05-05T06:20:00
2062,U-1172,add_to_cart,2026-05-05T06:22:00
2063,U-1173,view_item,2026-05-05T10:40:00
2064,U-1174,view_item,2026-05-05T01:51:00
2065,U-1175,view_item,2026-05-05T05:24:00
2066,U-1175,add_to_cart,2026-05-05T05:26:00
2067,U-1175,start_checkout,2026-05-05T05:28:00
2068,U-1176,view_item,2026-05-05T22:21:00
2069,U-1177,view_item,2026-05-05T05:25:00
2070,U-1177,add_to_cart,2026-05-05T05:27:00
2071,U-1177,start_checkout,2026-05-05T05:29:00
2072,U-1178,view_item,2026-05-05T16:46:00
2073,U-1179,view_item,2026-05-05T08:41:00
2074,U-1179,add_to_cart,2026-05-05T08:43:00
2075,U-1179,start_checkout,2026-05-05T08:45:00
2076,U-1180,view_item,2026-05-05T14:27:00
2077,U-1181,view_item,2026-05-05T22:18:00
2078,U-1182,view_item,2026-05-06T05:24:00
2079,U-1182,add_to_cart,2026-05-06T05:26:00
2080,U-1182,start_checkout,2026-05-06T05:28:00
2081,U-1183,view_item,2026-05-06T13:58:00
2082,U-1183,add_to_cart,2026-05-06T14:00:00
2083,U-1184,view_item,2026-05-06T22:18:00
2084,U-1184,add_to_cart,2026-05-06T22:20:00
2085,U-1185,view_item,2026-05-06T17:03:00
2086,U-1185,add_to_cart,2026-05-06T17:05:00
2087,U-1185,start_checkout,2026-05-06T17:07:00
2088,U-1186,view_item,2026-05-06T05:06:00
2089,U-1187,view_item,2026-05-06T14:36:00
2090,U-1188,view_item,2026-05-06T22:11:00
2091,U-1189,view_item,2026-05-06T21:40:00
2092,U-1190,view_item,2026-05-06T19:23:00
2093,U-1190,add_to_cart,2026-05-06T19:25:00
2094,U-1191,view_item,2026-05-06T06:12:00
2095,U-1191,add_to_cart,2026-05-06T06:14:00
2096,U-1192,view_item,2026-05-06T07:33:00
2097,U-1192,add_to_cart,2026-05-06T07:35:00
2098,U-1192,start_checkout,2026-05-06T07:37:00
2099,U-1192,purchase,2026-05-06T07:39:00
2100,U-1193,view_item,2026-05-06T07:45:00
2101,U-1193,add_to_cart,2026-05-06T07:47:00
2102,U-1194,view_item,2026-05-06T15:22:00
2103,U-1194,add_to_cart,2026-05-06T15:24:00
2104,U-1194,start_checkout,2026-05-06T15:26:00
2105,U-1195,view_item,2026-05-06T14:00:00
2106,U-1195,add_to_cart,2026-05-06T14:02:00
2107,U-1195,start_checkout,2026-05-06T14:04:00
2108,U-1195,purchase,2026-05-06T14:06:00
2109,U-1196,view_item,2026-05-06T16:27:00
2110,U-1197,view_item,2026-05-06T13:46:00
2111,U-1198,view_item,2026-05-06T07:35:00
2112,U-1199,view_item,2026-05-06T23:22:00
2113,U-1199,add_to_cart,2026-05-06T23:24:00
2114,U-1199,start_checkout,2026-05-06T23:26:00
2115,U-1199,purchase,2026-05-06T23:28:00
2116,U-1200,view_item,2026-05-06T16:21:00
2117,U-1201,view_item,2026-05-06T09:23:00
2118,U-1201,add_to_cart,2026-05-06T09:25:00
2119,U-1201,start_checkout,2026-05-06T09:27:00
2120,U-1201,purchase,2026-05-06T09:29:00
2121,U-1202,view_item,2026-05-06T09:43:00
2122,U-1203,view_item,2026-05-06T16:07:00
2123,U-1204,view_item,2026-05-06T21:35:00
2124,U-1204,add_to_cart,2026-05-06T21:37:00
2125,U-1205,view_item,2026-05-06T04:51:00
2126,U-1206,view_item,2026-05-06T05:36:00
2127,U-1207,view_item,2026-05-06T14:12:00
2128,U-1207,add_to_cart,2026-05-06T14:14:00
2129,U-1208,view_item,2026-05-06T16:26:00
2130,U-1209,view_item,2026-05-06T15:00:00
2131,U-1210,view_item,2026-05-06T06:45:00
2132,U-1210,add_to_cart,2026-05-06T06:47:00
2133,U-1211,view_item,2026-05-06T09:24:00
2134,U-1212,view_item,2026-05-06T05:22:00
2135,U-1212,add_to_cart,2026-05-06T05:24:00
2136,U-1213,view_item,2026-05-06T00:48:00
2137,U-1213,add_to_cart,2026-05-06T00:50:00
2138,U-1213,start_checkout,2026-05-06T00:52:00
2139,U-1214,view_item,2026-05-06T09:59:00
2140,U-1215,view_item,2026-05-06T19:14:00
2141,U-1216,view_item,2026-05-06T01:05:00
2142,U-1217,view_item,2026-05-06T02:44:00
2143,U-1218,view_item,2026-05-06T03:35:00
2144,U-1219,view_item,2026-05-06T12:27:00
2145,U-1219,add_to_cart,2026-05-06T12:29:00
2146,U-1219,start_checkout,2026-05-06T12:31:00
2147,U-1219,purchase,2026-05-06T12:33:00
2148,U-1220,view_item,2026-05-06T07:49:00
2149,U-1221,view_item,2026-05-06T00:31:00
2150,U-1221,add_to_cart,2026-05-06T00:33:00
2151,U-1222,view_item,2026-05-06T21:45:00
2152,U-1222,add_to_cart,2026-05-06T21:47:00
2153,U-1222,start_checkout,2026-05-06T21:49:00
2154,U-1222,purchase,2026-05-06T21:51:00
2155,U-1223,view_item,2026-05-06T07:12:00
2156,U-1224,view_item,2026-05-06T06:55:00
2157,U-1225,view_item,2026-05-06T23:03:00
2158,U-1226,view_item,2026-05-06T18:07:00
2159,U-1227,view_item,2026-05-06T16:01:00
2160,U-1227,add_to_cart,2026-05-06T16:03:00
2161,U-1227,start_checkout,2026-05-06T16:05:00
2162,U-1228,view_item,2026-05-06T03:56:00
2163,U-1228,add_to_cart,2026-05-06T03:58:00
2164,U-1229,view_item,2026-05-06T13:46:00
2165,U-1229,add_to_cart,2026-05-06T13:48:00
2166,U-1230,view_item,2026-05-06T08:07:00
2167,U-1231,view_item,2026-05-06T07:52:00
2168,U-1231,add_to_cart,2026-05-06T07:54:00
2169,U-1231,start_checkout,2026-05-06T07:56:00
2170,U-1232,view_item,2026-05-06T03:45:00
2171,U-1233,view_item,2026-05-06T03:54:00
2172,U-1234,view_item,2026-05-06T03:35:00
2173,U-1234,add_to_cart,2026-05-06T03:37:00
2174,U-1235,view_item,2026-05-06T05:32:00
2175,U-1236,view_item,2026-05-06T21:58:00
2176,U-1236,add_to_cart,2026-05-06T22:00:00
2177,U-1237,view_item,2026-05-06T21:26:00
2178,U-1238,view_item,2026-05-06T13:44:00
2179,U-1238,add_to_cart,2026-05-06T13:46:00
2180,U-1238,start_checkout,2026-05-06T13:48:00
2181,U-1239,view_item,2026-05-06T16:02:00
2182,U-1240,view_item,2026-05-06T06:51:00
2183,U-1241,view_item,2026-05-06T08:44:00
2184,U-1241,add_to_cart,2026-05-06T08:46:00
2185,U-1241,start_checkout,2026-05-06T08:48:00
2186,U-1241,purchase,2026-05-06T08:50:00
2187,U-1242,view_item,2026-05-06T11:58:00
2188,U-1242,add_to_cart,2026-05-06T12:00:00
2189,U-1242,start_checkout,2026-05-06T12:02:00
2190,U-1242,purchase,2026-05-06T12:04:00
2191,U-1243,view_item,2026-05-06T09:23:00
2192,U-1244,view_item,2026-05-06T14:35:00
2193,U-1245,view_item,2026-05-06T20:00:00
2194,U-1245,add_to_cart,2026-05-06T20:02:00
2195,U-1246,view_item,2026-05-06T14:29:00
2196,U-1247,view_item,2026-05-06T05:59:00
2197,U-1248,view_item,2026-05-06T12:06:00
2198,U-1248,add_to_cart,2026-05-06T12:08:00
2199,U-1249,view_item,2026-05-06T08:48:00
2200,U-1250,view_item,2026-05-06T22:15:00
2201,U-1251,view_item,2026-05-06T15:58:00
2202,U-1252,view_item,2026-05-06T23:29:00
2203,U-1253,view_item,2026-05-06T04:40:00
2204,U-1253,add_to_cart,2026-05-06T04:42:00
2205,U-1253,start_checkout,2026-05-06T04:44:00
2206,U-1253,purchase,2026-05-06T04:46:00
2207,U-1254,view_item,2026-05-06T07:42:00
2208,U-1255,view_item,2026-05-06T23:23:00
2209,U-1255,add_to_cart,2026-05-06T23:25:00
2210,U-1255,start_checkout,2026-05-06T23:27:00
2211,U-1255,purchase,2026-05-06T23:29:00
2212,U-1256,view_item,2026-05-06T20:31:00
2213,U-1257,view_item,2026-05-06T17:56:00
2214,U-1257,add_to_cart,2026-05-06T17:58:00
2215,U-1257,start_checkout,2026-05-06T18:00:00
2216,U-1257,purchase,2026-05-06T18:02:00
2217,U-1258,view_item,2026-05-06T10:29:00
2218,U-1259,view_item,2026-05-06T09:26:00
2219,U-1259,add_to_cart,2026-05-06T09:28:00
2220,U-1259,start_checkout,2026-05-06T09:30:00
2221,U-1259,purchase,2026-05-06T09:32:00
2222,U-1260,view_item,2026-05-06T09:20:00
2223,U-1260,add_to_cart,2026-05-06T09:22:00
2224,U-1260,start_checkout,2026-05-06T09:24:00
2225,U-1261,view_item,2026-05-06T21:57:00
2226,U-1262,view_item,2026-05-06T02:37:00
2227,U-1262,add_to_cart,2026-05-06T02:39:00
2228,U-1263,view_item,2026-05-06T11:01:00
2229,U-1263,add_to_cart,2026-05-06T11:03:00
2230,U-1264,view_item,2026-05-06T01:05:00
2231,U-1264,add_to_cart,2026-05-06T01:07:00
2232,U-1264,start_checkout,2026-05-06T01:09:00
2233,U-1265,view_item,2026-05-06T06:39:00
2234,U-1265,add_to_cart,2026-05-06T06:41:00
2235,U-1265,start_checkout,2026-05-06T06:43:00
2236,U-1265,purchase,2026-05-06T06:45:00
2237,U-1266,view_item,2026-05-06T18:15:00
2238,U-1266,add_to_cart,2026-05-06T18:17:00
2239,U-1267,view_item,2026-05-06T18:03:00
2240,U-1268,view_item,2026-05-06T15:15:00
2241,U-1269,view_item,2026-05-06T08:53:00
2242,U-1270,view_item,2026-05-06T07:11:00
2243,U-1270,add_to_cart,2026-05-06T07:13:00
2244,U-1270,start_checkout,2026-05-06T07:15:00
2245,U-1270,purchase,2026-05-06T07:17:00
2246,U-1271,view_item,2026-05-06T07:35:00
2247,U-1272,view_item,2026-05-06T08:38:00
2248,U-1273,view_item,2026-05-06T22:02:00
2249,U-1273,add_to_cart,2026-05-06T22:04:00
2250,U-1273,start_checkout,2026-05-06T22:06:00
2251,U-1273,purchase,2026-05-06T22:08:00
2252,U-1274,view_item,2026-05-06T00:42:00
2253,U-1274,add_to_cart,2026-05-06T00:44:00
2254,U-1275,view_item,2026-05-06T13:03:00
2255,U-1276,view_item,2026-05-06T18:09:00
2256,U-1277,view_item,2026-05-06T05:08:00
2257,U-1278,view_item,2026-05-06T15:42:00
2258,U-1279,view_item,2026-05-06T19:13:00
2259,U-1279,add_to_cart,2026-05-06T19:15:00
2260,U-1280,view_item,2026-05-06T23:02:00
2261,U-1281,view_item,2026-05-06T01:55:00
2262,U-1281,add_to_cart,2026-05-06T01:57:00
2263,U-1282,view_item,2026-05-06T07:10:00
2264,U-1282,add_to_cart,2026-05-06T07:12:00
2265,U-1282,start_checkout,2026-05-06T07:14:00
2266,U-1283,view_item,2026-05-06T19:52:00
2267,U-1283,add_to_cart,2026-05-06T19:54:00
2268,U-1284,view_item,2026-05-06T08:01:00
2269,U-1284,add_to_cart,2026-05-06T08:03:00
2270,U-1285,view_item,2026-05-06T16:07:00
2271,U-1286,view_item,2026-05-06T07:19:00
2272,U-1286,add_to_cart,2026-05-06T07:21:00
2273,U-1286,start_checkout,2026-05-06T07:23:00
2274,U-1286,purchase,2026-05-06T07:25:00
2275,U-1287,view_item,2026-05-06T15:02:00
2276,U-1288,view_item,2026-05-06T09:49:00
2277,U-1289,view_item,2026-05-06T21:11:00
2278,U-1289,add_to_cart,2026-05-06T21:13:00
2279,U-1289,start_checkout,2026-05-06T21:15:00
2280,U-1290,view_item,2026-05-06T02:42:00
2281,U-1290,add_to_cart,2026-05-06T02:44:00
2282,U-1291,view_item,2026-05-06T16:11:00
2283,U-1291,add_to_cart,2026-05-06T16:13:00
2284,U-1291,start_checkout,2026-05-06T16:15:00
2285,U-1292,view_item,2026-05-06T11:57:00
2286,U-1292,add_to_cart,2026-05-06T11:59:00
2287,U-1293,view_item,2026-05-06T11:37:00
2288,U-1294,view_item,2026-05-06T20:46:00
2289,U-1295,view_item,2026-05-06T02:52:00
2290,U-1295,add_to_cart,2026-05-06T02:54:00
2291,U-1295,start_checkout,2026-05-06T02:56:00
2292,U-1295,purchase,2026-05-06T02:58:00
2293,U-1296,view_item,2026-05-06T09:58:00
2294,U-1296,add_to_cart,2026-05-06T10:00:00
2295,U-1296,start_checkout,2026-05-06T10:02:00
2296,U-1297,view_item,2026-05-06T13:10:00
2297,U-1298,view_item,2026-05-06T05:18:00
2298,U-1299,view_item,2026-05-06T17:21:00
2299,U-1299,add_to_cart,2026-05-06T17:23:00
2300,U-1299,start_checkout,2026-05-06T17:25:00
2301,U-1299,purchase,2026-05-06T17:27:00
2302,U-1300,view_item,2026-05-06T03:02:00
2303,U-1300,add_to_cart,2026-05-06T03:04:00
2304,U-1300,start_checkout,2026-05-06T03:06:00
2305,U-1300,purchase,2026-05-06T03:08:00
2306,U-1301,view_item,2026-05-06T13:35:00
2307,U-1301,add_to_cart,2026-05-06T13:37:00
2308,U-1302,view_item,2026-05-06T07:28:00
2309,U-1303,view_item,2026-05-06T13:59:00
2310,U-1304,view_item,2026-05-06T01:55:00
2311,U-1305,view_item,2026-05-06T16:03:00
2312,U-1306,view_item,2026-05-06T01:43:00
2313,U-1306,add_to_cart,2026-05-06T01:45:00
2314,U-1306,start_checkout,2026-05-06T01:47:00
2315,U-1306,purchase,2026-05-06T01:49:00
2316,U-1307,view_item,2026-05-06T16:50:00
2317,U-1308,view_item,2026-05-06T20:55:00
2318,U-1309,view_item,2026-05-06T23:35:00
2319,U-1310,view_item,2026-05-06T14:47:00
2320,U-1311,view_item,2026-05-06T04:04:00
2321,U-1312,view_item,2026-05-06T16:29:00
2322,U-1313,view_item,2026-05-06T22:22:00
2323,U-1313,add_to_cart,2026-05-06T22:24:00
2324,U-1314,view_item,2026-05-06T20:44:00
2325,U-1315,view_item,2026-05-06T21:07:00
2326,U-1316,view_item,2026-05-06T03:23:00
2327,U-1317,view_item,2026-05-06T12:00:00
2328,U-1317,add_to_cart,2026-05-06T12:02:00
2329,U-1317,start_checkout,2026-05-06T12:04:00
2330,U-1318,view_item,2026-05-06T15:43:00
2331,U-1319,view_item,2026-05-06T22:38:00
2332,U-1319,add_to_cart,2026-05-06T22:40:00
2333,U-1319,start_checkout,2026-05-06T22:42:00
2334,U-1319,purchase,2026-05-06T22:44:00
2335,U-1320,view_item,2026-05-06T00:22:00
2336,U-1321,view_item,2026-05-06T20:13:00
2337,U-1322,view_item,2026-05-06T03:32:00
2338,U-1323,view_item,2026-05-06T08:13:00
2339,U-1324,view_item,2026-05-06T13:27:00
2340,U-1325,view_item,2026-05-06T05:36:00
2341,U-1326,view_item,2026-05-06T04:13:00
2342,U-1326,add_to_cart,2026-05-06T04:15:00
2343,U-1327,view_item,2026-05-06T00:11:00
2344,U-1328,view_item,2026-05-06T20:32:00
2345,U-1329,view_item,2026-05-06T18:18:00
2346,U-1330,view_item,2026-05-06T09:34:00
2347,U-1331,view_item,2026-05-06T19:10:00
2348,U-1331,add_to_cart,2026-05-06T19:12:00
2349,U-1332,view_item,2026-05-06T16:17:00
2350,U-1332,add_to_cart,2026-05-06T16:19:00
2351,U-1332,start_checkout,2026-05-06T16:21:00
2352,U-1333,view_item,2026-05-06T07:23:00
2353,U-1333,add_to_cart,2026-05-06T07:25:00
2354,U-1333,start_checkout,2026-05-06T07:27:00
2355,U-1334,view_item,2026-05-06T07:06:00
2356,U-1335,view_item,2026-05-06T02:38:00
2357,U-1336,view_item,2026-05-06T14:14:00
2358,U-1336,add_to_cart,2026-05-06T14:16:00
2359,U-1337,view_item,2026-05-06T02:10:00
2360,U-1337,add_to_cart,2026-05-06T02:12:00
2361,U-1337,start_checkout,2026-05-06T02:14:00
2362,U-1338,view_item,2026-05-06T07:09:00
2363,U-1339,view_item,2026-05-06T21:25:00
2364,U-1340,view_item,2026-05-06T00:49:00
2365,U-1341,view_item,2026-05-06T22:03:00
2366,U-1342,view_item,2026-05-06T08:30:00
2367,U-1343,view_item,2026-05-06T20:14:00
2368,U-1344,view_item,2026-05-06T00:31:00
2369,U-1345,view_item,2026-05-06T09:21:00
2370,U-1346,view_item,2026-05-06T18:10:00
2371,U-1347,view_item,2026-05-06T08:39:00
2372,U-1348,view_item,2026-05-06T19:26:00
2373,U-1348,add_to_cart,2026-05-06T19:28:00
2374,U-1348,start_checkout,2026-05-06T19:30:00
2375,U-1348,purchase,2026-05-06T19:32:00
2376,U-1349,view_item,2026-05-06T09:59:00
2377,U-1350,view_item,2026-05-06T10:56:00
2378,U-1350,add_to_cart,2026-05-06T10:58:00
2379,U-1351,view_item,2026-05-07T02:30:00
2380,U-1351,add_to_cart,2026-05-07T02:32:00
2381,U-1352,view_item,2026-05-07T00:27:00
2382,U-1353,view_item,2026-05-07T09:02:00
2383,U-1354,view_item,2026-05-07T18:34:00
2384,U-1355,view_item,2026-05-07T18:28:00
2385,U-1356,view_item,2026-05-07T01:31:00
2386,U-1357,view_item,2026-05-07T08:10:00
2387,U-1358,view_item,2026-05-07T04:58:00
2388,U-1358,add_to_cart,2026-05-07T05:00:00
2389,U-1359,view_item,2026-05-07T21:32:00
2390,U-1360,view_item,2026-05-07T14:31:00
2391,U-1360,add_to_cart,2026-05-07T14:33:00
2392,U-1361,view_item,2026-05-07T01:11:00
2393,U-1361,add_to_cart,2026-05-07T01:13:00
2394,U-1361,start_checkout,2026-05-07T01:15:00
2395,U-1362,view_item,2026-05-07T13:21:00
2396,U-1362,add_to_cart,2026-05-07T13:23:00
2397,U-1363,view_item,2026-05-07T09:38:00
2398,U-1363,add_to_cart,2026-05-07T09:40:00
2399,U-1364,view_item,2026-05-07T16:20:00
2400,U-1364,add_to_cart,2026-05-07T16:22:00
2401,U-1365,view_item,2026-05-07T12:21:00
2402,U-1365,add_to_cart,2026-05-07T12:23:00
2403,U-1365,start_checkout,2026-05-07T12:25:00
2404,U-1365,purchase,2026-05-07T12:27:00
2405,U-1366,view_item,2026-05-07T20:38:00
2406,U-1367,view_item,2026-05-07T13:44:00
2407,U-1368,view_item,2026-05-07T09:27:00
2408,U-1369,view_item,2026-05-07T05:32:00
2409,U-1370,view_item,2026-05-07T03:54:00
2410,U-1370,add_to_cart,2026-05-07T03:56:00
2411,U-1371,view_item,2026-05-07T05:50:00
2412,U-1372,view_item,2026-05-07T08:46:00
2413,U-1372,add_to_cart,2026-05-07T08:48:00
2414,U-1372,start_checkout,2026-05-07T08:50:00
2415,U-1373,view_item,2026-05-07T00:53:00
2416,U-1374,view_item,2026-05-07T19:42:00
2417,U-1375,view_item,2026-05-07T17:30:00
2418,U-1376,view_item,2026-05-07T06:21:00
2419,U-1376,add_to_cart,2026-05-07T06:23:00
2420,U-1376,start_checkout,2026-05-07T06:25:00
2421,U-1377,view_item,2026-05-07T00:27:00
2422,U-1377,add_to_cart,2026-05-07T00:29:00
2423,U-1377,start_checkout,2026-05-07T00:31:00
2424,U-1378,view_item,2026-05-07T17:44:00
2425,U-1378,add_to_cart,2026-05-07T17:46:00
2426,U-1378,start_checkout,2026-05-07T17:48:00
2427,U-1378,purchase,2026-05-07T17:50:00
2428,U-1379,view_item,2026-05-07T13:43:00
2429,U-1379,add_to_cart,2026-05-07T13:45:00
2430,U-1380,view_item,2026-05-07T00:10:00
2431,U-1380,add_to_cart,2026-05-07T00:12:00
2432,U-1380,start_checkout,2026-05-07T00:14:00
2433,U-1381,view_item,2026-05-07T21:45:00
2434,U-1382,view_item,2026-05-07T13:13:00
2435,U-1383,view_item,2026-05-07T08:03:00
2436,U-1384,view_item,2026-05-07T14:36:00
2437,U-1385,view_item,2026-05-07T13:42:00
2438,U-1386,view_item,2026-05-07T17:02:00
2439,U-1386,add_to_cart,2026-05-07T17:04:00
2440,U-1387,view_item,2026-05-07T20:57:00
2441,U-1387,add_to_cart,2026-05-07T20:59:00
2442,U-1388,view_item,2026-05-07T17:41:00
2443,U-1388,add_to_cart,2026-05-07T17:43:00
2444,U-1388,start_checkout,2026-05-07T17:45:00
2445,U-1389,view_item,2026-05-07T04:09:00
2446,U-1389,add_to_cart,2026-05-07T04:11:00
2447,U-1389,start_checkout,2026-05-07T04:13:00
2448,U-1390,view_item,2026-05-07T05:55:00
2449,U-1391,view_item,2026-05-07T19:52:00
2450,U-1392,view_item,2026-05-07T16:39:00
2451,U-1393,view_item,2026-05-07T17:17:00
2452,U-1394,view_item,2026-05-07T22:38:00
2453,U-1394,add_to_cart,2026-05-07T22:40:00
2454,U-1395,view_item,2026-05-07T04:55:00
2455,U-1395,add_to_cart,2026-05-07T04:57:00
2456,U-1395,start_checkout,2026-05-07T04:59:00
2457,U-1396,view_item,2026-05-07T12:35:00
2458,U-1396,add_to_cart,2026-05-07T12:37:00
2459,U-1397,view_item,2026-05-07T02:37:00
2460,U-1398,view_item,2026-05-07T08:40:00
2461,U-1398,add_to_cart,2026-05-07T08:42:00
2462,U-1399,view_item,2026-05-07T14:02:00
2463,U-1399,add_to_cart,2026-05-07T14:04:00
2464,U-1399,start_checkout,2026-05-07T14:06:00
2465,U-1399,purchase,2026-05-07T14:08:00
2466,U-1400,view_item,2026-05-07T08:41:00
2467,U-1401,view_item,2026-05-07T00:33:00
2468,U-1401,add_to_cart,2026-05-07T00:35:00
2469,U-1402,view_item,2026-05-07T12:35:00
2470,U-1403,view_item,2026-05-07T05:18:00
2471,U-1404,view_item,2026-05-07T01:50:00
2472,U-1405,view_item,2026-05-07T19:56:00
2473,U-1406,view_item,2026-05-07T15:35:00
2474,U-1406,add_to_cart,2026-05-07T15:37:00
2475,U-1406,start_checkout,2026-05-07T15:39:00
2476,U-1406,purchase,2026-05-07T15:41:00
2477,U-1407,view_item,2026-05-07T04:49:00
2478,U-1408,view_item,2026-05-07T07:10:00
2479,U-1409,view_item,2026-05-07T15:28:00
2480,U-1409,add_to_cart,2026-05-07T15:30:00
2481,U-1410,view_item,2026-05-07T10:03:00
2482,U-1410,add_to_cart,2026-05-07T10:05:00
2483,U-1410,start_checkout,2026-05-07T10:07:00
2484,U-1410,purchase,2026-05-07T10:09:00
2485,U-1411,view_item,2026-05-07T04:28:00
2486,U-1412,view_item,2026-05-07T17:30:00
2487,U-1412,add_to_cart,2026-05-07T17:32:00
2488,U-1412,start_checkout,2026-05-07T17:34:00
2489,U-1413,view_item,2026-05-07T18:14:00
2490,U-1414,view_item,2026-05-07T13:42:00
2491,U-1414,add_to_cart,2026-05-07T13:44:00
2492,U-1415,view_item,2026-05-07T02:03:00
2493,U-1416,view_item,2026-05-07T22:27:00
2494,U-1416,add_to_cart,2026-05-07T22:29:00
2495,U-1417,view_item,2026-05-07T16:29:00
2496,U-1417,add_to_cart,2026-05-07T16:31:00
2497,U-1417,start_checkout,2026-05-07T16:33:00
2498,U-1418,view_item,2026-05-07T08:14:00
2499,U-1418,add_to_cart,2026-05-07T08:16:00
2500,U-1419,view_item,2026-05-07T05:38:00
2501,U-1420,view_item,2026-05-07T12:12:00
2502,U-1420,add_to_cart,2026-05-07T12:14:00
2503,U-1421,view_item,2026-05-07T11:04:00
2504,U-1422,view_item,2026-05-07T02:35:00
2505,U-1422,add_to_cart,2026-05-07T02:37:00
2506,U-1422,start_checkout,2026-05-07T02:39:00
2507,U-1422,purchase,2026-05-07T02:41:00
2508,U-1423,view_item,2026-05-07T04:20:00
2509,U-1423,add_to_cart,2026-05-07T04:22:00
2510,U-1424,view_item,2026-05-07T00:20:00
2511,U-1424,add_to_cart,2026-05-07T00:22:00
2512,U-1424,start_checkout,2026-05-07T00:24:00
2513,U-1424,purchase,2026-05-07T00:26:00
2514,U-1425,view_item,2026-05-07T23:15:00
2515,U-1426,view_item,2026-05-07T09:06:00
2516,U-1426,add_to_cart,2026-05-07T09:08:00
2517,U-1426,start_checkout,2026-05-07T09:10:00
2518,U-1427,view_item,2026-05-07T07:12:00
2519,U-1428,view_item,2026-05-07T07:44:00
2520,U-1429,view_item,2026-05-07T09:55:00
2521,U-1429,add_to_cart,2026-05-07T09:57:00
2522,U-1429,start_checkout,2026-05-07T09:59:00
2523,U-1429,purchase,2026-05-07T10:01:00
2524,U-1430,view_item,2026-05-07T02:52:00
2525,U-1431,view_item,2026-05-07T00:54:00
2526,U-1432,view_item,2026-05-07T13:31:00
2527,U-1432,add_to_cart,2026-05-07T13:33:00
2528,U-1432,start_checkout,2026-05-07T13:35:00
2529,U-1433,view_item,2026-05-07T08:14:00
2530,U-1433,add_to_cart,2026-05-07T08:16:00
2531,U-1434,view_item,2026-05-07T22:10:00
2532,U-1435,view_item,2026-05-07T11:51:00
2533,U-1436,view_item,2026-05-07T16:31:00
2534,U-1437,view_item,2026-05-07T02:01:00
2535,U-1437,add_to_cart,2026-05-07T02:03:00
2536,U-1438,view_item,2026-05-07T01:36:00
2537,U-1438,add_to_cart,2026-05-07T01:38:00
2538,U-1438,start_checkout,2026-05-07T01:40:00
2539,U-1439,view_item,2026-05-07T00:51:00
2540,U-1440,view_item,2026-05-07T18:39:00
2541,U-1441,view_item,2026-05-07T16:04:00
2542,U-1441,add_to_cart,2026-05-07T16:06:00
2543,U-1442,view_item,2026-05-07T16:38:00
2544,U-1443,view_item,2026-05-07T07:24:00
2545,U-1443,add_to_cart,2026-05-07T07:26:00
2546,U-1443,start_checkout,2026-05-07T07:28:00
2547,U-1444,view_item,2026-05-07T20:46:00
2548,U-1444,add_to_cart,2026-05-07T20:48:00
2549,U-1444,start_checkout,2026-05-07T20:50:00
2550,U-1445,view_item,2026-05-07T18:48:00
2551,U-1445,add_to_cart,2026-05-07T18:50:00
2552,U-1445,start_checkout,2026-05-07T18:52:00
2553,U-1445,purchase,2026-05-07T18:54:00
2554,U-1446,view_item,2026-05-07T12:08:00
2555,U-1447,view_item,2026-05-07T13:59:00
2556,U-1447,add_to_cart,2026-05-07T14:01:00
2557,U-1447,start_checkout,2026-05-07T14:03:00
2558,U-1447,purchase,2026-05-07T14:05:00
2559,U-1448,view_item,2026-05-07T11:45:00
2560,U-1448,add_to_cart,2026-05-07T11:47:00
2561,U-1448,start_checkout,2026-05-07T11:49:00
2562,U-1448,purchase,2026-05-07T11:51:00
2563,U-1449,view_item,2026-05-07T11:56:00
2564,U-1449,add_to_cart,2026-05-07T11:58:00
2565,U-1449,start_checkout,2026-05-07T12:00:00
2566,U-1449,purchase,2026-05-07T12:02:00
2567,U-1450,view_item,2026-05-07T05:02:00
2568,U-1450,add_to_cart,2026-05-07T05:04:00
2569,U-1450,start_checkout,2026-05-07T05:06:00
2570,U-1450,purchase,2026-05-07T05:08:00
2571,U-1451,view_item,2026-05-07T04:12:00
2572,U-1452,view_item,2026-05-07T08:24:00
2573,U-1452,add_to_cart,2026-05-07T08:26:00
2574,U-1453,view_item,2026-05-07T02:10:00
2575,U-1453,add_to_cart,2026-05-07T02:12:00
2576,U-1453,start_checkout,2026-05-07T02:14:00
2577,U-1453,purchase,2026-05-07T02:16:00
2578,U-1454,view_item,2026-05-07T17:10:00
2579,U-1454,add_to_cart,2026-05-07T17:12:00
2580,U-1454,start_checkout,2026-05-07T17:14:00
2581,U-1454,purchase,2026-05-07T17:16:00
2582,U-1455,view_item,2026-05-07T11:03:00
2583,U-1456,view_item,2026-05-07T19:15:00
2584,U-1457,view_item,2026-05-07T07:02:00
2585,U-1458,view_item,2026-05-07T18:01:00
2586,U-1459,view_item,2026-05-07T20:58:00
2587,U-1459,add_to_cart,2026-05-07T21:00:00
2588,U-1459,start_checkout,2026-05-07T21:02:00
2589,U-1459,purchase,2026-05-07T21:04:00
2590,U-1460,view_item,2026-05-07T23:45:00
2591,U-1460,add_to_cart,2026-05-07T23:47:00
2592,U-1460,start_checkout,2026-05-07T23:49:00
2593,U-1460,purchase,2026-05-07T23:51:00
2594,U-1461,view_item,2026-05-07T17:51:00
2595,U-1462,view_item,2026-05-07T11:31:00
2596,U-1462,add_to_cart,2026-05-07T11:33:00
2597,U-1462,start_checkout,2026-05-07T11:35:00
2598,U-1462,purchase,2026-05-07T11:37:00
2599,U-1463,view_item,2026-05-07T00:54:00
2600,U-1464,view_item,2026-05-07T18:50:00
2601,U-1464,add_to_cart,2026-05-07T18:52:00
2602,U-1465,view_item,2026-05-07T16:01:00
2603,U-1466,view_item,2026-05-07T04:05:00
2604,U-1467,view_item,2026-05-07T17:33:00
2605,U-1468,view_item,2026-05-07T09:38:00
2606,U-1469,view_item,2026-05-07T00:04:00
2607,U-1470,view_item,2026-05-07T18:41:00
2608,U-1471,view_item,2026-05-07T10:55:00
2609,U-1472,view_item,2026-05-07T09:56:00
2610,U-1473,view_item,2026-05-07T07:50:00
2611,U-1473,add_to_cart,2026-05-07T07:52:00
2612,U-1473,start_checkout,2026-05-07T07:54:00
2613,U-1473,purchase,2026-05-07T07:56:00
2614,U-1474,view_item,2026-05-07T03:17:00
2615,U-1474,add_to_cart,2026-05-07T03:19:00
2616,U-1474,start_checkout,2026-05-07T03:21:00
2617,U-1474,purchase,2026-05-07T03:23:00
2618,U-1475,view_item,2026-05-07T00:19:00
2619,U-1475,add_to_cart,2026-05-07T00:21:00
2620,U-1476,view_item,2026-05-07T02:26:00
2621,U-1476,add_to_cart,2026-05-07T02:28:00
2622,U-1476,start_checkout,2026-05-07T02:30:00
2623,U-1477,view_item,2026-05-07T22:03:00
2624,U-1478,view_item,2026-05-07T23:37:00
2625,U-1478,add_to_cart,2026-05-07T23:39:00
2626,U-1478,start_checkout,2026-05-07T23:41:00
2627,U-1479,view_item,2026-05-07T13:20:00
2628,U-1480,view_item,2026-05-07T16:18:00
2629,U-1481,view_item,2026-05-07T01:35:00
2630,U-1482,view_item,2026-05-07T04:18:00
2631,U-1483,view_item,2026-05-07T07:14:00
2632,U-1483,add_to_cart,2026-05-07T07:16:00
2633,U-1484,view_item,2026-05-07T20:47:00
2634,U-1484,add_to_cart,2026-05-07T20:49:00
2635,U-1485,view_item,2026-05-07T03:12:00
2636,U-1486,view_item,2026-05-07T06:03:00
2637,U-1486,add_to_cart,2026-05-07T06:05:00
2638,U-1487,view_item,2026-05-07T01:58:00
2639,U-1487,add_to_cart,2026-05-07T02:00:00
2640,U-1488,view_item,2026-05-07T15:49:00
2641,U-1489,view_item,2026-05-07T05:36:00
2642,U-1489,add_to_cart,2026-05-07T05:38:00
2643,U-1490,view_item,2026-05-07T20:31:00
2644,U-1491,view_item,2026-05-07T09:02:00
2645,U-1492,view_item,2026-05-07T14:13:00
2646,U-1493,view_item,2026-05-07T07:55:00
2647,U-1493,add_to_cart,2026-05-07T07:57:00
2648,U-1493,start_checkout,2026-05-07T07:59:00
2649,U-1493,purchase,2026-05-07T08:01:00
2650,U-1494,view_item,2026-05-07T03:15:00
2651,U-1494,add_to_cart,2026-05-07T03:17:00
2652,U-1494,start_checkout,2026-05-07T03:19:00
2653,U-1495,view_item,2026-05-07T04:50:00
2654,U-1495,add_to_cart,2026-05-07T04:52:00
2655,U-1496,view_item,2026-05-07T13:11:00
2656,U-1497,view_item,2026-05-07T22:15:00
2657,U-1498,view_item,2026-05-07T21:07:00
2658,U-1499,view_item,2026-05-07T08:18:00
2659,U-1500,view_item,2026-05-07T14:04:00
2660,U-1501,view_item,2026-05-07T08:28:00
2661,U-1502,view_item,2026-05-07T07:31:00
2662,U-1503,view_item,2026-05-07T05:08:00
2663,U-1504,view_item,2026-05-07T18:37:00
2664,U-1504,add_to_cart,2026-05-07T18:39:00
2665,U-1504,start_checkout,2026-05-07T18:41:00
2666,U-1505,view_item,2026-05-07T18:04:00
2667,U-1506,view_item,2026-05-07T17:42:00
2668,U-1507,view_item,2026-05-07T01:08:00
2669,U-1508,view_item,2026-05-07T17:18:00
2670,U-1508,add_to_cart,2026-05-07T17:20:00
2671,U-1509,view_item,2026-05-07T00:23:00
2672,U-1510,view_item,2026-05-07T01:32:00
2673,U-1510,add_to_cart,2026-05-07T01:34:00
2674,U-1511,view_item,2026-05-07T20:22:00
2675,U-1511,add_to_cart,2026-05-07T20:24:00
2676,U-1512,view_item,2026-05-07T09:21:00
2677,U-1513,view_item,2026-05-07T22:30:00
2678,U-1514,view_item,2026-05-07T04:10:00
2679,U-1514,add_to_cart,2026-05-07T04:12:00
2680,U-1514,start_checkout,2026-05-07T04:14:00
2681,U-1514,purchase,2026-05-07T04:16:00
2682,U-1515,view_item,2026-05-07T21:31:00
2683,U-1516,view_item,2026-05-07T14:22:00
2684,U-1517,view_item,2026-05-07T16:24:00
2685,U-1518,view_item,2026-05-07T19:25:00
2686,U-1519,view_item,2026-05-07T04:12:00
2687,U-1519,add_to_cart,2026-05-07T04:14:00
2688,U-1519,start_checkout,2026-05-07T04:16:00
2689,U-1519,purchase,2026-05-07T04:18:00
2690,U-1520,view_item,2026-05-07T23:26:00
2691,U-1521,view_item,2026-05-07T09:21:00
2692,U-1521,add_to_cart,2026-05-07T09:23:00
2693,U-1522,view_item,2026-05-07T13:07:00
2694,U-1523,view_item,2026-05-07T23:08:00
2695,U-1523,add_to_cart,2026-05-07T23:10:00
2696,U-1523,start_checkout,2026-05-07T23:12:00
2697,U-1523,purchase,2026-05-07T23:14:00
2698,U-1524,view_item,2026-05-07T06:04:00
2699,U-1525,view_item,2026-05-07T09:37:00
2700,U-1525,add_to_cart,2026-05-07T09:39:00
2701,U-1525,start_checkout,2026-05-07T09:41:00
2702,U-1525,purchase,2026-05-07T09:43:00
2703,U-1526,view_item,2026-05-07T14:18:00
2704,U-1526,add_to_cart,2026-05-07T14:20:00
2705,U-1526,start_checkout,2026-05-07T14:22:00
2706,U-1527,view_item,2026-05-07T18:20:00
2707,U-1528,view_item,2026-05-07T13:11:00
2708,U-1528,add_to_cart,2026-05-07T13:13:00
2709,U-1529,view_item,2026-05-07T09:17:00
2710,U-1529,add_to_cart,2026-05-07T09:19:00
2711,U-1530,view_item,2026-05-07T00:32:00
2712,U-1531,view_item,2026-05-07T14:28:00
2713,U-1532,view_item,2026-05-07T04:07:00
2714,U-1533,view_item,2026-05-07T06:39:00
2715,U-1534,view_item,2026-05-07T22:29:00
2716,U-1534,add_to_cart,2026-05-07T22:31:00
2717,U-1534,start_checkout,2026-05-07T22:33:00
2718,U-1534,purchase,2026-05-07T22:35:00
2719,U-1535,view_item,2026-05-07T16:58:00
2720,U-1536,view_item,2026-05-07T01:08:00
2721,U-1537,view_item,2026-05-07T12:47:00
2722,U-1538,view_item,2026-05-07T00:51:00
2723,U-1539,view_item,2026-05-07T16:53:00
2724,U-1539,add_to_cart,2026-05-07T16:55:00
2725,U-1539,start_checkout,2026-05-07T16:57:00
2726,U-1539,purchase,2026-05-07T16:59:00
2727,U-1540,view_item,2026-05-07T18:02:00
2728,U-1540,add_to_cart,2026-05-07T18:04:00
2729,U-1540,start_checkout,2026-05-07T18:06:00
2730,U-1540,purchase,2026-05-07T18:08:00
2731,U-1541,view_item,2026-05-07T20:54:00
2732,U-1541,add_to_cart,2026-05-07T20:56:00
2733,U-1542,view_item,2026-05-07T04:12:00
2734,U-1543,view_item,2026-05-07T16:43:00
2735,U-1544,view_item,2026-05-07T08:16:00
2736,U-1544,add_to_cart,2026-05-07T08:18:00
2737,U-1544,start_checkout,2026-05-07T08:20:00
2738,U-1545,view_item,2026-05-07T20:50:00
2739,U-1545,add_to_cart,2026-05-07T20:52:00
2740,U-1545,start_checkout,2026-05-07T20:54:00
2741,U-1545,purchase,2026-05-07T20:56:00
2742,U-1546,view_item,2026-05-07T10:37:00
2743,U-1547,view_item,2026-05-07T17:56:00
2744,U-1548,view_item,2026-05-07T09:44:00
2745,U-1548,add_to_cart,2026-05-07T09:46:00
2746,U-1548,start_checkout,2026-05-07T09:48:00
2747,U-1548,purchase,2026-05-07T09:50:00
2748,U-1549,view_item,2026-05-07T04:43:00
2749,U-1550,view_item,2026-05-07T20:49:00
2750,U-1550,add_to_cart,2026-05-07T20:51:00
2751,U-1551,view_item,2026-05-07T06:37:00
2752,U-1551,add_to_cart,2026-05-07T06:39:00
2753,U-1551,start_checkout,2026-05-07T06:41:00
2754,U-1551,purchase,2026-05-07T06:43:00
2755,U-1552,view_item,2026-05-07T00:10:00
2756,U-1553,view_item,2026-05-07T17:21:00
2757,U-1553,add_to_cart,2026-05-07T17:23:00
2758,U-1553,start_checkout,2026-05-07T17:25:00
2759,U-1554,view_item,2026-05-07T23:06:00
2760,U-1554,add_to_cart,2026-05-07T23:08:00
2761,U-1554,start_checkout,2026-05-07T23:10:00
2762,U-1555,view_item,2026-05-07T15:02:00
2763,U-1556,view_item,2026-05-07T19:25:00
2764,U-1556,add_to_cart,2026-05-07T19:27:00
2765,U-1556,start_checkout,2026-05-07T19:29:00
2766,U-1556,purchase,2026-05-07T19:31:00
2767,U-1557,view_item,2026-05-07T07:13:00
2768,U-1557,add_to_cart,2026-05-07T07:15:00
2769,U-1557,start_checkout,2026-05-07T07:17:00
2770,U-1557,purchase,2026-05-07T07:19:00
2771,U-1558,view_item,2026-05-07T22:24:00
2772,U-1559,view_item,2026-05-07T20:58:00
2773,U-1560,view_item,2026-05-07T18:51:00
2774,U-1560,add_to_cart,2026-05-07T18:53:00
2775,U-1561,view_item,2026-05-07T09:16:00
2776,U-1561,add_to_cart,2026-05-07T09:18:00
2777,U-1561,start_checkout,2026-05-07T09:20:00
2778,U-1561,purchase,2026-05-07T09:22:00
2779,U-1562,view_item,2026-05-07T10:46:00
2780,U-1562,add_to_cart,2026-05-07T10:48:00
2781,U-1563,view_item,2026-05-07T16:17:00
2782,U-1563,add_to_cart,2026-05-07T16:19:00
2783,U-1564,view_item,2026-05-07T11:23:00
2784,U-1565,view_item,2026-05-07T13:35:00
2785,U-1566,view_item,2026-05-07T00:03:00
2786,U-1566,add_to_cart,2026-05-07T00:05:00
2787,U-1566,start_checkout,2026-05-07T00:07:00
2788,U-1567,view_item,2026-05-07T11:34:00
2789,U-1567,add_to_cart,2026-05-07T11:36:00
2790,U-1567,start_checkout,2026-05-07T11:38:00
2791,U-1567,purchase,2026-05-07T11:40:00
2792,U-1568,view_item,2026-05-08T10:00:00
2793,U-1569,view_item,2026-05-08T07:39:00
2794,U-1570,view_item,2026-05-08T11:24:00
2795,U-1570,add_to_cart,2026-05-08T11:26:00
2796,U-1571,view_item,2026-05-08T20:46:00
2797,U-1571,add_to_cart,2026-05-08T20:48:00
2798,U-1571,start_checkout,2026-05-08T20:50:00
2799,U-1571,purchase,2026-05-08T20:52:00
2800,U-1572,view_item,2026-05-08T01:59:00
2801,U-1573,view_item,2026-05-08T00:45:00
2802,U-1574,view_item,2026-05-08T07:01:00
2803,U-1575,view_item,2026-05-08T15:00:00
2804,U-1576,view_item,2026-05-08T07:47:00
2805,U-1577,view_item,2026-05-08T15:19:00
2806,U-1578,view_item,2026-05-08T23:25:00
2807,U-1578,add_to_cart,2026-05-08T23:27:00
2808,U-1579,view_item,2026-05-08T17:57:00
2809,U-1579,add_to_cart,2026-05-08T17:59:00
2810,U-1579,start_checkout,2026-05-08T18:01:00
2811,U-1580,view_item,2026-05-08T21:56:00
2812,U-1580,add_to_cart,2026-05-08T21:58:00
2813,U-1580,start_checkout,2026-05-08T22:00:00
2814,U-1580,purchase,2026-05-08T22:02:00
2815,U-1581,view_item,2026-05-08T04:19:00
2816,U-1582,view_item,2026-05-08T02:54:00
2817,U-1583,view_item,2026-05-08T20:04:00
2818,U-1584,view_item,2026-05-08T18:57:00
2819,U-1585,view_item,2026-05-08T15:24:00
2820,U-1585,add_to_cart,2026-05-08T15:26:00
2821,U-1585,start_checkout,2026-05-08T15:28:00
2822,U-1585,purchase,2026-05-08T15:30:00
2823,U-1586,view_item,2026-05-08T15:52:00
2824,U-1587,view_item,2026-05-08T00:12:00
2825,U-1587,add_to_cart,2026-05-08T00:14:00
2826,U-1587,start_checkout,2026-05-08T00:16:00
2827,U-1588,view_item,2026-05-08T15:45:00
2828,U-1589,view_item,2026-05-08T00:46:00
2829,U-1590,view_item,2026-05-08T01:47:00
2830,U-1590,add_to_cart,2026-05-08T01:49:00
2831,U-1591,view_item,2026-05-08T21:21:00
2832,U-1592,view_item,2026-05-08T05:19:00
2833,U-1592,add_to_cart,2026-05-08T05:21:00
2834,U-1593,view_item,2026-05-08T15:36:00
2835,U-1594,view_item,2026-05-08T12:26:00
2836,U-1595,view_item,2026-05-08T07:16:00
2837,U-1596,view_item,2026-05-08T10:24:00
2838,U-1597,view_item,2026-05-08T11:39:00
2839,U-1598,view_item,2026-05-08T05:07:00
2840,U-1599,view_item,2026-05-08T18:15:00
2841,U-1599,add_to_cart,2026-05-08T18:17:00
2842,U-1599,start_checkout,2026-05-08T18:19:00
2843,U-1599,purchase,2026-05-08T18:21:00
2844,U-1600,view_item,2026-05-08T12:28:00
2845,U-1600,add_to_cart,2026-05-08T12:30:00
2846,U-1601,view_item,2026-05-08T22:01:00
2847,U-1602,view_item,2026-05-08T02:12:00
2848,U-1603,view_item,2026-05-08T06:55:00
2849,U-1604,view_item,2026-05-08T21:00:00
2850,U-1604,add_to_cart,2026-05-08T21:02:00
2851,U-1604,start_checkout,2026-05-08T21:04:00
2852,U-1604,purchase,2026-05-08T21:06:00
2853,U-1605,view_item,2026-05-08T08:39:00
2854,U-1605,add_to_cart,2026-05-08T08:41:00
2855,U-1606,view_item,2026-05-08T00:21:00
2856,U-1606,add_to_cart,2026-05-08T00:23:00
2857,U-1606,start_checkout,2026-05-08T00:25:00
2858,U-1606,purchase,2026-05-08T00:27:00
2859,U-1607,view_item,2026-05-08T07:22:00
2860,U-1608,view_item,2026-05-08T15:52:00
2861,U-1608,add_to_cart,2026-05-08T15:54:00
2862,U-1609,view_item,2026-05-08T09:25:00
2863,U-1610,view_item,2026-05-08T12:21:00
2864,U-1611,view_item,2026-05-08T18:52:00
2865,U-1612,view_item,2026-05-08T12:31:00
2866,U-1613,view_item,2026-05-08T15:16:00
2867,U-1613,add_to_cart,2026-05-08T15:18:00
2868,U-1614,view_item,2026-05-08T22:06:00
2869,U-1615,view_item,2026-05-08T20:34:00
2870,U-1616,view_item,2026-05-08T04:20:00
2871,U-1616,add_to_cart,2026-05-08T04:22:00
2872,U-1617,view_item,2026-05-08T18:54:00
2873,U-1617,add_to_cart,2026-05-08T18:56:00
2874,U-1618,view_item,2026-05-08T17:08:00
2875,U-1618,add_to_cart,2026-05-08T17:10:00
2876,U-1618,start_checkout,2026-05-08T17:12:00
2877,U-1618,purchase,2026-05-08T17:14:00
2878,U-1619,view_item,2026-05-08T16:12:00
2879,U-1620,view_item,2026-05-08T03:06:00
2880,U-1621,view_item,2026-05-08T16:14:00
2881,U-1621,add_to_cart,2026-05-08T16:16:00
2882,U-1622,view_item,2026-05-08T10:23:00
2883,U-1622,add_to_cart,2026-05-08T10:25:00
2884,U-1622,start_checkout,2026-05-08T10:27:00
2885,U-1622,purchase,2026-05-08T10:29:00
2886,U-1623,view_item,2026-05-08T16:30:00
2887,U-1623,add_to_cart,2026-05-08T16:32:00
2888,U-1623,start_checkout,2026-05-08T16:34:00
2889,U-1623,purchase,2026-05-08T16:36:00
2890,U-1624,view_item,2026-05-08T21:11:00
2891,U-1624,add_to_cart,2026-05-08T21:13:00
2892,U-1624,start_checkout,2026-05-08T21:15:00
2893,U-1625,view_item,2026-05-08T00:35:00
2894,U-1626,view_item,2026-05-08T17:44:00
2895,U-1627,view_item,2026-05-08T10:11:00
2896,U-1628,view_item,2026-05-08T09:12:00
2897,U-1628,add_to_cart,2026-05-08T09:14:00
2898,U-1628,start_checkout,2026-05-08T09:16:00
2899,U-1628,purchase,2026-05-08T09:18:00
2900,U-1629,view_item,2026-05-08T03:09:00
2901,U-1630,view_item,2026-05-08T02:48:00
2902,U-1631,view_item,2026-05-08T09:18:00
2903,U-1632,view_item,2026-05-08T09:03:00
2904,U-1633,view_item,2026-05-08T07:32:00
2905,U-1634,view_item,2026-05-08T06:06:00
2906,U-1635,view_item,2026-05-08T17:11:00
2907,U-1636,view_item,2026-05-08T08:10:00
2908,U-1637,view_item,2026-05-08T04:50:00
2909,U-1638,view_item,2026-05-08T21:49:00
2910,U-1639,view_item,2026-05-08T09:09:00
2911,U-1639,add_to_cart,2026-05-08T09:11:00
2912,U-1639,start_checkout,2026-05-08T09:13:00
2913,U-1639,purchase,2026-05-08T09:15:00
2914,U-1640,view_item,2026-05-08T01:32:00
2915,U-1641,view_item,2026-05-08T10:24:00
2916,U-1641,add_to_cart,2026-05-08T10:26:00
2917,U-1642,view_item,2026-05-08T23:53:00
2918,U-1643,view_item,2026-05-08T14:50:00
2919,U-1644,view_item,2026-05-08T05:50:00
2920,U-1645,view_item,2026-05-08T23:02:00
2921,U-1645,add_to_cart,2026-05-08T23:04:00
2922,U-1646,view_item,2026-05-08T11:21:00
2923,U-1646,add_to_cart,2026-05-08T11:23:00
2924,U-1647,view_item,2026-05-08T23:00:00
2925,U-1647,add_to_cart,2026-05-08T23:02:00
2926,U-1648,view_item,2026-05-08T00:50:00
2927,U-1649,view_item,2026-05-08T02:14:00
2928,U-1649,add_to_cart,2026-05-08T02:16:00
2929,U-1650,view_item,2026-05-08T00:49:00
2930,U-1651,view_item,2026-05-08T00:37:00
2931,U-1652,view_item,2026-05-08T19:26:00
2932,U-1652,add_to_cart,2026-05-08T19:28:00
2933,U-1652,start_checkout,2026-05-08T19:30:00
2934,U-1652,purchase,2026-05-08T19:32:00
2935,U-1653,view_item,2026-05-08T15:00:00
2936,U-1654,view_item,2026-05-08T16:51:00
2937,U-1655,view_item,2026-05-08T05:28:00
2938,U-1655,add_to_cart,2026-05-08T05:30:00
2939,U-1656,view_item,2026-05-08T11:06:00
2940,U-1657,view_item,2026-05-08T05:43:00
2941,U-1657,add_to_cart,2026-05-08T05:45:00
2942,U-1657,start_checkout,2026-05-08T05:47:00
2943,U-1657,purchase,2026-05-08T05:49:00
2944,U-1658,view_item,2026-05-08T09:10:00
2945,U-1659,view_item,2026-05-08T08:24:00
2946,U-1660,view_item,2026-05-08T17:31:00
2947,U-1661,view_item,2026-05-08T11:16:00
2948,U-1662,view_item,2026-05-08T03:52:00
2949,U-1662,add_to_cart,2026-05-08T03:54:00
2950,U-1662,start_checkout,2026-05-08T03:56:00
2951,U-1662,purchase,2026-05-08T03:58:00
2952,U-1663,view_item,2026-05-08T02:34:00
2953,U-1664,view_item,2026-05-08T00:12:00
2954,U-1665,view_item,2026-05-08T16:17:00
2955,U-1666,view_item,2026-05-08T05:07:00
2956,U-1667,view_item,2026-05-08T09:32:00
2957,U-1667,add_to_cart,2026-05-08T09:34:00
2958,U-1667,start_checkout,2026-05-08T09:36:00
2959,U-1667,purchase,2026-05-08T09:38:00
2960,U-1668,view_item,2026-05-08T06:41:00
2961,U-1669,view_item,2026-05-08T04:06:00
2962,U-1669,add_to_cart,2026-05-08T04:08:00
2963,U-1669,start_checkout,2026-05-08T04:10:00
2964,U-1670,view_item,2026-05-08T23:06:00
2965,U-1671,view_item,2026-05-08T23:56:00
2966,U-1672,view_item,2026-05-08T13:50:00
2967,U-1672,add_to_cart,2026-05-08T13:52:00
2968,U-1672,start_checkout,2026-05-08T13:54:00
2969,U-1672,purchase,2026-05-08T13:56:00
2970,U-1673,view_item,2026-05-08T18:33:00
2971,U-1673,add_to_cart,2026-05-08T18:35:00
2972,U-1674,view_item,2026-05-08T05:27:00
2973,U-1675,view_item,2026-05-08T18:05:00
2974,U-1676,view_item,2026-05-08T18:39:00
2975,U-1677,view_item,2026-05-08T14:35:00
2976,U-1678,view_item,2026-05-08T14:43:00
2977,U-1678,add_to_cart,2026-05-08T14:45:00
2978,U-1678,start_checkout,2026-05-08T14:47:00
2979,U-1678,purchase,2026-05-08T14:49:00
2980,U-1679,view_item,2026-05-08T11:08:00
2981,U-1680,view_item,2026-05-08T05:14:00
2982,U-1681,view_item,2026-05-08T03:30:00
2983,U-1681,add_to_cart,2026-05-08T03:32:00
2984,U-1681,start_checkout,2026-05-08T03:34:00
2985,U-1681,purchase,2026-05-08T03:36:00
2986,U-1682,view_item,2026-05-08T11:15:00
2987,U-1683,view_item,2026-05-08T03:54:00
2988,U-1684,view_item,2026-05-08T07:22:00
2989,U-1684,add_to_cart,2026-05-08T07:24:00
2990,U-1685,view_item,2026-05-08T08:27:00
2991,U-1686,view_item,2026-05-08T22:18:00
2992,U-1686,add_to_cart,2026-05-08T22:20:00
2993,U-1687,view_item,2026-05-08T09:59:00
2994,U-1688,view_item,2026-05-08T18:35:00
2995,U-1688,add_to_cart,2026-05-08T18:37:00
2996,U-1688,start_checkout,2026-05-08T18:39:00
2997,U-1688,purchase,2026-05-08T18:41:00
2998,U-1689,view_item,2026-05-08T09:08:00
2999,U-1690,view_item,2026-05-08T21:25:00
3000,U-1691,view_item,2026-05-08T23:33:00
3001,U-1692,view_item,2026-05-08T17:21:00
3002,U-1693,view_item,2026-05-08T03:53:00
3003,U-1693,add_to_cart,2026-05-08T03:55:00
3004,U-1693,start_checkout,2026-05-08T03:57:00
3005,U-1694,view_item,2026-05-08T09:07:00
3006,U-1695,view_item,2026-05-08T01:10:00
3007,U-1696,view_item,2026-05-08T00:20:00
3008,U-1697,view_item,2026-05-08T18:36:00
3009,U-1697,add_to_cart,2026-05-08T18:38:00
3010,U-1697,start_checkout,2026-05-08T18:40:00
3011,U-1698,view_item,2026-05-08T19:09:00
3012,U-1699,view_item,2026-05-08T14:19:00
3013,U-1699,add_to_cart,2026-05-08T14:21:00
3014,U-1699,start_checkout,2026-05-08T14:23:00
3015,U-1699,purchase,2026-05-08T14:25:00
3016,U-1700,view_item,2026-05-08T05:16:00
3017,U-1701,view_item,2026-05-08T16:23:00
3018,U-1702,view_item,2026-05-08T00:09:00
3019,U-1703,view_item,2026-05-08T07:05:00
3020,U-1703,add_to_cart,2026-05-08T07:07:00
3021,U-1703,start_checkout,2026-05-08T07:09:00
3022,U-1703,purchase,2026-05-08T07:11:00
3023,U-1704,view_item,2026-05-08T04:31:00
3024,U-1705,view_item,2026-05-08T14:15:00
3025,U-1705,add_to_cart,2026-05-08T14:17:00
3026,U-1706,view_item,2026-05-08T04:05:00
3027,U-1706,add_to_cart,2026-05-08T04:07:00
3028,U-1706,start_checkout,2026-05-08T04:09:00
3029,U-1707,view_item,2026-05-08T19:53:00
3030,U-1708,view_item,2026-05-08T07:42:00
3031,U-1708,add_to_cart,2026-05-08T07:44:00
3032,U-1708,start_checkout,2026-05-08T07:46:00
3033,U-1709,view_item,2026-05-08T19:48:00
3034,U-1709,add_to_cart,2026-05-08T19:50:00
3035,U-1709,start_checkout,2026-05-08T19:52:00
3036,U-1710,view_item,2026-05-08T10:27:00
3037,U-1711,view_item,2026-05-08T02:42:00
3038,U-1712,view_item,2026-05-08T09:24:00
3039,U-1713,view_item,2026-05-08T03:37:00
3040,U-1714,view_item,2026-05-08T17:37:00
3041,U-1715,view_item,2026-05-08T20:28:00
3042,U-1716,view_item,2026-05-08T06:00:00
3043,U-1717,view_item,2026-05-08T01:32:00
3044,U-1718,view_item,2026-05-08T02:27:00
3045,U-1719,view_item,2026-05-08T14:54:00
3046,U-1719,add_to_cart,2026-05-08T14:56:00
3047,U-1720,view_item,2026-05-08T04:18:00
3048,U-1720,add_to_cart,2026-05-08T04:20:00
3049,U-1721,view_item,2026-05-08T01:06:00
3050,U-1722,view_item,2026-05-08T05:29:00
3051,U-1723,view_item,2026-05-08T23:48:00
3052,U-1723,add_to_cart,2026-05-08T23:50:00
3053,U-1723,start_checkout,2026-05-08T23:52:00
3054,U-1723,purchase,2026-05-08T23:54:00
3055,U-1724,view_item,2026-05-08T14:31:00
3056,U-1725,view_item,2026-05-08T20:56:00
3057,U-1725,add_to_cart,2026-05-08T20:58:00
3058,U-1725,start_checkout,2026-05-08T21:00:00
3059,U-1725,purchase,2026-05-08T21:02:00
3060,U-1726,view_item,2026-05-08T02:31:00
3061,U-1727,view_item,2026-05-08T20:47:00
3062,U-1727,add_to_cart,2026-05-08T20:49:00
3063,U-1727,start_checkout,2026-05-08T20:51:00
3064,U-1727,purchase,2026-05-08T20:53:00
3065,U-1728,view_item,2026-05-08T18:22:00
3066,U-1729,view_item,2026-05-08T02:25:00
3067,U-1730,view_item,2026-05-08T12:12:00
3068,U-1731,view_item,2026-05-08T02:16:00
3069,U-1731,add_to_cart,2026-05-08T02:18:00
3070,U-1731,start_checkout,2026-05-08T02:20:00
3071,U-1731,purchase,2026-05-08T02:22:00
3072,U-1732,view_item,2026-05-08T10:19:00
3073,U-1733,view_item,2026-05-08T00:19:00
3074,U-1734,view_item,2026-05-08T13:29:00
3075,U-1734,add_to_cart,2026-05-08T13:31:00
3076,U-1735,view_item,2026-05-08T22:16:00
3077,U-1735,add_to_cart,2026-05-08T22:18:00
3078,U-1736,view_item,2026-05-08T02:31:00
3079,U-1737,view_item,2026-05-08T06:05:00
3080,U-1737,add_to_cart,2026-05-08T06:07:00
3081,U-1738,view_item,2026-05-08T10:05:00
3082,U-1738,add_to_cart,2026-05-08T10:07:00
3083,U-1739,view_item,2026-05-08T21:17:00
3084,U-1739,add_to_cart,2026-05-08T21:19:00
3085,U-1740,view_item,2026-05-08T03:26:00
3086,U-1740,add_to_cart,2026-05-08T03:28:00
3087,U-1741,view_item,2026-05-08T06:46:00
3088,U-1742,view_item,2026-05-08T17:55:00
3089,U-1743,view_item,2026-05-08T12:43:00
3090,U-1743,add_to_cart,2026-05-08T12:45:00
3091,U-1743,start_checkout,2026-05-08T12:47:00
3092,U-1743,purchase,2026-05-08T12:49:00
3093,U-1744,view_item,2026-05-08T01:08:00
3094,U-1744,add_to_cart,2026-05-08T01:10:00
3095,U-1744,start_checkout,2026-05-08T01:12:00
3096,U-1745,view_item,2026-05-08T14:58:00
3097,U-1746,view_item,2026-05-08T03:53:00
3098,U-1747,view_item,2026-05-08T19:52:00
3099,U-1748,view_item,2026-05-08T00:01:00
3100,U-1748,add_to_cart,2026-05-08T00:03:00
3101,U-1748,start_checkout,2026-05-08T00:05:00
3102,U-1748,purchase,2026-05-08T00:07:00
3103,U-1749,view_item,2026-05-08T13:53:00
3104,U-1750,view_item,2026-05-08T08:27:00
3105,U-1751,view_item,2026-05-08T04:48:00
3106,U-1752,view_item,2026-05-08T00:00:00
3107,U-1753,view_item,2026-05-08T09:35:00
3108,U-1754,view_item,2026-05-08T17:37:00
3109,U-1755,view_item,2026-05-08T00:32:00
3110,U-1756,view_item,2026-05-08T16:36:00
3111,U-1757,view_item,2026-05-08T08:19:00
3112,U-1758,view_item,2026-05-08T04:03:00
3113,U-1759,view_item,2026-05-08T07:27:00
3114,U-1760,view_item,2026-05-08T13:40:00
3115,U-1760,add_to_cart,2026-05-08T13:42:00
3116,U-1760,start_checkout,2026-05-08T13:44:00
3117,U-1760,purchase,2026-05-08T13:46:00
3118,U-1761,view_item,2026-05-08T14:32:00
3119,U-1762,view_item,2026-05-08T13:33:00
3120,U-1763,view_item,2026-05-08T12:18:00
3121,U-1763,add_to_cart,2026-05-08T12:20:00
3122,U-1764,view_item,2026-05-08T09:47:00
3123,U-1765,view_item,2026-05-08T19:35:00
3124,U-1766,view_item,2026-05-08T04:56:00
3125,U-1766,add_to_cart,2026-05-08T04:58:00
3126,U-1767,view_item,2026-05-08T21:19:00
3127,U-1768,view_item,2026-05-08T12:58:00
3128,U-1768,add_to_cart,2026-05-08T13:00:00
3129,U-1769,view_item,2026-05-08T13:46:00
3130,U-1769,add_to_cart,2026-05-08T13:48:00
3131,U-1769,start_checkout,2026-05-08T13:50:00
3132,U-1769,purchase,2026-05-08T13:52:00
3133,U-1770,view_item,2026-05-08T20:27:00
3134,U-1770,add_to_cart,2026-05-08T20:29:00
3135,U-1770,start_checkout,2026-05-08T20:31:00
3136,U-1771,view_item,2026-05-08T11:08:00
3137,U-1772,view_item,2026-05-08T17:57:00
3138,U-1773,view_item,2026-05-08T12:21:00
3139,U-1774,view_item,2026-05-08T05:51:00
3140,U-1774,add_to_cart,2026-05-08T05:53:00
3141,U-1775,view_item,2026-05-08T05:45:00
3142,U-1776,view_item,2026-05-08T06:02:00
3143,U-1776,add_to_cart,2026-05-08T06:04:00
3144,U-1777,view_item,2026-05-08T13:16:00
3145,U-1778,view_item,2026-05-08T08:17:00
3146,U-1779,view_item,2026-05-08T13:33:00
3147,U-1780,view_item,2026-05-08T22:56:00
3148,U-1781,view_item,2026-05-08T16:01:00
3149,U-1782,view_item,2026-05-08T10:17:00
3150,U-1783,view_item,2026-05-08T12:36:00
3151,U-1784,view_item,2026-05-08T07:16:00
3152,U-1785,view_item,2026-05-08T14:39:00
3153,U-1785,add_to_cart,2026-05-08T14:41:00
3154,U-1786,view_item,2026-05-08T21:28:00
3155,U-1786,add_to_cart,2026-05-08T21:30:00
3156,U-1786,start_checkout,2026-05-08T21:32:00
3157,U-1786,purchase,2026-05-08T21:34:00
3158,U-1787,view_item,2026-05-08T15:30:00
3159,U-1788,view_item,2026-05-08T11:53:00
3160,U-1789,view_item,2026-05-08T20:38:00
3161,U-1789,add_to_cart,2026-05-08T20:40:00
3162,U-1790,view_item,2026-05-08T15:19:00
3163,U-1791,view_item,2026-05-08T12:39:00
3164,U-1791,add_to_cart,2026-05-08T12:41:00
3165,U-1791,start_checkout,2026-05-08T12:43:00
3166,U-1791,purchase,2026-05-08T12:45:00
3167,U-1792,view_item,2026-05-08T09:43:00
3168,U-1793,view_item,2026-05-08T04:52:00
3169,U-1794,view_item,2026-05-08T13:08:00
3170,U-1795,view_item,2026-05-08T03:18:00
3171,U-1796,view_item,2026-05-08T08:47:00
3172,U-1797,view_item,2026-05-08T20:00:00
3173,U-1797,add_to_cart,2026-05-08T20:02:00
3174,U-1798,view_item,2026-05-08T15:32:00
3175,U-1799,view_item,2026-05-08T10:54:00
3176,U-1800,view_item,2026-05-08T21:40:00
3177,U-1801,view_item,2026-05-09T06:33:00
3178,U-1801,add_to_cart,2026-05-09T06:35:00
3179,U-1802,view_item,2026-05-09T12:25:00
3180,U-1803,view_item,2026-05-09T12:34:00
3181,U-1803,add_to_cart,2026-05-09T12:36:00
3182,U-1804,view_item,2026-05-09T16:55:00
3183,U-1804,add_to_cart,2026-05-09T16:57:00
3184,U-1804,start_checkout,2026-05-09T16:59:00
3185,U-1804,purchase,2026-05-09T17:01:00
3186,U-1805,view_item,2026-05-09T06:07:00
3187,U-1805,add_to_cart,2026-05-09T06:09:00
3188,U-1806,view_item,2026-05-09T05:56:00
3189,U-1806,add_to_cart,2026-05-09T05:58:00
3190,U-1807,view_item,2026-05-09T11:09:00
3191,U-1808,view_item,2026-05-09T16:01:00
3192,U-1808,add_to_cart,2026-05-09T16:03:00
3193,U-1808,start_checkout,2026-05-09T16:05:00
3194,U-1808,purchase,2026-05-09T16:07:00
3195,U-1809,view_item,2026-05-09T18:32:00
3196,U-1810,view_item,2026-05-09T14:04:00
3197,U-1811,view_item,2026-05-09T08:16:00
3198,U-1811,add_to_cart,2026-05-09T08:18:00
3199,U-1811,start_checkout,2026-05-09T08:20:00
3200,U-1812,view_item,2026-05-09T00:36:00
3201,U-1812,add_to_cart,2026-05-09T00:38:00
3202,U-1812,start_checkout,2026-05-09T00:40:00
3203,U-1813,view_item,2026-05-09T22:15:00
3204,U-1813,add_to_cart,2026-05-09T22:17:00
3205,U-1814,view_item,2026-05-09T13:20:00
3206,U-1814,add_to_cart,2026-05-09T13:22:00
3207,U-1814,start_checkout,2026-05-09T13:24:00
3208,U-1814,purchase,2026-05-09T13:26:00
3209,U-1815,view_item,2026-05-09T21:58:00
3210,U-1816,view_item,2026-05-09T08:45:00
3211,U-1817,view_item,2026-05-09T21:20:00
3212,U-1817,add_to_cart,2026-05-09T21:22:00
3213,U-1818,view_item,2026-05-09T18:06:00
3214,U-1819,view_item,2026-05-09T13:10:00
3215,U-1820,view_item,2026-05-09T08:35:00
3216,U-1821,view_item,2026-05-09T14:27:00
3217,U-1821,add_to_cart,2026-05-09T14:29:00
3218,U-1822,view_item,2026-05-09T17:57:00
3219,U-1823,view_item,2026-05-09T03:12:00
3220,U-1824,view_item,2026-05-09T22:57:00
3221,U-1824,add_to_cart,2026-05-09T22:59:00
3222,U-1825,view_item,2026-05-09T03:38:00
3223,U-1826,view_item,2026-05-09T21:14:00
3224,U-1826,add_to_cart,2026-05-09T21:16:00
3225,U-1826,start_checkout,2026-05-09T21:18:00
3226,U-1826,purchase,2026-05-09T21:20:00
3227,U-1827,view_item,2026-05-09T14:39:00
3228,U-1828,view_item,2026-05-09T02:35:00
3229,U-1828,add_to_cart,2026-05-09T02:37:00
3230,U-1829,view_item,2026-05-09T17:27:00
3231,U-1830,view_item,2026-05-09T15:16:00
3232,U-1830,add_to_cart,2026-05-09T15:18:00
3233,U-1831,view_item,2026-05-09T20:40:00
3234,U-1832,view_item,2026-05-09T15:00:00
3235,U-1832,add_to_cart,2026-05-09T15:02:00
3236,U-1833,view_item,2026-05-09T02:05:00
3237,U-1834,view_item,2026-05-09T01:45:00
3238,U-1835,view_item,2026-05-09T03:12:00
3239,U-1836,view_item,2026-05-09T06:00:00
3240,U-1836,add_to_cart,2026-05-09T06:02:00
3241,U-1837,view_item,2026-05-09T19:47:00
3242,U-1837,add_to_cart,2026-05-09T19:49:00
3243,U-1837,start_checkout,2026-05-09T19:51:00
3244,U-1837,purchase,2026-05-09T19:53:00
3245,U-1838,view_item,2026-05-09T21:13:00
3246,U-1839,view_item,2026-05-09T20:15:00
3247,U-1839,add_to_cart,2026-05-09T20:17:00
3248,U-1839,start_checkout,2026-05-09T20:19:00
3249,U-1839,purchase,2026-05-09T20:21:00
3250,U-1840,view_item,2026-05-09T15:03:00
3251,U-1841,view_item,2026-05-09T02:29:00
3252,U-1841,add_to_cart,2026-05-09T02:31:00
3253,U-1842,view_item,2026-05-09T12:12:00
3254,U-1842,add_to_cart,2026-05-09T12:14:00
3255,U-1842,start_checkout,2026-05-09T12:16:00
3256,U-1843,view_item,2026-05-09T11:56:00
3257,U-1844,view_item,2026-05-09T23:05:00
3258,U-1845,view_item,2026-05-09T20:00:00
3259,U-1846,view_item,2026-05-09T08:30:00
3260,U-1846,add_to_cart,2026-05-09T08:32:00
3261,U-1847,view_item,2026-05-09T05:03:00
3262,U-1848,view_item,2026-05-09T02:07:00
3263,U-1849,view_item,2026-05-09T06:39:00
3264,U-1850,view_item,2026-05-09T10:36:00
3265,U-1851,view_item,2026-05-09T00:55:00
3266,U-1852,view_item,2026-05-09T06:36:00
3267,U-1853,view_item,2026-05-09T10:27:00
3268,U-1853,add_to_cart,2026-05-09T10:29:00
3269,U-1854,view_item,2026-05-09T12:36:00
3270,U-1854,add_to_cart,2026-05-09T12:38:00
3271,U-1855,view_item,2026-05-09T00:42:00
3272,U-1855,add_to_cart,2026-05-09T00:44:00
3273,U-1855,start_checkout,2026-05-09T00:46:00
3274,U-1855,purchase,2026-05-09T00:48:00
3275,U-1856,view_item,2026-05-09T02:28:00
3276,U-1857,view_item,2026-05-09T04:05:00
3277,U-1858,view_item,2026-05-09T12:31:00
3278,U-1859,view_item,2026-05-09T05:06:00
3279,U-1859,add_to_cart,2026-05-09T05:08:00
3280,U-1860,view_item,2026-05-09T03:21:00
3281,U-1861,view_item,2026-05-09T23:52:00
3282,U-1861,add_to_cart,2026-05-09T23:54:00
3283,U-1862,view_item,2026-05-09T13:21:00
3284,U-1862,add_to_cart,2026-05-09T13:23:00
3285,U-1863,view_item,2026-05-09T15:54:00
3286,U-1864,view_item,2026-05-09T02:53:00
3287,U-1864,add_to_cart,2026-05-09T02:55:00
3288,U-1865,view_item,2026-05-09T17:52:00
3289,U-1866,view_item,2026-05-09T01:15:00
3290,U-1866,add_to_cart,2026-05-09T01:17:00
3291,U-1867,view_item,2026-05-09T10:54:00
3292,U-1867,add_to_cart,2026-05-09T10:56:00
3293,U-1868,view_item,2026-05-09T02:52:00
3294,U-1868,add_to_cart,2026-05-09T02:54:00
3295,U-1868,start_checkout,2026-05-09T02:56:00
3296,U-1869,view_item,2026-05-09T23:45:00
3297,U-1870,view_item,2026-05-09T19:25:00
3298,U-1870,add_to_cart,2026-05-09T19:27:00
3299,U-1870,start_checkout,2026-05-09T19:29:00
3300,U-1871,view_item,2026-05-09T23:57:00
3301,U-1872,view_item,2026-05-09T03:17:00
3302,U-1872,add_to_cart,2026-05-09T03:19:00
3303,U-1873,view_item,2026-05-09T07:05:00
3304,U-1874,view_item,2026-05-09T15:17:00
3305,U-1875,view_item,2026-05-09T05:30:00
3306,U-1875,add_to_cart,2026-05-09T05:32:00
3307,U-1876,view_item,2026-05-09T04:21:00
3308,U-1877,view_item,2026-05-09T04:19:00
3309,U-1877,add_to_cart,2026-05-09T04:21:00
3310,U-1878,view_item,2026-05-09T12:42:00
3311,U-1878,add_to_cart,2026-05-09T12:44:00
3312,U-1878,start_checkout,2026-05-09T12:46:00
3313,U-1879,view_item,2026-05-09T10:35:00
3314,U-1880,view_item,2026-05-09T12:09:00
3315,U-1881,view_item,2026-05-09T04:49:00
3316,U-1882,view_item,2026-05-09T08:47:00
3317,U-1883,view_item,2026-05-09T21:06:00
3318,U-1883,add_to_cart,2026-05-09T21:08:00
3319,U-1883,start_checkout,2026-05-09T21:10:00
3320,U-1883,purchase,2026-05-09T21:12:00
3321,U-1884,view_item,2026-05-09T15:11:00
3322,U-1884,add_to_cart,2026-05-09T15:13:00
3323,U-1884,start_checkout,2026-05-09T15:15:00
3324,U-1884,purchase,2026-05-09T15:17:00
3325,U-1885,view_item,2026-05-09T22:07:00
3326,U-1885,add_to_cart,2026-05-09T22:09:00
3327,U-1886,view_item,2026-05-09T17:23:00
3328,U-1887,view_item,2026-05-09T21:19:00
3329,U-1888,view_item,2026-05-09T17:50:00
3330,U-1889,view_item,2026-05-09T22:33:00
3331,U-1889,add_to_cart,2026-05-09T22:35:00
3332,U-1890,view_item,2026-05-09T05:23:00
3333,U-1891,view_item,2026-05-09T23:33:00
3334,U-1892,view_item,2026-05-09T18:56:00
3335,U-1892,add_to_cart,2026-05-09T18:58:00
3336,U-1892,start_checkout,2026-05-09T19:00:00
3337,U-1893,view_item,2026-05-09T07:34:00
3338,U-1894,view_item,2026-05-09T00:35:00
3339,U-1895,view_item,2026-05-09T15:13:00
3340,U-1895,add_to_cart,2026-05-09T15:15:00
3341,U-1896,view_item,2026-05-09T14:39:00
3342,U-1896,add_to_cart,2026-05-09T14:41:00
3343,U-1897,view_item,2026-05-09T23:50:00
3344,U-1898,view_item,2026-05-09T02:25:00
3345,U-1899,view_item,2026-05-09T12:12:00
3346,U-1900,view_item,2026-05-09T10:17:00
3347,U-1900,add_to_cart,2026-05-09T10:19:00
3348,U-1900,start_checkout,2026-05-09T10:21:00
3349,U-1901,view_item,2026-05-09T21:20:00
3350,U-1901,add_to_cart,2026-05-09T21:22:00
3351,U-1902,view_item,2026-05-09T19:13:00
3352,U-1903,view_item,2026-05-09T10:31:00
3353,U-1904,view_item,2026-05-09T19:40:00
3354,U-1904,add_to_cart,2026-05-09T19:42:00
3355,U-1905,view_item,2026-05-09T12:58:00
3356,U-1905,add_to_cart,2026-05-09T13:00:00
3357,U-1906,view_item,2026-05-09T09:30:00
3358,U-1906,add_to_cart,2026-05-09T09:32:00
3359,U-1907,view_item,2026-05-09T12:41:00
3360,U-1908,view_item,2026-05-09T01:49:00
3361,U-1909,view_item,2026-05-09T22:50:00
3362,U-1910,view_item,2026-05-09T23:53:00
3363,U-1911,view_item,2026-05-09T13:07:00
3364,U-1912,view_item,2026-05-09T06:41:00
3365,U-1913,view_item,2026-05-09T13:18:00
3366,U-1913,add_to_cart,2026-05-09T13:20:00
3367,U-1913,start_checkout,2026-05-09T13:22:00
3368,U-1913,purchase,2026-05-09T13:24:00
3369,U-1914,view_item,2026-05-09T12:49:00
3370,U-1915,view_item,2026-05-09T11:02:00
3371,U-1915,add_to_cart,2026-05-09T11:04:00
3372,U-1916,view_item,2026-05-09T09:41:00
3373,U-1916,add_to_cart,2026-05-09T09:43:00
3374,U-1917,view_item,2026-05-09T21:41:00
3375,U-1917,add_to_cart,2026-05-09T21:43:00
3376,U-1917,start_checkout,2026-05-09T21:45:00
3377,U-1918,view_item,2026-05-09T06:57:00
3378,U-1919,view_item,2026-05-09T11:54:00
3379,U-1919,add_to_cart,2026-05-09T11:56:00
3380,U-1919,start_checkout,2026-05-09T11:58:00
3381,U-1919,purchase,2026-05-09T12:00:00
3382,U-1920,view_item,2026-05-09T02:17:00
3383,U-1921,view_item,2026-05-09T16:10:00
3384,U-1922,view_item,2026-05-09T01:23:00
3385,U-1922,add_to_cart,2026-05-09T01:25:00
3386,U-1922,start_checkout,2026-05-09T01:27:00
3387,U-1922,purchase,2026-05-09T01:29:00
3388,U-1923,view_item,2026-05-09T01:38:00
3389,U-1923,add_to_cart,2026-05-09T01:40:00
3390,U-1923,start_checkout,2026-05-09T01:42:00
3391,U-1923,purchase,2026-05-09T01:44:00
3392,U-1924,view_item,2026-05-09T03:40:00
3393,U-1925,view_item,2026-05-09T00:08:00
3394,U-1925,add_to_cart,2026-05-09T00:10:00
3395,U-1925,start_checkout,2026-05-09T00:12:00
3396,U-1926,view_item,2026-05-09T06:42:00
3397,U-1927,view_item,2026-05-09T16:47:00
3398,U-1928,view_item,2026-05-09T18:57:00
3399,U-1929,view_item,2026-05-09T12:01:00
3400,U-1930,view_item,2026-05-09T09:42:00
3401,U-1931,view_item,2026-05-09T16:16:00
3402,U-1932,view_item,2026-05-09T00:02:00
3403,U-1932,add_to_cart,2026-05-09T00:04:00
3404,U-1932,start_checkout,2026-05-09T00:06:00
3405,U-1933,view_item,2026-05-09T02:05:00
3406,U-1934,view_item,2026-05-09T00:11:00
3407,U-1935,view_item,2026-05-09T00:41:00
3408,U-1935,add_to_cart,2026-05-09T00:43:00
3409,U-1936,view_item,2026-05-09T11:34:00
3410,U-1937,view_item,2026-05-09T01:31:00
3411,U-1937,add_to_cart,2026-05-09T01:33:00
3412,U-1938,view_item,2026-05-09T05:45:00
3413,U-1939,view_item,2026-05-09T16:52:00
3414,U-1939,add_to_cart,2026-05-09T16:54:00
3415,U-1940,view_item,2026-05-09T07:09:00
3416,U-1940,add_to_cart,2026-05-09T07:11:00
3417,U-1940,start_checkout,2026-05-09T07:13:00
3418,U-1940,purchase,2026-05-09T07:15:00
3419,U-1941,view_item,2026-05-09T15:26:00
3420,U-1941,add_to_cart,2026-05-09T15:28:00
3421,U-1942,view_item,2026-05-09T00:34:00
3422,U-1943,view_item,2026-05-09T06:56:00
3423,U-1943,add_to_cart,2026-05-09T06:58:00
3424,U-1944,view_item,2026-05-09T12:15:00
3425,U-1945,view_item,2026-05-09T17:53:00
3426,U-1946,view_item,2026-05-09T19:17:00
3427,U-1947,view_item,2026-05-09T23:36:00
3428,U-1948,view_item,2026-05-09T21:27:00
3429,U-1948,add_to_cart,2026-05-09T21:29:00
3430,U-1949,view_item,2026-05-09T21:57:00
3431,U-1949,add_to_cart,2026-05-09T21:59:00
3432,U-1949,start_checkout,2026-05-09T22:01:00
3433,U-1949,purchase,2026-05-09T22:03:00
3434,U-1950,view_item,2026-05-09T21:24:00
3435,U-1951,view_item,2026-05-09T23:30:00
3436,U-1952,view_item,2026-05-09T17:59:00
3437,U-1952,add_to_cart,2026-05-09T18:01:00
3438,U-1952,start_checkout,2026-05-09T18:03:00
3439,U-1953,view_item,2026-05-09T11:48:00
3440,U-1954,view_item,2026-05-09T00:54:00
3441,U-1954,add_to_cart,2026-05-09T00:56:00
3442,U-1954,start_checkout,2026-05-09T00:58:00
3443,U-1954,purchase,2026-05-09T01:00:00
3444,U-1955,view_item,2026-05-09T23:22:00
3445,U-1956,view_item,2026-05-09T06:00:00
3446,U-1957,view_item,2026-05-09T09:37:00
3447,U-1957,add_to_cart,2026-05-09T09:39:00
3448,U-1958,view_item,2026-05-09T02:02:00
3449,U-1959,view_item,2026-05-09T08:45:00
3450,U-1960,view_item,2026-05-09T13:04:00
3451,U-1960,add_to_cart,2026-05-09T13:06:00
3452,U-1960,start_checkout,2026-05-09T13:08:00
3453,U-1961,view_item,2026-05-09T19:39:00
3454,U-1962,view_item,2026-05-09T16:38:00
3455,U-1962,add_to_cart,2026-05-09T16:40:00
3456,U-1962,start_checkout,2026-05-09T16:42:00
3457,U-1963,view_item,2026-05-09T17:23:00
3458,U-1964,view_item,2026-05-09T05:22:00
3459,U-1965,view_item,2026-05-09T10:33:00
3460,U-1965,add_to_cart,2026-05-09T10:35:00
3461,U-1965,start_checkout,2026-05-09T10:37:00
3462,U-1966,view_item,2026-05-09T05:08:00
3463,U-1966,add_to_cart,2026-05-09T05:10:00
3464,U-1966,start_checkout,2026-05-09T05:12:00
3465,U-1966,purchase,2026-05-09T05:14:00
3466,U-1967,view_item,2026-05-09T20:21:00
3467,U-1967,add_to_cart,2026-05-09T20:23:00
3468,U-1968,view_item,2026-05-09T01:04:00
3469,U-1968,add_to_cart,2026-05-09T01:06:00
3470,U-1968,start_checkout,2026-05-09T01:08:00
3471,U-1968,purchase,2026-05-09T01:10:00
3472,U-1969,view_item,2026-05-09T04:17:00
3473,U-1969,add_to_cart,2026-05-09T04:19:00
3474,U-1970,view_item,2026-05-09T09:41:00
3475,U-1971,view_item,2026-05-09T01:21:00
3476,U-1971,add_to_cart,2026-05-09T01:23:00
3477,U-1972,view_item,2026-05-09T17:33:00
3478,U-1973,view_item,2026-05-09T04:53:00
3479,U-1974,view_item,2026-05-09T01:21:00
3480,U-1975,view_item,2026-05-09T18:55:00
3481,U-1975,add_to_cart,2026-05-09T18:57:00
3482,U-1976,view_item,2026-05-09T07:27:00
3483,U-1976,add_to_cart,2026-05-09T07:29:00
3484,U-1977,view_item,2026-05-09T08:12:00
3485,U-1977,add_to_cart,2026-05-09T08:14:00
3486,U-1977,start_checkout,2026-05-09T08:16:00
3487,U-1977,purchase,2026-05-09T08:18:00
3488,U-1978,view_item,2026-05-09T04:11:00
3489,U-1979,view_item,2026-05-09T17:48:00
3490,U-1980,view_item,2026-05-09T19:40:00
3491,U-1981,view_item,2026-05-09T16:43:00
3492,U-1981,add_to_cart,2026-05-09T16:45:00
3493,U-1981,start_checkout,2026-05-09T16:47:00
3494,U-1982,view_item,2026-05-09T10:46:00
3495,U-1983,view_item,2026-05-09T20:10:00
3496,U-1984,view_item,2026-05-09T10:55:00
3497,U-1985,view_item,2026-05-09T04:37:00
3498,U-1986,view_item,2026-05-09T05:23:00
3499,U-1987,view_item,2026-05-09T00:35:00
3500,U-1987,add_to_cart,2026-05-09T00:37:00
3501,U-1987,start_checkout,2026-05-09T00:39:00
3502,U-1987,purchase,2026-05-09T00:41:00
3503,U-1988,view_item,2026-05-09T20:23:00
3504,U-1989,view_item,2026-05-09T12:14:00
3505,U-1990,view_item,2026-05-09T23:09:00
3506,U-1990,add_to_cart,2026-05-09T23:11:00
3507,U-1990,start_checkout,2026-05-09T23:13:00
3508,U-1991,view_item,2026-05-09T12:27:00
3509,U-1992,view_item,2026-05-10T23:36:00
3510,U-1992,add_to_cart,2026-05-10T23:38:00
3511,U-1992,start_checkout,2026-05-10T23:40:00
3512,U-1992,purchase,2026-05-10T23:42:00
3513,U-1993,view_item,2026-05-10T20:02:00
3514,U-1993,add_to_cart,2026-05-10T20:04:00
3515,U-1994,view_item,2026-05-10T14:34:00
3516,U-1994,add_to_cart,2026-05-10T14:36:00
3517,U-1994,start_checkout,2026-05-10T14:38:00
3518,U-1994,purchase,2026-05-10T14:40:00
3519,U-1995,view_item,2026-05-10T08:38:00
3520,U-1996,view_item,2026-05-10T05:53:00
3521,U-1997,view_item,2026-05-10T14:42:00
3522,U-1998,view_item,2026-05-10T02:33:00
3523,U-1999,view_item,2026-05-10T03:40:00
3524,U-1999,add_to_cart,2026-05-10T03:42:00
3525,U-2000,view_item,2026-05-10T16:59:00
3526,U-2001,view_item,2026-05-10T01:23:00
3527,U-2001,add_to_cart,2026-05-10T01:25:00
3528,U-2002,view_item,2026-05-10T07:56:00
3529,U-2003,view_item,2026-05-10T03:59:00
3530,U-2003,add_to_cart,2026-05-10T04:01:00
3531,U-2004,view_item,2026-05-10T08:38:00
3532,U-2004,add_to_cart,2026-05-10T08:40:00
3533,U-2004,start_checkout,2026-05-10T08:42:00
3534,U-2004,purchase,2026-05-10T08:44:00
3535,U-2005,view_item,2026-05-10T15:45:00
3536,U-2006,view_item,2026-05-10T16:10:00
3537,U-2006,add_to_cart,2026-05-10T16:12:00
3538,U-2006,start_checkout,2026-05-10T16:14:00
3539,U-2006,purchase,2026-05-10T16:16:00
3540,U-2007,view_item,2026-05-10T20:41:00
3541,U-2007,add_to_cart,2026-05-10T20:43:00
3542,U-2008,view_item,2026-05-10T10:20:00
3543,U-2008,add_to_cart,2026-05-10T10:22:00
3544,U-2009,view_item,2026-05-10T08:18:00
3545,U-2010,view_item,2026-05-10T13:35:00
3546,U-2010,add_to_cart,2026-05-10T13:37:00
3547,U-2011,view_item,2026-05-10T18:34:00
3548,U-2012,view_item,2026-05-10T18:04:00
3549,U-2012,add_to_cart,2026-05-10T18:06:00
3550,U-2013,view_item,2026-05-10T12:05:00
3551,U-2014,view_item,2026-05-10T22:24:00
3552,U-2015,view_item,2026-05-10T19:48:00
3553,U-2016,view_item,2026-05-10T09:58:00
3554,U-2017,view_item,2026-05-10T16:37:00
3555,U-2017,add_to_cart,2026-05-10T16:39:00
3556,U-2017,start_checkout,2026-05-10T16:41:00
3557,U-2018,view_item,2026-05-10T21:22:00
3558,U-2019,view_item,2026-05-10T12:02:00
3559,U-2020,view_item,2026-05-10T00:33:00
3560,U-2021,view_item,2026-05-10T13:08:00
3561,U-2021,add_to_cart,2026-05-10T13:10:00
3562,U-2022,view_item,2026-05-10T08:49:00
3563,U-2023,view_item,2026-05-10T02:35:00
3564,U-2024,view_item,2026-05-10T05:29:00
3565,U-2024,add_to_cart,2026-05-10T05:31:00
3566,U-2024,start_checkout,2026-05-10T05:33:00
3567,U-2024,purchase,2026-05-10T05:35:00
3568,U-2025,view_item,2026-05-10T06:03:00
3569,U-2025,add_to_cart,2026-05-10T06:05:00
3570,U-2025,start_checkout,2026-05-10T06:07:00
3571,U-2026,view_item,2026-05-10T11:48:00
3572,U-2027,view_item,2026-05-10T04:54:00
3573,U-2028,view_item,2026-05-10T17:13:00
3574,U-2028,add_to_cart,2026-05-10T17:15:00
3575,U-2029,view_item,2026-05-10T00:58:00
3576,U-2030,view_item,2026-05-10T16:46:00
3577,U-2031,view_item,2026-05-10T00:48:00
3578,U-2032,view_item,2026-05-10T18:00:00
3579,U-2033,view_item,2026-05-10T01:48:00
3580,U-2034,view_item,2026-05-10T01:46:00
3581,U-2035,view_item,2026-05-10T04:55:00
3582,U-2035,add_to_cart,2026-05-10T04:57:00
3583,U-2035,start_checkout,2026-05-10T04:59:00
3584,U-2035,purchase,2026-05-10T05:01:00
3585,U-2036,view_item,2026-05-10T17:22:00
3586,U-2037,view_item,2026-05-10T18:25:00
3587,U-2038,view_item,2026-05-10T19:18:00
3588,U-2039,view_item,2026-05-10T05:30:00
3589,U-2040,view_item,2026-05-10T09:36:00
3590,U-2040,add_to_cart,2026-05-10T09:38:00
3591,U-2041,view_item,2026-05-10T07:24:00
3592,U-2041,add_to_cart,2026-05-10T07:26:00
3593,U-2042,view_item,2026-05-10T04:47:00
3594,U-2042,add_to_cart,2026-05-10T04:49:00
3595,U-2043,view_item,2026-05-10T13:10:00
3596,U-2044,view_item,2026-05-10T19:52:00
3597,U-2045,view_item,2026-05-10T11:40:00
3598,U-2046,view_item,2026-05-10T04:37:00
3599,U-2046,add_to_cart,2026-05-10T04:39:00
3600,U-2046,start_checkout,2026-05-10T04:41:00
3601,U-2046,purchase,2026-05-10T04:43:00
3602,U-2047,view_item,2026-05-10T17:52:00
3603,U-2048,view_item,2026-05-10T18:39:00
3604,U-2048,add_to_cart,2026-05-10T18:41:00
3605,U-2049,view_item,2026-05-10T10:48:00
3606,U-2049,add_to_cart,2026-05-10T10:50:00
3607,U-2049,start_checkout,2026-05-10T10:52:00
3608,U-2049,purchase,2026-05-10T10:54:00
3609,U-2050,view_item,2026-05-10T15:45:00
3610,U-2050,add_to_cart,2026-05-10T15:47:00
3611,U-2050,start_checkout,2026-05-10T15:49:00
3612,U-2051,view_item,2026-05-10T14:53:00
3613,U-2051,add_to_cart,2026-05-10T14:55:00
3614,U-2052,view_item,2026-05-10T13:58:00
3615,U-2053,view_item,2026-05-10T08:04:00
3616,U-2053,add_to_cart,2026-05-10T08:06:00
3617,U-2054,view_item,2026-05-10T08:22:00
3618,U-2054,add_to_cart,2026-05-10T08:24:00
3619,U-2054,start_checkout,2026-05-10T08:26:00
3620,U-2054,purchase,2026-05-10T08:28:00
3621,U-2055,view_item,2026-05-10T20:10:00
3622,U-2055,add_to_cart,2026-05-10T20:12:00
3623,U-2056,view_item,2026-05-10T08:51:00
3624,U-2057,view_item,2026-05-10T14:21:00
3625,U-2058,view_item,2026-05-10T14:48:00
3626,U-2059,view_item,2026-05-10T19:58:00
3627,U-2059,add_to_cart,2026-05-10T20:00:00
3628,U-2059,start_checkout,2026-05-10T20:02:00
3629,U-2059,purchase,2026-05-10T20:04:00
3630,U-2060,view_item,2026-05-10T11:47:00
3631,U-2060,add_to_cart,2026-05-10T11:49:00
3632,U-2060,start_checkout,2026-05-10T11:51:00
3633,U-2060,purchase,2026-05-10T11:53:00
3634,U-2061,view_item,2026-05-10T08:19:00
3635,U-2062,view_item,2026-05-10T00:31:00
3636,U-2062,add_to_cart,2026-05-10T00:33:00
3637,U-2062,start_checkout,2026-05-10T00:35:00
3638,U-2062,purchase,2026-05-10T00:37:00
3639,U-2063,view_item,2026-05-10T07:25:00
3640,U-2064,view_item,2026-05-10T05:08:00
3641,U-2064,add_to_cart,2026-05-10T05:10:00
3642,U-2064,start_checkout,2026-05-10T05:12:00
3643,U-2064,purchase,2026-05-10T05:14:00
3644,U-2065,view_item,2026-05-10T17:04:00
3645,U-2065,add_to_cart,2026-05-10T17:06:00
3646,U-2065,start_checkout,2026-05-10T17:08:00
3647,U-2066,view_item,2026-05-10T06:42:00
3648,U-2066,add_to_cart,2026-05-10T06:44:00
3649,U-2067,view_item,2026-05-10T04:20:00
3650,U-2068,view_item,2026-05-10T00:31:00
3651,U-2068,add_to_cart,2026-05-10T00:33:00
3652,U-2069,view_item,2026-05-10T01:03:00
3653,U-2069,add_to_cart,2026-05-10T01:05:00
3654,U-2070,view_item,2026-05-10T13:17:00
3655,U-2070,add_to_cart,2026-05-10T13:19:00
3656,U-2071,view_item,2026-05-10T19:00:00
3657,U-2071,add_to_cart,2026-05-10T19:02:00
3658,U-2071,start_checkout,2026-05-10T19:04:00
3659,U-2071,purchase,2026-05-10T19:06:00
3660,U-2072,view_item,2026-05-10T01:31:00
3661,U-2072,add_to_cart,2026-05-10T01:33:00
3662,U-2072,start_checkout,2026-05-10T01:35:00
3663,U-2073,view_item,2026-05-10T23:54:00
3664,U-2073,add_to_cart,2026-05-10T23:56:00
3665,U-2074,view_item,2026-05-10T05:00:00
3666,U-2075,view_item,2026-05-10T15:36:00
3667,U-2076,view_item,2026-05-10T21:08:00
3668,U-2076,add_to_cart,2026-05-10T21:10:00
3669,U-2077,view_item,2026-05-10T17:25:00
3670,U-2078,view_item,2026-05-10T08:21:00
3671,U-2079,view_item,2026-05-10T21:31:00
3672,U-2080,view_item,2026-05-10T07:36:00
3673,U-2080,add_to_cart,2026-05-10T07:38:00
3674,U-2080,start_checkout,2026-05-10T07:40:00
3675,U-2081,view_item,2026-05-10T12:52:00
3676,U-2082,view_item,2026-05-10T02:33:00
3677,U-2083,view_item,2026-05-10T07:58:00
3678,U-2084,view_item,2026-05-10T07:53:00
3679,U-2085,view_item,2026-05-10T10:16:00
3680,U-2086,view_item,2026-05-10T11:47:00
3681,U-2086,add_to_cart,2026-05-10T11:49:00
3682,U-2087,view_item,2026-05-10T00:01:00
3683,U-2087,add_to_cart,2026-05-10T00:03:00
3684,U-2088,view_item,2026-05-10T10:44:00
3685,U-2088,add_to_cart,2026-05-10T10:46:00
3686,U-2088,start_checkout,2026-05-10T10:48:00
3687,U-2089,view_item,2026-05-10T04:09:00
3688,U-2090,view_item,2026-05-10T19:06:00
3689,U-2091,view_item,2026-05-10T21:12:00
3690,U-2092,view_item,2026-05-10T10:53:00
3691,U-2093,view_item,2026-05-10T01:41:00
3692,U-2094,view_item,2026-05-10T02:13:00
3693,U-2095,view_item,2026-05-10T09:30:00
3694,U-2095,add_to_cart,2026-05-10T09:32:00
3695,U-2095,start_checkout,2026-05-10T09:34:00
3696,U-2095,purchase,2026-05-10T09:36:00
3697,U-2096,view_item,2026-05-10T13:23:00
3698,U-2096,add_to_cart,2026-05-10T13:25:00
3699,U-2097,view_item,2026-05-10T21:46:00
3700,U-2097,add_to_cart,2026-05-10T21:48:00
3701,U-2098,view_item,2026-05-10T05:59:00
3702,U-2098,add_to_cart,2026-05-10T06:01:00
3703,U-2099,view_item,2026-05-10T13:22:00
3704,U-2100,view_item,2026-05-10T09:03:00
3705,U-2100,add_to_cart,2026-05-10T09:05:00
3706,U-2100,start_checkout,2026-05-10T09:07:00
3707,U-2101,view_item,2026-05-10T12:22:00
3708,U-2102,view_item,2026-05-10T12:20:00
3709,U-2103,view_item,2026-05-10T19:25:00
3710,U-2104,view_item,2026-05-10T17:19:00
3711,U-2105,view_item,2026-05-10T03:53:00
3712,U-2106,view_item,2026-05-10T18:52:00
3713,U-2106,add_to_cart,2026-05-10T18:54:00
3714,U-2107,view_item,2026-05-10T02:28:00
3715,U-2108,view_item,2026-05-10T07:16:00
3716,U-2108,add_to_cart,2026-05-10T07:18:00
3717,U-2109,view_item,2026-05-10T15:50:00
3718,U-2109,add_to_cart,2026-05-10T15:52:00
3719,U-2109,start_checkout,2026-05-10T15:54:00
3720,U-2110,view_item,2026-05-10T18:18:00
3721,U-2111,view_item,2026-05-10T18:30:00
3722,U-2112,view_item,2026-05-10T19:32:00
3723,U-2112,add_to_cart,2026-05-10T19:34:00
3724,U-2112,start_checkout,2026-05-10T19:36:00
3725,U-2113,view_item,2026-05-10T15:38:00
3726,U-2114,view_item,2026-05-10T06:49:00
3727,U-2114,add_to_cart,2026-05-10T06:51:00
3728,U-2114,start_checkout,2026-05-10T06:53:00
3729,U-2114,purchase,2026-05-10T06:55:00
3730,U-2115,view_item,2026-05-10T08:37:00
3731,U-2116,view_item,2026-05-10T10:29:00
3732,U-2117,view_item,2026-05-10T00:15:00
3733,U-2118,view_item,2026-05-10T03:08:00
3734,U-2119,view_item,2026-05-10T13:01:00
3735,U-2119,add_to_cart,2026-05-10T13:03:00
3736,U-2119,start_checkout,2026-05-10T13:05:00
3737,U-2119,purchase,2026-05-10T13:07:00
3738,U-2120,view_item,2026-05-10T07:50:00
3739,U-2120,add_to_cart,2026-05-10T07:52:00
3740,U-2120,start_checkout,2026-05-10T07:54:00
3741,U-2120,purchase,2026-05-10T07:56:00
3742,U-2121,view_item,2026-05-10T02:10:00
3743,U-2121,add_to_cart,2026-05-10T02:12:00
3744,U-2122,view_item,2026-05-10T16:01:00
3745,U-2122,add_to_cart,2026-05-10T16:03:00
3746,U-2123,view_item,2026-05-10T02:58:00
3747,U-2123,add_to_cart,2026-05-10T03:00:00
3748,U-2123,start_checkout,2026-05-10T03:02:00
3749,U-2124,view_item,2026-05-10T07:42:00
3750,U-2124,add_to_cart,2026-05-10T07:44:00
3751,U-2125,view_item,2026-05-10T13:22:00
3752,U-2126,view_item,2026-05-10T16:35:00
3753,U-2126,add_to_cart,2026-05-10T16:37:00
3754,U-2126,start_checkout,2026-05-10T16:39:00
3755,U-2127,view_item,2026-05-10T08:41:00
3756,U-2127,add_to_cart,2026-05-10T08:43:00
3757,U-2127,start_checkout,2026-05-10T08:45:00
3758,U-2127,purchase,2026-05-10T08:47:00
3759,U-2128,view_item,2026-05-10T04:58:00
3760,U-2128,add_to_cart,2026-05-10T05:00:00
3761,U-2128,start_checkout,2026-05-10T05:02:00
3762,U-2128,purchase,2026-05-10T05:04:00
3763,U-2129,view_item,2026-05-10T22:05:00
3764,U-2130,view_item,2026-05-10T00:21:00
3765,U-2131,view_item,2026-05-10T11:25:00
3766,U-2131,add_to_cart,2026-05-10T11:27:00
3767,U-2131,start_checkout,2026-05-10T11:29:00
3768,U-2131,purchase,2026-05-10T11:31:00
3769,U-2132,view_item,2026-05-10T02:10:00
3770,U-2133,view_item,2026-05-10T08:09:00
3771,U-2134,view_item,2026-05-10T10:00:00
3772,U-2135,view_item,2026-05-10T07:37:00
3773,U-2135,add_to_cart,2026-05-10T07:39:00
3774,U-2136,view_item,2026-05-10T08:30:00
3775,U-2137,view_item,2026-05-10T09:00:00
3776,U-2137,add_to_cart,2026-05-10T09:02:00
3777,U-2138,view_item,2026-05-10T20:05:00
3778,U-2139,view_item,2026-05-10T21:44:00
3779,U-2140,view_item,2026-05-10T03:35:00
3780,U-2141,view_item,2026-05-10T03:31:00
3781,U-2141,add_to_cart,2026-05-10T03:33:00
3782,U-2142,view_item,2026-05-10T23:09:00
3783,U-2142,add_to_cart,2026-05-10T23:11:00
3784,U-2143,view_item,2026-05-10T04:32:00
3785,U-2143,add_to_cart,2026-05-10T04:34:00
3786,U-2144,view_item,2026-05-10T11:23:00
3787,U-2145,view_item,2026-05-10T06:26:00
3788,U-2146,view_item,2026-05-10T07:32:00
3789,U-2146,add_to_cart,2026-05-10T07:34:00
3790,U-2146,start_checkout,2026-05-10T07:36:00
3791,U-2146,purchase,2026-05-10T07:38:00
3792,U-2147,view_item,2026-05-10T14:37:00
3793,U-2147,add_to_cart,2026-05-10T14:39:00
3794,U-2148,view_item,2026-05-10T23:42:00
3795,U-2148,add_to_cart,2026-05-10T23:44:00
3796,U-2148,start_checkout,2026-05-10T23:46:00
3797,U-2149,view_item,2026-05-10T08:21:00
3798,U-2149,add_to_cart,2026-05-10T08:23:00
3799,U-2149,start_checkout,2026-05-10T08:25:00
3800,U-2149,purchase,2026-05-10T08:27:00
3801,U-2150,view_item,2026-05-10T18:54:00
3802,U-2151,view_item,2026-05-10T00:00:00
3803,U-2151,add_to_cart,2026-05-10T00:02:00
3804,U-2152,view_item,2026-05-10T23:54:00
3805,U-2153,view_item,2026-05-10T15:05:00
3806,U-2154,view_item,2026-05-10T21:31:00
3807,U-2155,view_item,2026-05-10T18:27:00
3808,U-2156,view_item,2026-05-10T15:19:00
3809,U-2157,view_item,2026-05-10T16:50:00
3810,U-2158,view_item,2026-05-10T10:07:00
3811,U-2158,add_to_cart,2026-05-10T10:09:00
3812,U-2158,start_checkout,2026-05-10T10:11:00
3813,U-2158,purchase,2026-05-10T10:13:00
3814,U-2159,view_item,2026-05-10T04:56:00
3815,U-2159,add_to_cart,2026-05-10T04:58:00
3816,U-2159,start_checkout,2026-05-10T05:00:00
3817,U-2159,purchase,2026-05-10T05:02:00
3818,U-2160,view_item,2026-05-10T04:18:00
3819,U-2161,view_item,2026-05-10T16:53:00
3820,U-2162,view_item,2026-05-10T12:26:00
3821,U-2162,add_to_cart,2026-05-10T12:28:00
3822,U-2163,view_item,2026-05-10T00:00:00
3823,U-2164,view_item,2026-05-10T06:11:00
3824,U-2165,view_item,2026-05-10T17:13:00
3825,U-2166,view_item,2026-05-10T17:53:00
3826,U-2167,view_item,2026-05-10T17:45:00
3827,U-2168,view_item,2026-05-10T14:35:00
3828,U-2168,add_to_cart,2026-05-10T14:37:00
3829,U-2168,start_checkout,2026-05-10T14:39:00
3830,U-2168,purchase,2026-05-10T14:41:00
3831,U-2169,view_item,2026-05-10T01:46:00
3832,U-2170,view_item,2026-05-10T10:08:00
3833,U-2170,add_to_cart,2026-05-10T10:10:00
3834,U-2171,view_item,2026-05-10T08:01:00
3835,U-2171,add_to_cart,2026-05-10T08:03:00
3836,U-2172,view_item,2026-05-10T01:43:00
3837,U-2172,add_to_cart,2026-05-10T01:45:00
3838,U-2172,start_checkout,2026-05-10T01:47:00
3839,U-2172,purchase,2026-05-10T01:49:00
3840,U-2173,view_item,2026-05-11T08:38:00
3841,U-2173,add_to_cart,2026-05-11T08:40:00
3842,U-2173,start_checkout,2026-05-11T08:42:00
3843,U-2173,purchase,2026-05-11T08:44:00
3844,U-2174,view_item,2026-05-11T00:04:00
3845,U-2175,view_item,2026-05-11T23:29:00
3846,U-2175,add_to_cart,2026-05-11T23:31:00
3847,U-2175,start_checkout,2026-05-11T23:33:00
3848,U-2176,view_item,2026-05-11T01:08:00
3849,U-2177,view_item,2026-05-11T02:44:00
3850,U-2178,view_item,2026-05-11T23:34:00
3851,U-2178,add_to_cart,2026-05-11T23:36:00
3852,U-2179,view_item,2026-05-11T04:11:00
3853,U-2180,view_item,2026-05-11T07:21:00
3854,U-2180,add_to_cart,2026-05-11T07:23:00
3855,U-2180,start_checkout,2026-05-11T07:25:00
3856,U-2181,view_item,2026-05-11T13:44:00
3857,U-2182,view_item,2026-05-11T20:04:00
3858,U-2182,add_to_cart,2026-05-11T20:06:00
3859,U-2182,start_checkout,2026-05-11T20:08:00
3860,U-2182,purchase,2026-05-11T20:10:00
3861,U-2183,view_item,2026-05-11T18:58:00
3862,U-2184,view_item,2026-05-11T10:11:00
3863,U-2184,add_to_cart,2026-05-11T10:13:00
3864,U-2185,view_item,2026-05-11T14:05:00
3865,U-2186,view_item,2026-05-11T05:21:00
3866,U-2187,view_item,2026-05-11T20:14:00
3867,U-2187,add_to_cart,2026-05-11T20:16:00
3868,U-2187,start_checkout,2026-05-11T20:18:00
3869,U-2187,purchase,2026-05-11T20:20:00
3870,U-2188,view_item,2026-05-11T14:29:00
3871,U-2189,view_item,2026-05-11T03:04:00
3872,U-2189,add_to_cart,2026-05-11T03:06:00
3873,U-2190,view_item,2026-05-11T11:15:00
3874,U-2191,view_item,2026-05-11T05:35:00
3875,U-2192,view_item,2026-05-11T20:15:00
3876,U-2193,view_item,2026-05-11T14:28:00
3877,U-2193,add_to_cart,2026-05-11T14:30:00
3878,U-2194,view_item,2026-05-11T04:47:00
3879,U-2195,view_item,2026-05-11T06:50:00
3880,U-2195,add_to_cart,2026-05-11T06:52:00
3881,U-2195,start_checkout,2026-05-11T06:54:00
3882,U-2196,view_item,2026-05-11T11:58:00
3883,U-2197,view_item,2026-05-11T20:42:00
3884,U-2197,add_to_cart,2026-05-11T20:44:00
3885,U-2198,view_item,2026-05-11T08:20:00
3886,U-2199,view_item,2026-05-11T20:36:00
3887,U-2200,view_item,2026-05-11T10:10:00
3888,U-2201,view_item,2026-05-11T19:34:00
3889,U-2202,view_item,2026-05-11T05:52:00
3890,U-2203,view_item,2026-05-11T22:09:00
3891,U-2204,view_item,2026-05-11T13:10:00
3892,U-2205,view_item,2026-05-11T03:14:00
3893,U-2205,add_to_cart,2026-05-11T03:16:00
3894,U-2206,view_item,2026-05-11T12:11:00
3895,U-2206,add_to_cart,2026-05-11T12:13:00
3896,U-2206,start_checkout,2026-05-11T12:15:00
3897,U-2206,purchase,2026-05-11T12:17:00
3898,U-2207,view_item,2026-05-11T14:59:00
3899,U-2208,view_item,2026-05-11T13:44:00
3900,U-2209,view_item,2026-05-11T01:54:00
3901,U-2209,add_to_cart,2026-05-11T01:56:00
3902,U-2209,start_checkout,2026-05-11T01:58:00
3903,U-2210,view_item,2026-05-11T20:21:00
3904,U-2210,add_to_cart,2026-05-11T20:23:00
3905,U-2211,view_item,2026-05-11T18:20:00
3906,U-2211,add_to_cart,2026-05-11T18:22:00
3907,U-2212,view_item,2026-05-11T12:37:00
3908,U-2212,add_to_cart,2026-05-11T12:39:00
3909,U-2212,start_checkout,2026-05-11T12:41:00
3910,U-2212,purchase,2026-05-11T12:43:00
3911,U-2213,view_item,2026-05-11T09:20:00
3912,U-2213,add_to_cart,2026-05-11T09:22:00
3913,U-2214,view_item,2026-05-11T04:38:00
3914,U-2214,add_to_cart,2026-05-11T04:40:00
3915,U-2215,view_item,2026-05-11T16:43:00
3916,U-2215,add_to_cart,2026-05-11T16:45:00
3917,U-2215,start_checkout,2026-05-11T16:47:00
3918,U-2216,view_item,2026-05-11T13:20:00
3919,U-2217,view_item,2026-05-11T16:01:00
3920,U-2217,add_to_cart,2026-05-11T16:03:00
3921,U-2218,view_item,2026-05-11T22:18:00
3922,U-2219,view_item,2026-05-11T11:20:00
3923,U-2219,add_to_cart,2026-05-11T11:22:00
3924,U-2220,view_item,2026-05-11T23:25:00
3925,U-2220,add_to_cart,2026-05-11T23:27:00
3926,U-2221,view_item,2026-05-11T11:14:00
3927,U-2222,view_item,2026-05-11T13:04:00
3928,U-2222,add_to_cart,2026-05-11T13:06:00
3929,U-2223,view_item,2026-05-11T10:46:00
3930,U-2224,view_item,2026-05-11T06:20:00
3931,U-2225,view_item,2026-05-11T20:40:00
3932,U-2226,view_item,2026-05-11T17:49:00
3933,U-2227,view_item,2026-05-11T18:09:00
3934,U-2228,view_item,2026-05-11T11:38:00
3935,U-2229,view_item,2026-05-11T21:30:00
3936,U-2230,view_item,2026-05-11T17:01:00
3937,U-2231,view_item,2026-05-11T20:27:00
3938,U-2232,view_item,2026-05-11T04:38:00
3939,U-2232,add_to_cart,2026-05-11T04:40:00
3940,U-2232,start_checkout,2026-05-11T04:42:00
3941,U-2233,view_item,2026-05-11T08:43:00
3942,U-2234,view_item,2026-05-11T10:26:00
3943,U-2235,view_item,2026-05-11T15:21:00
3944,U-2235,add_to_cart,2026-05-11T15:23:00
3945,U-2235,start_checkout,2026-05-11T15:25:00
3946,U-2235,purchase,2026-05-11T15:27:00
3947,U-2236,view_item,2026-05-11T05:38:00
3948,U-2237,view_item,2026-05-11T21:22:00
3949,U-2238,view_item,2026-05-11T18:37:00
3950,U-2238,add_to_cart,2026-05-11T18:39:00
3951,U-2238,start_checkout,2026-05-11T18:41:00
3952,U-2238,purchase,2026-05-11T18:43:00
3953,U-2239,view_item,2026-05-11T10:59:00
3954,U-2240,view_item,2026-05-11T16:21:00
3955,U-2240,add_to_cart,2026-05-11T16:23:00
3956,U-2241,view_item,2026-05-11T10:04:00
3957,U-2241,add_to_cart,2026-05-11T10:06:00
3958,U-2242,view_item,2026-05-11T18:19:00
3959,U-2243,view_item,2026-05-11T17:04:00
3960,U-2243,add_to_cart,2026-05-11T17:06:00
3961,U-2244,view_item,2026-05-11T03:26:00
3962,U-2245,view_item,2026-05-11T14:22:00
3963,U-2246,view_item,2026-05-11T13:49:00
3964,U-2247,view_item,2026-05-11T14:12:00
3965,U-2247,add_to_cart,2026-05-11T14:14:00
3966,U-2247,start_checkout,2026-05-11T14:16:00
3967,U-2248,view_item,2026-05-11T10:34:00
3968,U-2249,view_item,2026-05-11T13:52:00
3969,U-2249,add_to_cart,2026-05-11T13:54:00
3970,U-2249,start_checkout,2026-05-11T13:56:00
3971,U-2249,purchase,2026-05-11T13:58:00
3972,U-2250,view_item,2026-05-11T22:15:00
3973,U-2250,add_to_cart,2026-05-11T22:17:00
3974,U-2250,start_checkout,2026-05-11T22:19:00
3975,U-2251,view_item,2026-05-11T11:51:00
3976,U-2252,view_item,2026-05-11T16:07:00
3977,U-2252,add_to_cart,2026-05-11T16:09:00
3978,U-2252,start_checkout,2026-05-11T16:11:00
3979,U-2252,purchase,2026-05-11T16:13:00
3980,U-2253,view_item,2026-05-11T03:54:00
3981,U-2254,view_item,2026-05-11T03:07:00
3982,U-2254,add_to_cart,2026-05-11T03:09:00
3983,U-2255,view_item,2026-05-11T23:53:00
3984,U-2255,add_to_cart,2026-05-11T23:55:00
3985,U-2255,start_checkout,2026-05-11T23:57:00
3986,U-2256,view_item,2026-05-11T11:18:00
3987,U-2256,add_to_cart,2026-05-11T11:20:00
3988,U-2256,start_checkout,2026-05-11T11:22:00
3989,U-2256,purchase,2026-05-11T11:24:00
3990,U-2257,view_item,2026-05-11T13:50:00
3991,U-2258,view_item,2026-05-11T06:20:00
3992,U-2259,view_item,2026-05-11T11:08:00
3993,U-2260,view_item,2026-05-11T02:40:00
3994,U-2261,view_item,2026-05-11T21:51:00
3995,U-2261,add_to_cart,2026-05-11T21:53:00
3996,U-2262,view_item,2026-05-11T14:39:00
3997,U-2262,add_to_cart,2026-05-11T14:41:00
3998,U-2262,start_checkout,2026-05-11T14:43:00
3999,U-2262,purchase,2026-05-11T14:45:00
4000,U-2263,view_item,2026-05-11T12:38:00
4001,U-2263,add_to_cart,2026-05-11T12:40:00
4002,U-2264,view_item,2026-05-11T23:54:00
4003,U-2265,view_item,2026-05-11T22:44:00
4004,U-2265,add_to_cart,2026-05-11T22:46:00
4005,U-2265,start_checkout,2026-05-11T22:48:00
4006,U-2266,view_item,2026-05-11T10:06:00
4007,U-2267,view_item,2026-05-11T22:43:00
4008,U-2267,add_to_cart,2026-05-11T22:45:00
4009,U-2268,view_item,2026-05-11T13:04:00
4010,U-2268,add_to_cart,2026-05-11T13:06:00
4011,U-2268,start_checkout,2026-05-11T13:08:00
4012,U-2268,purchase,2026-05-11T13:10:00
4013,U-2269,view_item,2026-05-11T12:45:00
4014,U-2270,view_item,2026-05-11T11:25:00
4015,U-2271,view_item,2026-05-11T06:58:00
4016,U-2271,add_to_cart,2026-05-11T07:00:00
4017,U-2272,view_item,2026-05-11T04:44:00
4018,U-2273,view_item,2026-05-11T09:48:00
4019,U-2273,add_to_cart,2026-05-11T09:50:00
4020,U-2274,view_item,2026-05-11T04:11:00
4021,U-2275,view_item,2026-05-11T16:57:00
4022,U-2275,add_to_cart,2026-05-11T16:59:00
4023,U-2276,view_item,2026-05-11T15:53:00
4024,U-2276,add_to_cart,2026-05-11T15:55:00
4025,U-2277,view_item,2026-05-11T02:17:00
4026,U-2277,add_to_cart,2026-05-11T02:19:00
4027,U-2277,start_checkout,2026-05-11T02:21:00
4028,U-2277,purchase,2026-05-11T02:23:00
4029,U-2278,view_item,2026-05-11T09:12:00
4030,U-2278,add_to_cart,2026-05-11T09:14:00
4031,U-2279,view_item,2026-05-11T00:17:00
4032,U-2280,view_item,2026-05-11T18:24:00
4033,U-2280,add_to_cart,2026-05-11T18:26:00
4034,U-2280,start_checkout,2026-05-11T18:28:00
4035,U-2280,purchase,2026-05-11T18:30:00
4036,U-2281,view_item,2026-05-11T10:44:00
4037,U-2281,add_to_cart,2026-05-11T10:46:00
4038,U-2282,view_item,2026-05-11T10:24:00
4039,U-2283,view_item,2026-05-11T06:17:00
4040,U-2284,view_item,2026-05-11T01:14:00
4041,U-2285,view_item,2026-05-11T19:28:00
4042,U-2286,view_item,2026-05-11T06:16:00
4043,U-2286,add_to_cart,2026-05-11T06:18:00
4044,U-2286,start_checkout,2026-05-11T06:20:00
4045,U-2287,view_item,2026-05-11T05:45:00
4046,U-2287,add_to_cart,2026-05-11T05:47:00
4047,U-2287,start_checkout,2026-05-11T05:49:00
4048,U-2288,view_item,2026-05-11T15:16:00
4049,U-2289,view_item,2026-05-11T19:29:00
4050,U-2290,view_item,2026-05-11T21:36:00
4051,U-2290,add_to_cart,2026-05-11T21:38:00
4052,U-2291,view_item,2026-05-11T19:16:00
4053,U-2292,view_item,2026-05-11T15:51:00
4054,U-2292,add_to_cart,2026-05-11T15:53:00
4055,U-2292,start_checkout,2026-05-11T15:55:00
4056,U-2292,purchase,2026-05-11T15:57:00
4057,U-2293,view_item,2026-05-11T18:53:00
4058,U-2294,view_item,2026-05-11T14:47:00
4059,U-2295,view_item,2026-05-11T08:18:00
4060,U-2295,add_to_cart,2026-05-11T08:20:00
4061,U-2295,start_checkout,2026-05-11T08:22:00
4062,U-2296,view_item,2026-05-11T14:00:00
4063,U-2297,view_item,2026-05-11T09:57:00
4064,U-2297,add_to_cart,2026-05-11T09:59:00
4065,U-2297,start_checkout,2026-05-11T10:01:00
4066,U-2298,view_item,2026-05-11T18:47:00
4067,U-2298,add_to_cart,2026-05-11T18:49:00
4068,U-2298,start_checkout,2026-05-11T18:51:00
4069,U-2299,view_item,2026-05-11T06:05:00
4070,U-2300,view_item,2026-05-11T14:16:00
4071,U-2301,view_item,2026-05-11T15:01:00
4072,U-2301,add_to_cart,2026-05-11T15:03:00
4073,U-2301,start_checkout,2026-05-11T15:05:00
4074,U-2302,view_item,2026-05-11T17:59:00
4075,U-2303,view_item,2026-05-11T17:22:00
4076,U-2304,view_item,2026-05-11T23:05:00
4077,U-2304,add_to_cart,2026-05-11T23:07:00
4078,U-2304,start_checkout,2026-05-11T23:09:00
4079,U-2305,view_item,2026-05-11T22:36:00
4080,U-2305,add_to_cart,2026-05-11T22:38:00
4081,U-2306,view_item,2026-05-11T01:34:00
4082,U-2306,add_to_cart,2026-05-11T01:36:00
4083,U-2306,start_checkout,2026-05-11T01:38:00
4084,U-2307,view_item,2026-05-11T05:12:00
4085,U-2308,view_item,2026-05-11T18:36:00
4086,U-2309,view_item,2026-05-11T12:30:00
4087,U-2310,view_item,2026-05-11T22:12:00
4088,U-2310,add_to_cart,2026-05-11T22:14:00
4089,U-2311,view_item,2026-05-11T16:14:00
4090,U-2312,view_item,2026-05-11T05:50:00
4091,U-2313,view_item,2026-05-11T01:27:00
4092,U-2314,view_item,2026-05-11T09:27:00
4093,U-2315,view_item,2026-05-11T16:15:00
4094,U-2315,add_to_cart,2026-05-11T16:17:00
4095,U-2316,view_item,2026-05-11T22:11:00
4096,U-2316,add_to_cart,2026-05-11T22:13:00
4097,U-2317,view_item,2026-05-11T13:54:00
4098,U-2317,add_to_cart,2026-05-11T13:56:00
4099,U-2317,start_checkout,2026-05-11T13:58:00
4100,U-2318,view_item,2026-05-11T22:04:00
4101,U-2319,view_item,2026-05-11T10:46:00
4102,U-2320,view_item,2026-05-11T08:04:00
4103,U-2321,view_item,2026-05-11T17:10:00
4104,U-2322,view_item,2026-05-11T04:36:00
4105,U-2323,view_item,2026-05-11T20:08:00
4106,U-2324,view_item,2026-05-11T04:11:00
4107,U-2324,add_to_cart,2026-05-11T04:13:00
4108,U-2325,view_item,2026-05-11T11:06:00
4109,U-2326,view_item,2026-05-11T13:39:00
4110,U-2327,view_item,2026-05-11T09:24:00
4111,U-2328,view_item,2026-05-11T09:36:00
4112,U-2329,view_item,2026-05-11T09:54:00
4113,U-2330,view_item,2026-05-11T18:34:00
4114,U-2330,add_to_cart,2026-05-11T18:36:00
4115,U-2330,start_checkout,2026-05-11T18:38:00
4116,U-2331,view_item,2026-05-11T20:57:00
4117,U-2332,view_item,2026-05-11T09:57:00
4118,U-2333,view_item,2026-05-11T04:09:00
4119,U-2334,view_item,2026-05-11T10:20:00
4120,U-2335,view_item,2026-05-11T03:07:00
4121,U-2335,add_to_cart,2026-05-11T03:09:00
4122,U-2336,view_item,2026-05-11T23:19:00
4123,U-2336,add_to_cart,2026-05-11T23:21:00
4124,U-2337,view_item,2026-05-11T11:13:00
4125,U-2338,view_item,2026-05-11T14:47:00
4126,U-2339,view_item,2026-05-11T01:35:00
4127,U-2339,add_to_cart,2026-05-11T01:37:00
4128,U-2339,start_checkout,2026-05-11T01:39:00
4129,U-2339,purchase,2026-05-11T01:41:00
4130,U-2340,view_item,2026-05-11T10:55:00
4131,U-2341,view_item,2026-05-11T05:19:00
4132,U-2342,view_item,2026-05-11T17:32:00
4133,U-2343,view_item,2026-05-11T08:54:00
4134,U-2344,view_item,2026-05-11T18:59:00
4135,U-2344,add_to_cart,2026-05-11T19:01:00
4136,U-2344,start_checkout,2026-05-11T19:03:00
4137,U-2345,view_item,2026-05-11T18:48:00
4138,U-2346,view_item,2026-05-11T22:46:00
4139,U-2346,add_to_cart,2026-05-11T22:48:00
4140,U-2346,start_checkout,2026-05-11T22:50:00
4141,U-2347,view_item,2026-05-11T02:44:00
4142,U-2348,view_item,2026-05-11T03:24:00
4143,U-2348,add_to_cart,2026-05-11T03:26:00
4144,U-2348,start_checkout,2026-05-11T03:28:00
4145,U-2349,view_item,2026-05-12T23:01:00
4146,U-2350,view_item,2026-05-12T21:50:00
4147,U-2351,view_item,2026-05-12T11:40:00
4148,U-2352,view_item,2026-05-12T12:43:00
4149,U-2353,view_item,2026-05-12T13:52:00
4150,U-2354,view_item,2026-05-12T16:37:00
4151,U-2354,add_to_cart,2026-05-12T16:39:00
4152,U-2355,view_item,2026-05-12T05:41:00
4153,U-2356,view_item,2026-05-12T14:54:00
4154,U-2356,add_to_cart,2026-05-12T14:56:00
4155,U-2357,view_item,2026-05-12T03:57:00
4156,U-2358,view_item,2026-05-12T01:00:00
4157,U-2358,add_to_cart,2026-05-12T01:02:00
4158,U-2359,view_item,2026-05-12T15:16:00
4159,U-2360,view_item,2026-05-12T20:14:00
4160,U-2360,add_to_cart,2026-05-12T20:16:00
4161,U-2361,view_item,2026-05-12T13:08:00
4162,U-2362,view_item,2026-05-12T21:01:00
4163,U-2363,view_item,2026-05-12T18:52:00
4164,U-2364,view_item,2026-05-12T04:31:00
4165,U-2365,view_item,2026-05-12T07:42:00
4166,U-2366,view_item,2026-05-12T07:49:00
4167,U-2366,add_to_cart,2026-05-12T07:51:00
4168,U-2367,view_item,2026-05-12T06:22:00
4169,U-2368,view_item,2026-05-12T05:19:00
4170,U-2368,add_to_cart,2026-05-12T05:21:00
4171,U-2368,start_checkout,2026-05-12T05:23:00
4172,U-2368,purchase,2026-05-12T05:25:00
4173,U-2369,view_item,2026-05-12T19:35:00
4174,U-2370,view_item,2026-05-12T03:14:00
4175,U-2371,view_item,2026-05-12T18:13:00
4176,U-2372,view_item,2026-05-12T14:36:00
4177,U-2373,view_item,2026-05-12T03:10:00
4178,U-2374,view_item,2026-05-12T05:12:00
4179,U-2374,add_to_cart,2026-05-12T05:14:00
4180,U-2375,view_item,2026-05-12T18:40:00
4181,U-2375,add_to_cart,2026-05-12T18:42:00
4182,U-2375,start_checkout,2026-05-12T18:44:00
4183,U-2375,purchase,2026-05-12T18:46:00
4184,U-2376,view_item,2026-05-12T15:40:00
4185,U-2376,add_to_cart,2026-05-12T15:42:00
4186,U-2377,view_item,2026-05-12T02:27:00
4187,U-2377,add_to_cart,2026-05-12T02:29:00
4188,U-2378,view_item,2026-05-12T10:46:00
4189,U-2379,view_item,2026-05-12T22:46:00
4190,U-2380,view_item,2026-05-12T00:01:00
4191,U-2380,add_to_cart,2026-05-12T00:03:00
4192,U-2380,start_checkout,2026-05-12T00:05:00
4193,U-2380,purchase,2026-05-12T00:07:00
4194,U-2381,view_item,2026-05-12T18:00:00
4195,U-2382,view_item,2026-05-12T12:27:00
4196,U-2383,view_item,2026-05-12T19:32:00
4197,U-2384,view_item,2026-05-12T13:28:00
4198,U-2385,view_item,2026-05-12T12:44:00
4199,U-2386,view_item,2026-05-12T16:50:00
4200,U-2387,view_item,2026-05-12T11:31:00
4201,U-2388,view_item,2026-05-12T14:02:00
4202,U-2388,add_to_cart,2026-05-12T14:04:00
4203,U-2388,start_checkout,2026-05-12T14:06:00
4204,U-2389,view_item,2026-05-12T12:15:00
4205,U-2389,add_to_cart,2026-05-12T12:17:00
4206,U-2389,start_checkout,2026-05-12T12:19:00
4207,U-2389,purchase,2026-05-12T12:21:00
4208,U-2390,view_item,2026-05-12T09:31:00
4209,U-2391,view_item,2026-05-12T21:04:00
4210,U-2392,view_item,2026-05-12T18:46:00
4211,U-2392,add_to_cart,2026-05-12T18:48:00
4212,U-2393,view_item,2026-05-12T09:47:00
4213,U-2393,add_to_cart,2026-05-12T09:49:00
4214,U-2394,view_item,2026-05-12T13:56:00
4215,U-2395,view_item,2026-05-12T23:32:00
4216,U-2396,view_item,2026-05-12T10:50:00
4217,U-2397,view_item,2026-05-12T16:15:00
4218,U-2398,view_item,2026-05-12T10:57:00
4219,U-2398,add_to_cart,2026-05-12T10:59:00
4220,U-2399,view_item,2026-05-12T11:56:00
4221,U-2399,add_to_cart,2026-05-12T11:58:00
4222,U-2399,start_checkout,2026-05-12T12:00:00
4223,U-2400,view_item,2026-05-12T00:04:00
4224,U-2401,view_item,2026-05-12T00:25:00
4225,U-2401,add_to_cart,2026-05-12T00:27:00
4226,U-2401,start_checkout,2026-05-12T00:29:00
4227,U-2401,purchase,2026-05-12T00:31:00
4228,U-2402,view_item,2026-05-12T21:19:00
4229,U-2403,view_item,2026-05-12T04:04:00
4230,U-2404,view_item,2026-05-12T00:28:00
4231,U-2405,view_item,2026-05-12T17:16:00
4232,U-2406,view_item,2026-05-12T02:59:00
4233,U-2407,view_item,2026-05-12T21:31:00
4234,U-2407,add_to_cart,2026-05-12T21:33:00
4235,U-2408,view_item,2026-05-12T23:03:00
4236,U-2408,add_to_cart,2026-05-12T23:05:00
4237,U-2408,start_checkout,2026-05-12T23:07:00
4238,U-2408,purchase,2026-05-12T23:09:00
4239,U-2409,view_item,2026-05-12T23:37:00
4240,U-2409,add_to_cart,2026-05-12T23:39:00
4241,U-2410,view_item,2026-05-12T15:57:00
4242,U-2411,view_item,2026-05-12T09:04:00
4243,U-2412,view_item,2026-05-12T14:00:00
4244,U-2413,view_item,2026-05-12T00:39:00
4245,U-2414,view_item,2026-05-12T23:40:00
4246,U-2415,view_item,2026-05-12T12:23:00
4247,U-2416,view_item,2026-05-12T18:39:00
4248,U-2416,add_to_cart,2026-05-12T18:41:00
4249,U-2416,start_checkout,2026-05-12T18:43:00
4250,U-2416,purchase,2026-05-12T18:45:00
4251,U-2417,view_item,2026-05-12T10:11:00
4252,U-2418,view_item,2026-05-12T13:14:00
4253,U-2419,view_item,2026-05-12T04:17:00
4254,U-2420,view_item,2026-05-12T13:15:00
4255,U-2421,view_item,2026-05-12T20:09:00
4256,U-2422,view_item,2026-05-12T07:49:00
4257,U-2422,add_to_cart,2026-05-12T07:51:00
4258,U-2423,view_item,2026-05-12T21:36:00
4259,U-2423,add_to_cart,2026-05-12T21:38:00
4260,U-2424,view_item,2026-05-12T01:04:00
4261,U-2424,add_to_cart,2026-05-12T01:06:00
4262,U-2424,start_checkout,2026-05-12T01:08:00
4263,U-2424,purchase,2026-05-12T01:10:00
4264,U-2425,view_item,2026-05-12T15:15:00
4265,U-2426,view_item,2026-05-12T03:43:00
4266,U-2426,add_to_cart,2026-05-12T03:45:00
4267,U-2426,start_checkout,2026-05-12T03:47:00
4268,U-2426,purchase,2026-05-12T03:49:00
4269,U-2427,view_item,2026-05-12T19:06:00
4270,U-2428,view_item,2026-05-12T17:28:00
4271,U-2428,add_to_cart,2026-05-12T17:30:00
4272,U-2429,view_item,2026-05-12T03:35:00
4273,U-2430,view_item,2026-05-12T09:30:00
4274,U-2431,view_item,2026-05-12T17:51:00
4275,U-2432,view_item,2026-05-12T18:45:00
4276,U-2432,add_to_cart,2026-05-12T18:47:00
4277,U-2432,start_checkout,2026-05-12T18:49:00
4278,U-2433,view_item,2026-05-12T14:55:00
4279,U-2434,view_item,2026-05-12T17:09:00
4280,U-2434,add_to_cart,2026-05-12T17:11:00
4281,U-2434,start_checkout,2026-05-12T17:13:00
4282,U-2434,purchase,2026-05-12T17:15:00
4283,U-2435,view_item,2026-05-12T17:42:00
4284,U-2436,view_item,2026-05-12T06:41:00
4285,U-2437,view_item,2026-05-12T19:35:00
4286,U-2438,view_item,2026-05-12T03:27:00
4287,U-2439,view_item,2026-05-12T03:31:00
4288,U-2439,add_to_cart,2026-05-12T03:33:00
4289,U-2439,start_checkout,2026-05-12T03:35:00
4290,U-2440,view_item,2026-05-12T09:30:00
4291,U-2440,add_to_cart,2026-05-12T09:32:00
4292,U-2440,start_checkout,2026-05-12T09:34:00
4293,U-2440,purchase,2026-05-12T09:36:00
4294,U-2441,view_item,2026-05-12T20:50:00
4295,U-2441,add_to_cart,2026-05-12T20:52:00
4296,U-2442,view_item,2026-05-12T12:39:00
4297,U-2442,add_to_cart,2026-05-12T12:41:00
4298,U-2442,start_checkout,2026-05-12T12:43:00
4299,U-2442,purchase,2026-05-12T12:45:00
4300,U-2443,view_item,2026-05-12T14:01:00
4301,U-2444,view_item,2026-05-12T15:51:00
4302,U-2445,view_item,2026-05-12T09:19:00
4303,U-2445,add_to_cart,2026-05-12T09:21:00
4304,U-2446,view_item,2026-05-12T15:52:00
4305,U-2446,add_to_cart,2026-05-12T15:54:00
4306,U-2447,view_item,2026-05-12T02:26:00
4307,U-2448,view_item,2026-05-12T02:53:00
4308,U-2448,add_to_cart,2026-05-12T02:55:00
4309,U-2449,view_item,2026-05-12T06:21:00
4310,U-2449,add_to_cart,2026-05-12T06:23:00
4311,U-2449,start_checkout,2026-05-12T06:25:00
4312,U-2449,purchase,2026-05-12T06:27:00
4313,U-2450,view_item,2026-05-12T17:54:00
4314,U-2451,view_item,2026-05-12T06:46:00
4315,U-2452,view_item,2026-05-12T07:29:00
4316,U-2453,view_item,2026-05-12T12:37:00
4317,U-2454,view_item,2026-05-12T01:04:00
4318,U-2454,add_to_cart,2026-05-12T01:06:00
4319,U-2454,start_checkout,2026-05-12T01:08:00
4320,U-2455,view_item,2026-05-12T18:14:00
4321,U-2455,add_to_cart,2026-05-12T18:16:00
4322,U-2455,start_checkout,2026-05-12T18:18:00
4323,U-2455,purchase,2026-05-12T18:20:00
4324,U-2456,view_item,2026-05-12T02:34:00
4325,U-2456,add_to_cart,2026-05-12T02:36:00
4326,U-2457,view_item,2026-05-12T17:04:00
4327,U-2458,view_item,2026-05-12T10:04:00
4328,U-2458,add_to_cart,2026-05-12T10:06:00
4329,U-2459,view_item,2026-05-12T15:14:00
4330,U-2459,add_to_cart,2026-05-12T15:16:00
4331,U-2460,view_item,2026-05-12T16:10:00
4332,U-2460,add_to_cart,2026-05-12T16:12:00
4333,U-2461,view_item,2026-05-12T16:57:00
4334,U-2462,view_item,2026-05-12T05:38:00
4335,U-2463,view_item,2026-05-12T10:51:00
4336,U-2464,view_item,2026-05-12T05:56:00
4337,U-2465,view_item,2026-05-12T17:23:00
4338,U-2465,add_to_cart,2026-05-12T17:25:00
4339,U-2466,view_item,2026-05-12T02:33:00
4340,U-2467,view_item,2026-05-12T16:28:00
4341,U-2468,view_item,2026-05-12T12:48:00
4342,U-2469,view_item,2026-05-12T09:23:00
4343,U-2469,add_to_cart,2026-05-12T09:25:00
4344,U-2469,start_checkout,2026-05-12T09:27:00
4345,U-2469,purchase,2026-05-12T09:29:00
4346,U-2470,view_item,2026-05-12T17:07:00
4347,U-2470,add_to_cart,2026-05-12T17:09:00
4348,U-2470,start_checkout,2026-05-12T17:11:00
4349,U-2471,view_item,2026-05-12T06:25:00
4350,U-2472,view_item,2026-05-12T13:04:00
4351,U-2472,add_to_cart,2026-05-12T13:06:00
4352,U-2473,view_item,2026-05-12T10:54:00
4353,U-2473,add_to_cart,2026-05-12T10:56:00
4354,U-2474,view_item,2026-05-12T05:39:00
4355,U-2474,add_to_cart,2026-05-12T05:41:00
4356,U-2474,start_checkout,2026-05-12T05:43:00
4357,U-2474,purchase,2026-05-12T05:45:00
4358,U-2475,view_item,2026-05-12T13:31:00
4359,U-2476,view_item,2026-05-12T22:37:00
4360,U-2477,view_item,2026-05-12T02:32:00
4361,U-2478,view_item,2026-05-12T17:09:00
4362,U-2479,view_item,2026-05-12T20:40:00
4363,U-2479,add_to_cart,2026-05-12T20:42:00
4364,U-2479,start_checkout,2026-05-12T20:44:00
4365,U-2480,view_item,2026-05-12T03:25:00
4366,U-2480,add_to_cart,2026-05-12T03:27:00
4367,U-2480,start_checkout,2026-05-12T03:29:00
4368,U-2480,purchase,2026-05-12T03:31:00
4369,U-2481,view_item,2026-05-12T09:03:00
4370,U-2482,view_item,2026-05-12T01:57:00
4371,U-2483,view_item,2026-05-12T11:07:00
4372,U-2484,view_item,2026-05-12T08:31:00
4373,U-2485,view_item,2026-05-12T07:10:00
4374,U-2485,add_to_cart,2026-05-12T07:12:00
4375,U-2485,start_checkout,2026-05-12T07:14:00
4376,U-2485,purchase,2026-05-12T07:16:00
4377,U-2486,view_item,2026-05-12T12:54:00
4378,U-2486,add_to_cart,2026-05-12T12:56:00
4379,U-2486,start_checkout,2026-05-12T12:58:00
4380,U-2486,purchase,2026-05-12T13:00:00
4381,U-2487,view_item,2026-05-12T07:29:00
4382,U-2487,add_to_cart,2026-05-12T07:31:00
4383,U-2488,view_item,2026-05-12T14:36:00
4384,U-2489,view_item,2026-05-12T00:34:00
4385,U-2490,view_item,2026-05-12T06:18:00
4386,U-2491,view_item,2026-05-12T17:02:00
4387,U-2492,view_item,2026-05-12T22:51:00
4388,U-2493,view_item,2026-05-12T15:39:00
4389,U-2494,view_item,2026-05-12T19:38:00
4390,U-2495,view_item,2026-05-12T10:14:00
4391,U-2496,view_item,2026-05-12T02:27:00
4392,U-2497,view_item,2026-05-12T00:01:00
4393,U-2498,view_item,2026-05-12T03:15:00
4394,U-2498,add_to_cart,2026-05-12T03:17:00
4395,U-2498,start_checkout,2026-05-12T03:19:00
4396,U-2498,purchase,2026-05-12T03:21:00
4397,U-2499,view_item,2026-05-12T17:12:00
4398,U-2500,view_item,2026-05-12T14:57:00
4399,U-2501,view_item,2026-05-12T22:03:00
4400,U-2501,add_to_cart,2026-05-12T22:05:00
4401,U-2501,start_checkout,2026-05-12T22:07:00
4402,U-2502,view_item,2026-05-12T14:41:00
4403,U-2503,view_item,2026-05-12T17:23:00
4404,U-2503,add_to_cart,2026-05-12T17:25:00
4405,U-2503,start_checkout,2026-05-12T17:27:00
4406,U-2504,view_item,2026-05-12T15:01:00
4407,U-2504,add_to_cart,2026-05-12T15:03:00
4408,U-2505,view_item,2026-05-12T14:49:00
4409,U-2506,view_item,2026-05-12T06:23:00
4410,U-2507,view_item,2026-05-12T22:18:00
4411,U-2508,view_item,2026-05-12T10:12:00
4412,U-2509,view_item,2026-05-12T22:29:00
4413,U-2510,view_item,2026-05-12T14:41:00
4414,U-2511,view_item,2026-05-12T19:39:00
4415,U-2511,add_to_cart,2026-05-12T19:41:00
4416,U-2511,start_checkout,2026-05-12T19:43:00
4417,U-2512,view_item,2026-05-12T16:33:00
4418,U-2513,view_item,2026-05-12T08:43:00
4419,U-2514,view_item,2026-05-12T20:53:00
4420,U-2515,view_item,2026-05-12T23:17:00
4421,U-2516,view_item,2026-05-12T04:18:00
4422,U-2517,view_item,2026-05-12T11:48:00
4423,U-2517,add_to_cart,2026-05-12T11:50:00
4424,U-2517,start_checkout,2026-05-12T11:52:00
4425,U-2518,view_item,2026-05-12T07:22:00
4426,U-2519,view_item,2026-05-12T16:32:00
4427,U-2519,add_to_cart,2026-05-12T16:34:00
4428,U-2519,start_checkout,2026-05-12T16:36:00
4429,U-2520,view_item,2026-05-12T19:47:00
4430,U-2520,add_to_cart,2026-05-12T19:49:00
4431,U-2521,view_item,2026-05-12T14:28:00
4432,U-2522,view_item,2026-05-12T18:34:00
4433,U-2522,add_to_cart,2026-05-12T18:36:00
4434,U-2523,view_item,2026-05-12T21:54:00
4435,U-2523,add_to_cart,2026-05-12T21:56:00
4436,U-2523,start_checkout,2026-05-12T21:58:00
4437,U-2523,purchase,2026-05-12T22:00:00
4438,U-2524,view_item,2026-05-12T10:39:00
4439,U-2525,view_item,2026-05-12T12:45:00
4440,U-2525,add_to_cart,2026-05-12T12:47:00
4441,U-2525,start_checkout,2026-05-12T12:49:00
4442,U-2525,purchase,2026-05-12T12:51:00
4443,U-2526,view_item,2026-05-12T17:15:00
4444,U-2527,view_item,2026-05-12T03:20:00
4445,U-2527,add_to_cart,2026-05-12T03:22:00
4446,U-2527,start_checkout,2026-05-12T03:24:00
4447,U-2528,view_item,2026-05-12T07:18:00
4448,U-2529,view_item,2026-05-12T06:14:00
4449,U-2530,view_item,2026-05-12T18:43:00
4450,U-2531,view_item,2026-05-12T17:09:00
4451,U-2531,add_to_cart,2026-05-12T17:11:00
4452,U-2532,view_item,2026-05-12T00:56:00
4453,U-2532,add_to_cart,2026-05-12T00:58:00
4454,U-2533,view_item,2026-05-12T19:52:00
4455,U-2534,view_item,2026-05-12T03:53:00
4456,U-2535,view_item,2026-05-12T21:49:00
4457,U-2535,add_to_cart,2026-05-12T21:51:00
4458,U-2536,view_item,2026-05-12T05:18:00
4459,U-2537,view_item,2026-05-12T23:14:00
4460,U-2537,add_to_cart,2026-05-12T23:16:00
4461,U-2538,view_item,2026-05-12T14:04:00
4462,U-2538,add_to_cart,2026-05-12T14:06:00
4463,U-2539,view_item,2026-05-12T15:32:00
4464,U-2540,view_item,2026-05-12T13:45:00
4465,U-2541,view_item,2026-05-12T20:28:00
4466,U-2541,add_to_cart,2026-05-12T20:30:00
4467,U-2542,view_item,2026-05-12T05:38:00
4468,U-2543,view_item,2026-05-12T13:42:00
4469,U-2543,add_to_cart,2026-05-12T13:44:00
4470,U-2543,start_checkout,2026-05-12T13:46:00
4471,U-2544,view_item,2026-05-12T13:52:00
4472,U-2545,view_item,2026-05-12T10:20:00
4473,U-2546,view_item,2026-05-12T19:14:00
4474,U-2546,add_to_cart,2026-05-12T19:16:00
4475,U-2547,view_item,2026-05-12T18:25:00
4476,U-2547,add_to_cart,2026-05-12T18:27:00
4477,U-2548,view_item,2026-05-12T08:27:00
4478,U-2549,view_item,2026-05-12T11:50:00
4479,U-2549,add_to_cart,2026-05-12T11:52:00
4480,U-2549,start_checkout,2026-05-12T11:54:00
4481,U-2550,view_item,2026-05-12T20:31:00
4482,U-2551,view_item,2026-05-12T12:44:00
4483,U-2552,view_item,2026-05-12T09:29:00
4484,U-2553,view_item,2026-05-12T12:26:00
4485,U-2554,view_item,2026-05-12T09:40:00
4486,U-2555,view_item,2026-05-12T20:20:00
4487,U-2555,add_to_cart,2026-05-12T20:22:00
4488,U-2556,view_item,2026-05-12T01:45:00
4489,U-2557,view_item,2026-05-12T06:50:00
4490,U-2558,view_item,2026-05-12T18:30:00
4491,U-2559,view_item,2026-05-12T21:16:00
4492,U-2559,add_to_cart,2026-05-12T21:18:00
4493,U-2559,start_checkout,2026-05-12T21:20:00
4494,U-2559,purchase,2026-05-12T21:22:00
4495,U-2560,view_item,2026-05-12T01:26:00
4496,U-2561,view_item,2026-05-12T08:45:00
4497,U-2561,add_to_cart,2026-05-12T08:47:00
4498,U-2561,start_checkout,2026-05-12T08:49:00
4499,U-2562,view_item,2026-05-12T03:48:00
4500,U-2562,add_to_cart,2026-05-12T03:50:00
4501,U-2563,view_item,2026-05-12T05:10:00
4502,U-2563,add_to_cart,2026-05-12T05:12:00
4503,U-2563,start_checkout,2026-05-12T05:14:00
4504,U-2563,purchase,2026-05-12T05:16:00
4505,U-2564,view_item,2026-05-12T02:50:00
4506,U-2564,add_to_cart,2026-05-12T02:52:00
4507,U-2564,start_checkout,2026-05-12T02:54:00
4508,U-2564,purchase,2026-05-12T02:56:00
4509,U-2565,view_item,2026-05-12T05:31:00
4510,U-2566,view_item,2026-05-12T21:25:00
4511,U-2566,add_to_cart,2026-05-12T21:27:00
4512,U-2566,start_checkout,2026-05-12T21:29:00
4513,U-2567,view_item,2026-05-12T10:21:00
4514,U-2567,add_to_cart,2026-05-12T10:23:00
4515,U-2568,view_item,2026-05-12T09:59:00
4516,U-2569,view_item,2026-05-13T10:11:00
4517,U-2569,add_to_cart,2026-05-13T10:13:00
4518,U-2569,start_checkout,2026-05-13T10:15:00
4519,U-2569,purchase,2026-05-13T10:17:00
4520,U-2570,view_item,2026-05-13T07:33:00
4521,U-2571,view_item,2026-05-13T04:41:00
4522,U-2572,view_item,2026-05-13T15:46:00
4523,U-2572,add_to_cart,2026-05-13T15:48:00
4524,U-2573,view_item,2026-05-13T02:39:00
4525,U-2574,view_item,2026-05-13T07:28:00
4526,U-2575,view_item,2026-05-13T12:02:00
4527,U-2576,view_item,2026-05-13T14:10:00
4528,U-2577,view_item,2026-05-13T16:03:00
4529,U-2577,add_to_cart,2026-05-13T16:05:00
4530,U-2578,view_item,2026-05-13T13:15:00
4531,U-2578,add_to_cart,2026-05-13T13:17:00
4532,U-2578,start_checkout,2026-05-13T13:19:00
4533,U-2579,view_item,2026-05-13T07:06:00
4534,U-2580,view_item,2026-05-13T01:14:00
4535,U-2580,add_to_cart,2026-05-13T01:16:00
4536,U-2580,start_checkout,2026-05-13T01:18:00
4537,U-2581,view_item,2026-05-13T13:09:00
4538,U-2582,view_item,2026-05-13T02:15:00
4539,U-2583,view_item,2026-05-13T21:46:00
4540,U-2583,add_to_cart,2026-05-13T21:48:00
4541,U-2584,view_item,2026-05-13T20:49:00
4542,U-2585,view_item,2026-05-13T18:54:00
4543,U-2585,add_to_cart,2026-05-13T18:56:00
4544,U-2585,start_checkout,2026-05-13T18:58:00
4545,U-2585,purchase,2026-05-13T19:00:00
4546,U-2586,view_item,2026-05-13T10:17:00
4547,U-2586,add_to_cart,2026-05-13T10:19:00
4548,U-2586,start_checkout,2026-05-13T10:21:00
4549,U-2587,view_item,2026-05-13T03:14:00
4550,U-2587,add_to_cart,2026-05-13T03:16:00
4551,U-2587,start_checkout,2026-05-13T03:18:00
4552,U-2587,purchase,2026-05-13T03:20:00
4553,U-2588,view_item,2026-05-13T11:57:00
4554,U-2589,view_item,2026-05-13T15:16:00
4555,U-2590,view_item,2026-05-13T21:37:00
4556,U-2591,view_item,2026-05-13T20:27:00
4557,U-2592,view_item,2026-05-13T01:51:00
4558,U-2592,add_to_cart,2026-05-13T01:53:00
4559,U-2592,start_checkout,2026-05-13T01:55:00
4560,U-2592,purchase,2026-05-13T01:57:00
4561,U-2593,view_item,2026-05-13T04:23:00
4562,U-2594,view_item,2026-05-13T02:01:00
4563,U-2594,add_to_cart,2026-05-13T02:03:00
4564,U-2594,start_checkout,2026-05-13T02:05:00
4565,U-2594,purchase,2026-05-13T02:07:00
4566,U-2595,view_item,2026-05-13T05:39:00
4567,U-2596,view_item,2026-05-13T23:23:00
4568,U-2597,view_item,2026-05-13T16:39:00
4569,U-2598,view_item,2026-05-13T20:40:00
4570,U-2599,view_item,2026-05-13T01:28:00
4571,U-2599,add_to_cart,2026-05-13T01:30:00
4572,U-2599,start_checkout,2026-05-13T01:32:00
4573,U-2600,view_item,2026-05-13T04:05:00
4574,U-2600,add_to_cart,2026-05-13T04:07:00
4575,U-2600,start_checkout,2026-05-13T04:09:00
4576,U-2601,view_item,2026-05-13T12:20:00
4577,U-2601,add_to_cart,2026-05-13T12:22:00
4578,U-2601,start_checkout,2026-05-13T12:24:00
4579,U-2602,view_item,2026-05-13T02:57:00
4580,U-2602,add_to_cart,2026-05-13T02:59:00
4581,U-2602,start_checkout,2026-05-13T03:01:00
4582,U-2602,purchase,2026-05-13T03:03:00
4583,U-2603,view_item,2026-05-13T17:46:00
4584,U-2603,add_to_cart,2026-05-13T17:48:00
4585,U-2603,start_checkout,2026-05-13T17:50:00
4586,U-2604,view_item,2026-05-13T18:01:00
4587,U-2605,view_item,2026-05-13T12:42:00
4588,U-2605,add_to_cart,2026-05-13T12:44:00
4589,U-2605,start_checkout,2026-05-13T12:46:00
4590,U-2606,view_item,2026-05-13T04:26:00
4591,U-2606,add_to_cart,2026-05-13T04:28:00
4592,U-2607,view_item,2026-05-13T13:19:00
4593,U-2608,view_item,2026-05-13T19:51:00
4594,U-2608,add_to_cart,2026-05-13T19:53:00
4595,U-2609,view_item,2026-05-13T03:22:00
4596,U-2610,view_item,2026-05-13T17:27:00
4597,U-2610,add_to_cart,2026-05-13T17:29:00
4598,U-2611,view_item,2026-05-13T22:07:00
4599,U-2612,view_item,2026-05-13T19:18:00
4600,U-2613,view_item,2026-05-13T08:04:00
4601,U-2614,view_item,2026-05-13T12:11:00
4602,U-2615,view_item,2026-05-13T05:01:00
4603,U-2616,view_item,2026-05-13T22:05:00
4604,U-2616,add_to_cart,2026-05-13T22:07:00
4605,U-2616,start_checkout,2026-05-13T22:09:00
4606,U-2617,view_item,2026-05-13T05:34:00
4607,U-2617,add_to_cart,2026-05-13T05:36:00
4608,U-2617,start_checkout,2026-05-13T05:38:00
4609,U-2618,view_item,2026-05-13T20:45:00
4610,U-2619,view_item,2026-05-13T12:50:00
4611,U-2619,add_to_cart,2026-05-13T12:52:00
4612,U-2619,start_checkout,2026-05-13T12:54:00
4613,U-2619,purchase,2026-05-13T12:56:00
4614,U-2620,view_item,2026-05-13T05:17:00
4615,U-2621,view_item,2026-05-13T07:26:00
4616,U-2622,view_item,2026-05-13T14:12:00
4617,U-2623,view_item,2026-05-13T01:19:00
4618,U-2623,add_to_cart,2026-05-13T01:21:00
4619,U-2623,start_checkout,2026-05-13T01:23:00
4620,U-2623,purchase,2026-05-13T01:25:00
4621,U-2624,view_item,2026-05-13T00:24:00
4622,U-2625,view_item,2026-05-13T05:13:00
4623,U-2626,view_item,2026-05-13T02:52:00
4624,U-2626,add_to_cart,2026-05-13T02:54:00
4625,U-2626,start_checkout,2026-05-13T02:56:00
4626,U-2626,purchase,2026-05-13T02:58:00
4627,U-2627,view_item,2026-05-13T00:05:00
4628,U-2628,view_item,2026-05-13T12:12:00
4629,U-2629,view_item,2026-05-13T23:19:00
4630,U-2630,view_item,2026-05-13T03:05:00
4631,U-2631,view_item,2026-05-13T17:27:00
4632,U-2631,add_to_cart,2026-05-13T17:29:00
4633,U-2631,start_checkout,2026-05-13T17:31:00
4634,U-2631,purchase,2026-05-13T17:33:00
4635,U-2632,view_item,2026-05-13T07:29:00
4636,U-2633,view_item,2026-05-13T22:56:00
4637,U-2634,view_item,2026-05-13T09:02:00
4638,U-2635,view_item,2026-05-13T12:34:00
4639,U-2636,view_item,2026-05-13T08:54:00
4640,U-2636,add_to_cart,2026-05-13T08:56:00
4641,U-2636,start_checkout,2026-05-13T08:58:00
4642,U-2636,purchase,2026-05-13T09:00:00
4643,U-2637,view_item,2026-05-13T08:05:00
4644,U-2637,add_to_cart,2026-05-13T08:07:00
4645,U-2638,view_item,2026-05-13T05:57:00
4646,U-2639,view_item,2026-05-13T10:50:00
4647,U-2639,add_to_cart,2026-05-13T10:52:00
4648,U-2640,view_item,2026-05-13T17:55:00
4649,U-2640,add_to_cart,2026-05-13T17:57:00
4650,U-2641,view_item,2026-05-13T13:02:00
4651,U-2642,view_item,2026-05-13T17:45:00
4652,U-2643,view_item,2026-05-13T00:56:00
4653,U-2644,view_item,2026-05-13T18:10:00
4654,U-2644,add_to_cart,2026-05-13T18:12:00
4655,U-2645,view_item,2026-05-13T20:31:00
4656,U-2646,view_item,2026-05-13T01:53:00
4657,U-2647,view_item,2026-05-13T21:56:00
4658,U-2648,view_item,2026-05-13T19:43:00
4659,U-2648,add_to_cart,2026-05-13T19:45:00
4660,U-2648,start_checkout,2026-05-13T19:47:00
4661,U-2648,purchase,2026-05-13T19:49:00
4662,U-2649,view_item,2026-05-13T22:03:00
4663,U-2650,view_item,2026-05-13T12:41:00
4664,U-2651,view_item,2026-05-13T07:53:00
4665,U-2651,add_to_cart,2026-05-13T07:55:00
4666,U-2651,start_checkout,2026-05-13T07:57:00
4667,U-2651,purchase,2026-05-13T07:59:00
4668,U-2652,view_item,2026-05-13T05:45:00
4669,U-2652,add_to_cart,2026-05-13T05:47:00
4670,U-2652,start_checkout,2026-05-13T05:49:00
4671,U-2652,purchase,2026-05-13T05:51:00
4672,U-2653,view_item,2026-05-13T01:18:00
4673,U-2654,view_item,2026-05-13T06:27:00
4674,U-2655,view_item,2026-05-13T11:13:00
4675,U-2655,add_to_cart,2026-05-13T11:15:00
4676,U-2655,start_checkout,2026-05-13T11:17:00
4677,U-2655,purchase,2026-05-13T11:19:00
4678,U-2656,view_item,2026-05-13T13:02:00
4679,U-2657,view_item,2026-05-13T15:28:00
4680,U-2657,add_to_cart,2026-05-13T15:30:00
4681,U-2657,start_checkout,2026-05-13T15:32:00
4682,U-2657,purchase,2026-05-13T15:34:00
4683,U-2658,view_item,2026-05-13T16:24:00
4684,U-2658,add_to_cart,2026-05-13T16:26:00
4685,U-2659,view_item,2026-05-13T01:10:00
4686,U-2659,add_to_cart,2026-05-13T01:12:00
4687,U-2659,start_checkout,2026-05-13T01:14:00
4688,U-2659,purchase,2026-05-13T01:16:00
4689,U-2660,view_item,2026-05-13T04:53:00
4690,U-2660,add_to_cart,2026-05-13T04:55:00
4691,U-2660,start_checkout,2026-05-13T04:57:00
4692,U-2660,purchase,2026-05-13T04:59:00
4693,U-2661,view_item,2026-05-13T18:06:00
4694,U-2662,view_item,2026-05-13T02:12:00
4695,U-2663,view_item,2026-05-13T16:16:00
4696,U-2664,view_item,2026-05-13T01:51:00
4697,U-2664,add_to_cart,2026-05-13T01:53:00
4698,U-2665,view_item,2026-05-13T18:57:00
4699,U-2666,view_item,2026-05-13T22:21:00
4700,U-2666,add_to_cart,2026-05-13T22:23:00
4701,U-2667,view_item,2026-05-13T06:37:00
4702,U-2667,add_to_cart,2026-05-13T06:39:00
4703,U-2668,view_item,2026-05-13T08:40:00
4704,U-2669,view_item,2026-05-13T12:30:00
4705,U-2670,view_item,2026-05-13T20:24:00
4706,U-2671,view_item,2026-05-13T23:30:00
4707,U-2672,view_item,2026-05-13T17:37:00
4708,U-2673,view_item,2026-05-13T10:40:00
4709,U-2674,view_item,2026-05-13T23:42:00
4710,U-2675,view_item,2026-05-13T04:03:00
4711,U-2676,view_item,2026-05-13T18:36:00
4712,U-2676,add_to_cart,2026-05-13T18:38:00
4713,U-2677,view_item,2026-05-13T13:46:00
4714,U-2677,add_to_cart,2026-05-13T13:48:00
4715,U-2677,start_checkout,2026-05-13T13:50:00
4716,U-2677,purchase,2026-05-13T13:52:00
4717,U-2678,view_item,2026-05-13T00:15:00
4718,U-2679,view_item,2026-05-13T10:39:00
4719,U-2679,add_to_cart,2026-05-13T10:41:00
4720,U-2679,start_checkout,2026-05-13T10:43:00
4721,U-2679,purchase,2026-05-13T10:45:00
4722,U-2680,view_item,2026-05-13T04:13:00
4723,U-2680,add_to_cart,2026-05-13T04:15:00
4724,U-2681,view_item,2026-05-13T19:32:00
4725,U-2681,add_to_cart,2026-05-13T19:34:00
4726,U-2681,start_checkout,2026-05-13T19:36:00
4727,U-2681,purchase,2026-05-13T19:38:00
4728,U-2682,view_item,2026-05-13T05:56:00
4729,U-2683,view_item,2026-05-13T15:46:00
4730,U-2683,add_to_cart,2026-05-13T15:48:00
4731,U-2684,view_item,2026-05-13T03:35:00
4732,U-2684,add_to_cart,2026-05-13T03:37:00
4733,U-2685,view_item,2026-05-13T21:46:00
4734,U-2686,view_item,2026-05-13T23:05:00
4735,U-2687,view_item,2026-05-13T15:14:00
4736,U-2687,add_to_cart,2026-05-13T15:16:00
4737,U-2687,start_checkout,2026-05-13T15:18:00
4738,U-2687,purchase,2026-05-13T15:20:00
4739,U-2688,view_item,2026-05-13T09:54:00
4740,U-2688,add_to_cart,2026-05-13T09:56:00
4741,U-2688,start_checkout,2026-05-13T09:58:00
4742,U-2688,purchase,2026-05-13T10:00:00
4743,U-2689,view_item,2026-05-13T23:51:00
4744,U-2690,view_item,2026-05-13T05:13:00
4745,U-2690,add_to_cart,2026-05-13T05:15:00
4746,U-2690,start_checkout,2026-05-13T05:17:00
4747,U-2690,purchase,2026-05-13T05:19:00
4748,U-2691,view_item,2026-05-13T06:30:00
4749,U-2692,view_item,2026-05-13T16:43:00
4750,U-2693,view_item,2026-05-13T03:38:00
4751,U-2694,view_item,2026-05-13T01:22:00
4752,U-2695,view_item,2026-05-13T02:11:00
4753,U-2695,add_to_cart,2026-05-13T02:13:00
4754,U-2695,start_checkout,2026-05-13T02:15:00
4755,U-2695,purchase,2026-05-13T02:17:00
4756,U-2696,view_item,2026-05-13T01:17:00
4757,U-2697,view_item,2026-05-13T17:38:00
4758,U-2698,view_item,2026-05-13T03:46:00
4759,U-2699,view_item,2026-05-13T07:53:00
4760,U-2699,add_to_cart,2026-05-13T07:55:00
4761,U-2700,view_item,2026-05-13T04:48:00
4762,U-2701,view_item,2026-05-13T14:55:00
4763,U-2701,add_to_cart,2026-05-13T14:57:00
4764,U-2702,view_item,2026-05-13T21:10:00
4765,U-2703,view_item,2026-05-13T11:44:00
4766,U-2704,view_item,2026-05-13T04:07:00
4767,U-2705,view_item,2026-05-13T13:30:00
4768,U-2705,add_to_cart,2026-05-13T13:32:00
4769,U-2705,start_checkout,2026-05-13T13:34:00
4770,U-2705,purchase,2026-05-13T13:36:00
4771,U-2706,view_item,2026-05-13T19:30:00
4772,U-2707,view_item,2026-05-13T20:14:00
4773,U-2707,add_to_cart,2026-05-13T20:16:00
4774,U-2708,view_item,2026-05-13T01:30:00
4775,U-2708,add_to_cart,2026-05-13T01:32:00
4776,U-2709,view_item,2026-05-13T01:22:00
4777,U-2710,view_item,2026-05-13T06:53:00
4778,U-2710,add_to_cart,2026-05-13T06:55:00
4779,U-2710,start_checkout,2026-05-13T06:57:00
4780,U-2710,purchase,2026-05-13T06:59:00
4781,U-2711,view_item,2026-05-13T07:49:00
4782,U-2711,add_to_cart,2026-05-13T07:51:00
4783,U-2711,start_checkout,2026-05-13T07:53:00
4784,U-2712,view_item,2026-05-13T08:00:00
4785,U-2712,add_to_cart,2026-05-13T08:02:00
4786,U-2712,start_checkout,2026-05-13T08:04:00
4787,U-2712,purchase,2026-05-13T08:06:00
4788,U-2713,view_item,2026-05-13T09:58:00
4789,U-2714,view_item,2026-05-13T10:54:00
4790,U-2715,view_item,2026-05-13T19:40:00
4791,U-2716,view_item,2026-05-13T20:54:00
4792,U-2717,view_item,2026-05-13T06:38:00
4793,U-2717,add_to_cart,2026-05-13T06:40:00
4794,U-2718,view_item,2026-05-13T17:11:00
4795,U-2719,view_item,2026-05-13T23:46:00
4796,U-2719,add_to_cart,2026-05-13T23:48:00
4797,U-2719,start_checkout,2026-05-13T23:50:00
4798,U-2720,view_item,2026-05-13T13:44:00
4799,U-2720,add_to_cart,2026-05-13T13:46:00
4800,U-2721,view_item,2026-05-13T13:37:00
4801,U-2722,view_item,2026-05-13T08:56:00
4802,U-2722,add_to_cart,2026-05-13T08:58:00
4803,U-2722,start_checkout,2026-05-13T09:00:00
4804,U-2722,purchase,2026-05-13T09:02:00
4805,U-2723,view_item,2026-05-13T01:19:00
4806,U-2724,view_item,2026-05-13T19:40:00
4807,U-2725,view_item,2026-05-13T05:44:00
4808,U-2726,view_item,2026-05-13T17:59:00
4809,U-2727,view_item,2026-05-13T18:31:00
4810,U-2728,view_item,2026-05-13T19:34:00
4811,U-2729,view_item,2026-05-13T22:17:00
4812,U-2730,view_item,2026-05-13T02:32:00
4813,U-2730,add_to_cart,2026-05-13T02:34:00
4814,U-2730,start_checkout,2026-05-13T02:36:00
4815,U-2731,view_item,2026-05-13T06:59:00
4816,U-2731,add_to_cart,2026-05-13T07:01:00
4817,U-2731,start_checkout,2026-05-13T07:03:00
4818,U-2732,view_item,2026-05-13T20:02:00
4819,U-2732,add_to_cart,2026-05-13T20:04:00
4820,U-2732,start_checkout,2026-05-13T20:06:00
4821,U-2733,view_item,2026-05-13T03:36:00
4822,U-2734,view_item,2026-05-13T20:20:00
4823,U-2735,view_item,2026-05-13T11:28:00
4824,U-2735,add_to_cart,2026-05-13T11:30:00
4825,U-2736,view_item,2026-05-13T08:05:00
4826,U-2737,view_item,2026-05-13T07:56:00
4827,U-2737,add_to_cart,2026-05-13T07:58:00
4828,U-2737,start_checkout,2026-05-13T08:00:00
4829,U-2737,purchase,2026-05-13T08:02:00
4830,U-2738,view_item,2026-05-13T07:42:00
4831,U-2738,add_to_cart,2026-05-13T07:44:00
4832,U-2738,start_checkout,2026-05-13T07:46:00
4833,U-2739,view_item,2026-05-13T20:34:00
4834,U-2740,view_item,2026-05-13T06:08:00
4835,U-2741,view_item,2026-05-13T08:11:00
4836,U-2742,view_item,2026-05-13T20:05:00
4837,U-2742,add_to_cart,2026-05-13T20:07:00
4838,U-2742,start_checkout,2026-05-13T20:09:00
4839,U-2743,view_item,2026-05-13T08:30:00
4840,U-2743,add_to_cart,2026-05-13T08:32:00
4841,U-2743,start_checkout,2026-05-13T08:34:00
4842,U-2744,view_item,2026-05-13T00:30:00
4843,U-2744,add_to_cart,2026-05-13T00:32:00
4844,U-2744,start_checkout,2026-05-13T00:34:00
4845,U-2744,purchase,2026-05-13T00:36:00
4846,U-2745,view_item,2026-05-13T20:56:00
4847,U-2745,add_to_cart,2026-05-13T20:58:00
4848,U-2746,view_item,2026-05-13T15:39:00
4849,U-2747,view_item,2026-05-13T21:06:00
4850,U-2747,add_to_cart,2026-05-13T21:08:00
4851,U-2748,view_item,2026-05-13T10:22:00
4852,U-2749,view_item,2026-05-13T07:34:00
4853,U-2749,add_to_cart,2026-05-13T07:36:00
4854,U-2749,start_checkout,2026-05-13T07:38:00
4855,U-2749,purchase,2026-05-13T07:40:00
4856,U-2750,view_item,2026-05-13T09:34:00
4857,U-2750,add_to_cart,2026-05-13T09:36:00
4858,U-2750,start_checkout,2026-05-13T09:38:00
4859,U-2750,purchase,2026-05-13T09:40:00
4860,U-2751,view_item,2026-05-13T23:19:00
4861,U-2752,view_item,2026-05-13T20:34:00
4862,U-2753,view_item,2026-05-13T13:19:00
4863,U-2754,view_item,2026-05-13T14:58:00
4864,U-2754,add_to_cart,2026-05-13T15:00:00
4865,U-2755,view_item,2026-05-13T16:55:00
4866,U-2756,view_item,2026-05-13T06:43:00
4867,U-2757,view_item,2026-05-13T23:48:00
4868,U-2757,add_to_cart,2026-05-13T23:50:00
4869,U-2758,view_item,2026-05-13T20:53:00
4870,U-2758,add_to_cart,2026-05-13T20:55:00
4871,U-2758,start_checkout,2026-05-13T20:57:00
4872,U-2758,purchase,2026-05-13T20:59:00
4873,U-2759,view_item,2026-05-13T23:24:00
4874,U-2760,view_item,2026-05-13T04:05:00
4875,U-2760,add_to_cart,2026-05-13T04:07:00
4876,U-2760,start_checkout,2026-05-13T04:09:00
4877,U-2761,view_item,2026-05-13T06:34:00
4878,U-2761,add_to_cart,2026-05-13T06:36:00
4879,U-2761,start_checkout,2026-05-13T06:38:00
4880,U-2761,purchase,2026-05-13T06:40:00
4881,U-2762,view_item,2026-05-13T12:48:00
4882,U-2763,view_item,2026-05-13T19:06:00
4883,U-2764,view_item,2026-05-13T14:42:00
4884,U-2764,add_to_cart,2026-05-13T14:44:00
4885,U-2764,start_checkout,2026-05-13T14:46:00
4886,U-2764,purchase,2026-05-13T14:48:00
4887,U-2765,view_item,2026-05-13T21:29:00
4888,U-2765,add_to_cart,2026-05-13T21:31:00
4889,U-2765,start_checkout,2026-05-13T21:33:00
4890,U-2766,view_item,2026-05-13T20:38:00
4891,U-2767,view_item,2026-05-13T04:03:00
4892,U-2767,add_to_cart,2026-05-13T04:05:00
4893,U-2767,start_checkout,2026-05-13T04:07:00
4894,U-2768,view_item,2026-05-14T14:13:00
4895,U-2768,add_to_cart,2026-05-14T14:15:00
4896,U-2769,view_item,2026-05-14T10:20:00
4897,U-2769,add_to_cart,2026-05-14T10:22:00
4898,U-2769,start_checkout,2026-05-14T10:24:00
4899,U-2770,view_item,2026-05-14T15:17:00
4900,U-2771,view_item,2026-05-14T00:22:00
4901,U-2772,view_item,2026-05-14T20:08:00
4902,U-2773,view_item,2026-05-14T01:49:00
4903,U-2774,view_item,2026-05-14T12:36:00
4904,U-2775,view_item,2026-05-14T14:27:00
4905,U-2775,add_to_cart,2026-05-14T14:29:00
4906,U-2775,start_checkout,2026-05-14T14:31:00
4907,U-2776,view_item,2026-05-14T01:16:00
4908,U-2776,add_to_cart,2026-05-14T01:18:00
4909,U-2776,start_checkout,2026-05-14T01:20:00
4910,U-2776,purchase,2026-05-14T01:22:00
4911,U-2777,view_item,2026-05-14T02:32:00
4912,U-2778,view_item,2026-05-14T15:22:00
4913,U-2779,view_item,2026-05-14T19:22:00
4914,U-2779,add_to_cart,2026-05-14T19:24:00
4915,U-2779,start_checkout,2026-05-14T19:26:00
4916,U-2780,view_item,2026-05-14T15:22:00
4917,U-2781,view_item,2026-05-14T08:43:00
4918,U-2782,view_item,2026-05-14T15:31:00
4919,U-2782,add_to_cart,2026-05-14T15:33:00
4920,U-2783,view_item,2026-05-14T08:19:00
4921,U-2783,add_to_cart,2026-05-14T08:21:00
4922,U-2784,view_item,2026-05-14T10:26:00
4923,U-2784,add_to_cart,2026-05-14T10:28:00
4924,U-2785,view_item,2026-05-14T13:50:00
4925,U-2786,view_item,2026-05-14T16:56:00
4926,U-2787,view_item,2026-05-14T04:53:00
4927,U-2788,view_item,2026-05-14T22:19:00
4928,U-2789,view_item,2026-05-14T14:13:00
4929,U-2790,view_item,2026-05-14T02:45:00
4930,U-2790,add_to_cart,2026-05-14T02:47:00
4931,U-2790,start_checkout,2026-05-14T02:49:00
4932,U-2790,purchase,2026-05-14T02:51:00
4933,U-2791,view_item,2026-05-14T10:35:00
4934,U-2792,view_item,2026-05-14T17:07:00
4935,U-2793,view_item,2026-05-14T17:35:00
4936,U-2794,view_item,2026-05-14T05:19:00
4937,U-2795,view_item,2026-05-14T19:58:00
4938,U-2795,add_to_cart,2026-05-14T20:00:00
4939,U-2796,view_item,2026-05-14T12:33:00
4940,U-2796,add_to_cart,2026-05-14T12:35:00
4941,U-2796,start_checkout,2026-05-14T12:37:00
4942,U-2796,purchase,2026-05-14T12:39:00
4943,U-2797,view_item,2026-05-14T19:20:00
4944,U-2798,view_item,2026-05-14T13:14:00
4945,U-2799,view_item,2026-05-14T13:19:00
4946,U-2800,view_item,2026-05-14T23:38:00
4947,U-2800,add_to_cart,2026-05-14T23:40:00
4948,U-2801,view_item,2026-05-14T07:59:00
4949,U-2802,view_item,2026-05-14T14:34:00
4950,U-2802,add_to_cart,2026-05-14T14:36:00
4951,U-2802,start_checkout,2026-05-14T14:38:00
4952,U-2802,purchase,2026-05-14T14:40:00
4953,U-2803,view_item,2026-05-14T18:37:00
4954,U-2804,view_item,2026-05-14T05:40:00
4955,U-2805,view_item,2026-05-14T05:40:00
4956,U-2806,view_item,2026-05-14T15:06:00
4957,U-2806,add_to_cart,2026-05-14T15:08:00
4958,U-2806,start_checkout,2026-05-14T15:10:00
4959,U-2806,purchase,2026-05-14T15:12:00
4960,U-2807,view_item,2026-05-14T10:00:00
4961,U-2808,view_item,2026-05-14T18:24:00
4962,U-2809,view_item,2026-05-14T02:08:00
4963,U-2809,add_to_cart,2026-05-14T02:10:00
4964,U-2809,start_checkout,2026-05-14T02:12:00
4965,U-2810,view_item,2026-05-14T15:17:00
4966,U-2810,add_to_cart,2026-05-14T15:19:00
4967,U-2811,view_item,2026-05-14T04:33:00
4968,U-2811,add_to_cart,2026-05-14T04:35:00
4969,U-2811,start_checkout,2026-05-14T04:37:00
4970,U-2811,purchase,2026-05-14T04:39:00
4971,U-2812,view_item,2026-05-14T15:47:00
4972,U-2813,view_item,2026-05-14T01:53:00
4973,U-2813,add_to_cart,2026-05-14T01:55:00
4974,U-2814,view_item,2026-05-14T01:56:00
4975,U-2814,add_to_cart,2026-05-14T01:58:00
4976,U-2814,start_checkout,2026-05-14T02:00:00
4977,U-2814,purchase,2026-05-14T02:02:00
4978,U-2815,view_item,2026-05-14T20:34:00
4979,U-2815,add_to_cart,2026-05-14T20:36:00
4980,U-2815,start_checkout,2026-05-14T20:38:00
4981,U-2816,view_item,2026-05-14T12:04:00
4982,U-2817,view_item,2026-05-14T08:17:00
4983,U-2818,view_item,2026-05-14T00:39:00
4984,U-2818,add_to_cart,2026-05-14T00:41:00
4985,U-2818,start_checkout,2026-05-14T00:43:00
4986,U-2819,view_item,2026-05-14T19:44:00
4987,U-2819,add_to_cart,2026-05-14T19:46:00
4988,U-2820,view_item,2026-05-14T14:20:00
4989,U-2821,view_item,2026-05-14T16:16:00
4990,U-2821,add_to_cart,2026-05-14T16:18:00
4991,U-2821,start_checkout,2026-05-14T16:20:00
4992,U-2821,purchase,2026-05-14T16:22:00
4993,U-2822,view_item,2026-05-14T17:39:00
4994,U-2823,view_item,2026-05-14T12:15:00
4995,U-2824,view_item,2026-05-14T04:50:00
4996,U-2825,view_item,2026-05-14T21:53:00
4997,U-2826,view_item,2026-05-14T12:02:00
4998,U-2826,add_to_cart,2026-05-14T12:04:00
4999,U-2827,view_item,2026-05-14T01:50:00
5000,U-2828,view_item,2026-05-14T04:54:00
5001,U-2829,view_item,2026-05-14T04:21:00
5002,U-2829,add_to_cart,2026-05-14T04:23:00
5003,U-2829,start_checkout,2026-05-14T04:25:00
5004,U-2830,view_item,2026-05-14T13:52:00
5005,U-2831,view_item,2026-05-14T10:07:00
5006,U-2832,view_item,2026-05-14T05:11:00
5007,U-2832,add_to_cart,2026-05-14T05:13:00
5008,U-2833,view_item,2026-05-14T13:30:00
5009,U-2833,add_to_cart,2026-05-14T13:32:00
5010,U-2834,view_item,2026-05-14T15:55:00
5011,U-2835,view_item,2026-05-14T03:29:00
5012,U-2836,view_item,2026-05-14T00:34:00
5013,U-2836,add_to_cart,2026-05-14T00:36:00
5014,U-2836,start_checkout,2026-05-14T00:38:00
5015,U-2837,view_item,2026-05-14T10:00:00
5016,U-2838,view_item,2026-05-14T19:24:00
5017,U-2839,view_item,2026-05-14T16:51:00
5018,U-2840,view_item,2026-05-14T13:30:00
5019,U-2841,view_item,2026-05-14T16:04:00
5020,U-2842,view_item,2026-05-14T02:58:00
5021,U-2843,view_item,2026-05-14T11:23:00
5022,U-2843,add_to_cart,2026-05-14T11:25:00
5023,U-2843,start_checkout,2026-05-14T11:27:00
5024,U-2843,purchase,2026-05-14T11:29:00
5025,U-2844,view_item,2026-05-14T03:59:00
5026,U-2845,view_item,2026-05-14T22:41:00
5027,U-2845,add_to_cart,2026-05-14T22:43:00
5028,U-2845,start_checkout,2026-05-14T22:45:00
5029,U-2845,purchase,2026-05-14T22:47:00
5030,U-2846,view_item,2026-05-14T00:20:00
5031,U-2847,view_item,2026-05-14T20:49:00
5032,U-2848,view_item,2026-05-14T08:11:00
5033,U-2848,add_to_cart,2026-05-14T08:13:00
5034,U-2848,start_checkout,2026-05-14T08:15:00
5035,U-2848,purchase,2026-05-14T08:17:00
5036,U-2849,view_item,2026-05-14T20:11:00
5037,U-2850,view_item,2026-05-14T16:11:00
5038,U-2851,view_item,2026-05-14T04:51:00
5039,U-2851,add_to_cart,2026-05-14T04:53:00
5040,U-2851,start_checkout,2026-05-14T04:55:00
5041,U-2851,purchase,2026-05-14T04:57:00
5042,U-2852,view_item,2026-05-14T12:32:00
5043,U-2853,view_item,2026-05-14T20:18:00
5044,U-2854,view_item,2026-05-14T09:47:00
5045,U-2855,view_item,2026-05-14T19:40:00
5046,U-2855,add_to_cart,2026-05-14T19:42:00
5047,U-2856,view_item,2026-05-14T18:48:00
5048,U-2857,view_item,2026-05-14T04:56:00
5049,U-2857,add_to_cart,2026-05-14T04:58:00
5050,U-2857,start_checkout,2026-05-14T05:00:00
5051,U-2857,purchase,2026-05-14T05:02:00
5052,U-2858,view_item,2026-05-14T14:23:00
5053,U-2859,view_item,2026-05-14T01:55:00
5054,U-2860,view_item,2026-05-14T02:05:00
5055,U-2860,add_to_cart,2026-05-14T02:07:00
5056,U-2860,start_checkout,2026-05-14T02:09:00
5057,U-2860,purchase,2026-05-14T02:11:00
5058,U-2861,view_item,2026-05-14T14:44:00
5059,U-2862,view_item,2026-05-14T20:26:00
5060,U-2862,add_to_cart,2026-05-14T20:28:00
5061,U-2863,view_item,2026-05-14T20:52:00
5062,U-2864,view_item,2026-05-14T12:43:00
5063,U-2864,add_to_cart,2026-05-14T12:45:00
5064,U-2864,start_checkout,2026-05-14T12:47:00
5065,U-2864,purchase,2026-05-14T12:49:00
5066,U-2865,view_item,2026-05-14T23:36:00
5067,U-2865,add_to_cart,2026-05-14T23:38:00
5068,U-2865,start_checkout,2026-05-14T23:40:00
5069,U-2865,purchase,2026-05-14T23:42:00
5070,U-2866,view_item,2026-05-14T16:00:00
5071,U-2867,view_item,2026-05-14T10:53:00
5072,U-2868,view_item,2026-05-14T02:48:00
5073,U-2869,view_item,2026-05-14T04:20:00
5074,U-2869,add_to_cart,2026-05-14T04:22:00
5075,U-2870,view_item,2026-05-14T13:34:00
5076,U-2871,view_item,2026-05-14T02:50:00
5077,U-2872,view_item,2026-05-14T00:09:00
5078,U-2873,view_item,2026-05-14T19:44:00
5079,U-2873,add_to_cart,2026-05-14T19:46:00
5080,U-2874,view_item,2026-05-14T01:38:00
5081,U-2875,view_item,2026-05-14T13:54:00
5082,U-2876,view_item,2026-05-14T09:39:00
5083,U-2876,add_to_cart,2026-05-14T09:41:00
5084,U-2877,view_item,2026-05-14T06:58:00
5085,U-2877,add_to_cart,2026-05-14T07:00:00
5086,U-2877,start_checkout,2026-05-14T07:02:00
5087,U-2877,purchase,2026-05-14T07:04:00
5088,U-2878,view_item,2026-05-14T14:57:00
5089,U-2879,view_item,2026-05-14T18:13:00
5090,U-2879,add_to_cart,2026-05-14T18:15:00
5091,U-2880,view_item,2026-05-14T23:28:00
5092,U-2881,view_item,2026-05-14T13:36:00
5093,U-2882,view_item,2026-05-14T08:53:00
5094,U-2882,add_to_cart,2026-05-14T08:55:00
5095,U-2882,start_checkout,2026-05-14T08:57:00
5096,U-2882,purchase,2026-05-14T08:59:00
5097,U-2883,view_item,2026-05-14T23:01:00
5098,U-2884,view_item,2026-05-14T22:08:00
5099,U-2884,add_to_cart,2026-05-14T22:10:00
5100,U-2884,start_checkout,2026-05-14T22:12:00
5101,U-2885,view_item,2026-05-14T11:22:00
5102,U-2885,add_to_cart,2026-05-14T11:24:00
5103,U-2886,view_item,2026-05-14T00:14:00
5104,U-2886,add_to_cart,2026-05-14T00:16:00
5105,U-2886,start_checkout,2026-05-14T00:18:00
5106,U-2886,purchase,2026-05-14T00:20:00
5107,U-2887,view_item,2026-05-14T18:06:00
5108,U-2888,view_item,2026-05-14T10:37:00
5109,U-2889,view_item,2026-05-14T08:11:00
5110,U-2889,add_to_cart,2026-05-14T08:13:00
5111,U-2889,start_checkout,2026-05-14T08:15:00
5112,U-2889,purchase,2026-05-14T08:17:00
5113,U-2890,view_item,2026-05-14T16:46:00
5114,U-2890,add_to_cart,2026-05-14T16:48:00
5115,U-2891,view_item,2026-05-14T08:17:00
5116,U-2891,add_to_cart,2026-05-14T08:19:00
5117,U-2891,start_checkout,2026-05-14T08:21:00
5118,U-2891,purchase,2026-05-14T08:23:00
5119,U-2892,view_item,2026-05-14T00:15:00
5120,U-2893,view_item,2026-05-14T16:46:00
5121,U-2893,add_to_cart,2026-05-14T16:48:00
5122,U-2894,view_item,2026-05-14T15:14:00
5123,U-2895,view_item,2026-05-14T07:44:00
5124,U-2895,add_to_cart,2026-05-14T07:46:00
5125,U-2896,view_item,2026-05-14T23:52:00
5126,U-2897,view_item,2026-05-14T15:00:00
5127,U-2897,add_to_cart,2026-05-14T15:02:00
5128,U-2898,view_item,2026-05-14T23:24:00
5129,U-2899,view_item,2026-05-14T17:41:00
5130,U-2899,add_to_cart,2026-05-14T17:43:00
5131,U-2899,start_checkout,2026-05-14T17:45:00
5132,U-2899,purchase,2026-05-14T17:47:00
5133,U-2900,view_item,2026-05-14T11:46:00
5134,U-2900,add_to_cart,2026-05-14T11:48:00
5135,U-2901,view_item,2026-05-14T18:19:00
5136,U-2902,view_item,2026-05-14T13:13:00
5137,U-2903,view_item,2026-05-14T16:10:00
5138,U-2904,view_item,2026-05-14T02:28:00
5139,U-2904,add_to_cart,2026-05-14T02:30:00
5140,U-2905,view_item,2026-05-14T12:26:00
5141,U-2906,view_item,2026-05-14T20:35:00
5142,U-2907,view_item,2026-05-14T11:11:00
5143,U-2908,view_item,2026-05-14T00:07:00
5144,U-2909,view_item,2026-05-14T11:40:00
5145,U-2910,view_item,2026-05-14T05:09:00
5146,U-2910,add_to_cart,2026-05-14T05:11:00
5147,U-2910,start_checkout,2026-05-14T05:13:00
5148,U-2911,view_item,2026-05-14T05:41:00
5149,U-2911,add_to_cart,2026-05-14T05:43:00
5150,U-2912,view_item,2026-05-14T09:31:00
5151,U-2913,view_item,2026-05-14T15:42:00
5152,U-2913,add_to_cart,2026-05-14T15:44:00
5153,U-2913,start_checkout,2026-05-14T15:46:00
5154,U-2913,purchase,2026-05-14T15:48:00
5155,U-2914,view_item,2026-05-14T22:23:00
5156,U-2914,add_to_cart,2026-05-14T22:25:00
5157,U-2914,start_checkout,2026-05-14T22:27:00
5158,U-2914,purchase,2026-05-14T22:29:00
5159,U-2915,view_item,2026-05-14T05:55:00
5160,U-2916,view_item,2026-05-14T02:07:00
5161,U-2916,add_to_cart,2026-05-14T02:09:00
5162,U-2917,view_item,2026-05-14T10:35:00
5163,U-2918,view_item,2026-05-14T21:26:00
5164,U-2919,view_item,2026-05-14T22:09:00
5165,U-2919,add_to_cart,2026-05-14T22:11:00
5166,U-2920,view_item,2026-05-14T06:26:00
5167,U-2921,view_item,2026-05-14T20:34:00
5168,U-2922,view_item,2026-05-14T09:48:00
5169,U-2923,view_item,2026-05-14T10:52:00
5170,U-2924,view_item,2026-05-14T08:20:00
5171,U-2924,add_to_cart,2026-05-14T08:22:00
5172,U-2924,start_checkout,2026-05-14T08:24:00
5173,U-2924,purchase,2026-05-14T08:26:00
5174,U-2925,view_item,2026-05-14T12:18:00
5175,U-2925,add_to_cart,2026-05-14T12:20:00
5176,U-2925,start_checkout,2026-05-14T12:22:00
5177,U-2926,view_item,2026-05-14T04:31:00
5178,U-2926,add_to_cart,2026-05-14T04:33:00
5179,U-2926,start_checkout,2026-05-14T04:35:00
5180,U-2926,purchase,2026-05-14T04:37:00
5181,U-2927,view_item,2026-05-14T05:44:00
5182,U-2928,view_item,2026-05-14T19:11:00
5183,U-2929,view_item,2026-05-14T12:46:00
5184,U-2930,view_item,2026-05-14T00:23:00
5185,U-2931,view_item,2026-05-14T20:05:00
5186,U-2931,add_to_cart,2026-05-14T20:07:00
5187,U-2932,view_item,2026-05-14T19:57:00
5188,U-2933,view_item,2026-05-14T08:26:00
5189,U-2933,add_to_cart,2026-05-14T08:28:00
5190,U-2933,start_checkout,2026-05-14T08:30:00
5191,U-2933,purchase,2026-05-14T08:32:00
5192,U-2934,view_item,2026-05-14T05:21:00
5193,U-2935,view_item,2026-05-14T14:36:00
5194,U-2935,add_to_cart,2026-05-14T14:38:00
5195,U-2935,start_checkout,2026-05-14T14:40:00
5196,U-2935,purchase,2026-05-14T14:42:00
5197,U-2936,view_item,2026-05-15T19:01:00
5198,U-2936,add_to_cart,2026-05-15T19:03:00
5199,U-2936,start_checkout,2026-05-15T19:05:00
5200,U-2937,view_item,2026-05-15T11:06:00
5201,U-2938,view_item,2026-05-15T14:11:00
5202,U-2939,view_item,2026-05-15T13:50:00
5203,U-2939,add_to_cart,2026-05-15T13:52:00
5204,U-2939,start_checkout,2026-05-15T13:54:00
5205,U-2940,view_item,2026-05-15T22:47:00
5206,U-2940,add_to_cart,2026-05-15T22:49:00
5207,U-2941,view_item,2026-05-15T02:57:00
5208,U-2942,view_item,2026-05-15T00:16:00
5209,U-2942,add_to_cart,2026-05-15T00:18:00
5210,U-2943,view_item,2026-05-15T13:03:00
5211,U-2943,add_to_cart,2026-05-15T13:05:00
5212,U-2943,start_checkout,2026-05-15T13:07:00
5213,U-2943,purchase,2026-05-15T13:09:00
5214,U-2944,view_item,2026-05-15T19:09:00
5215,U-2944,add_to_cart,2026-05-15T19:11:00
5216,U-2944,start_checkout,2026-05-15T19:13:00
5217,U-2945,view_item,2026-05-15T12:15:00
5218,U-2946,view_item,2026-05-15T02:25:00
5219,U-2947,view_item,2026-05-15T07:11:00
5220,U-2947,add_to_cart,2026-05-15T07:13:00
5221,U-2948,view_item,2026-05-15T06:43:00
5222,U-2949,view_item,2026-05-15T21:29:00
5223,U-2949,add_to_cart,2026-05-15T21:31:00
5224,U-2950,view_item,2026-05-15T19:30:00
5225,U-2951,view_item,2026-05-15T04:12:00
5226,U-2952,view_item,2026-05-15T20:25:00
5227,U-2952,add_to_cart,2026-05-15T20:27:00
5228,U-2953,view_item,2026-05-15T17:36:00
5229,U-2954,view_item,2026-05-15T19:35:00
5230,U-2955,view_item,2026-05-15T20:05:00
5231,U-2956,view_item,2026-05-15T23:35:00
5232,U-2957,view_item,2026-05-15T23:40:00
5233,U-2958,view_item,2026-05-15T16:46:00
5234,U-2959,view_item,2026-05-15T21:14:00
5235,U-2959,add_to_cart,2026-05-15T21:16:00
5236,U-2959,start_checkout,2026-05-15T21:18:00
5237,U-2960,view_item,2026-05-15T04:34:00
5238,U-2961,view_item,2026-05-15T01:53:00
5239,U-2962,view_item,2026-05-15T20:00:00
5240,U-2963,view_item,2026-05-15T14:07:00
5241,U-2964,view_item,2026-05-15T03:21:00
5242,U-2965,view_item,2026-05-15T09:13:00
5243,U-2966,view_item,2026-05-15T15:26:00
5244,U-2967,view_item,2026-05-15T11:40:00
5245,U-2968,view_item,2026-05-15T08:37:00
5246,U-2969,view_item,2026-05-15T15:27:00
5247,U-2969,add_to_cart,2026-05-15T15:29:00
5248,U-2969,start_checkout,2026-05-15T15:31:00
5249,U-2969,purchase,2026-05-15T15:33:00
5250,U-2970,view_item,2026-05-15T10:55:00
5251,U-2971,view_item,2026-05-15T09:03:00
5252,U-2972,view_item,2026-05-15T03:24:00
5253,U-2973,view_item,2026-05-15T12:09:00
5254,U-2974,view_item,2026-05-15T10:31:00
5255,U-2975,view_item,2026-05-15T08:10:00
5256,U-2976,view_item,2026-05-15T01:59:00
5257,U-2977,view_item,2026-05-15T18:09:00
5258,U-2978,view_item,2026-05-15T15:50:00
5259,U-2978,add_to_cart,2026-05-15T15:52:00
5260,U-2979,view_item,2026-05-15T10:22:00
5261,U-2980,view_item,2026-05-15T04:59:00
5262,U-2980,add_to_cart,2026-05-15T05:01:00
5263,U-2981,view_item,2026-05-15T18:42:00
5264,U-2981,add_to_cart,2026-05-15T18:44:00
5265,U-2981,start_checkout,2026-05-15T18:46:00
5266,U-2982,view_item,2026-05-15T05:54:00
5267,U-2982,add_to_cart,2026-05-15T05:56:00
5268,U-2982,start_checkout,2026-05-15T05:58:00
5269,U-2982,purchase,2026-05-15T06:00:00
5270,U-2983,view_item,2026-05-15T19:28:00
5271,U-2983,add_to_cart,2026-05-15T19:30:00
5272,U-2984,view_item,2026-05-15T18:35:00
5273,U-2984,add_to_cart,2026-05-15T18:37:00
5274,U-2984,start_checkout,2026-05-15T18:39:00
5275,U-2984,purchase,2026-05-15T18:41:00
5276,U-2985,view_item,2026-05-15T04:18:00
5277,U-2986,view_item,2026-05-15T01:46:00
5278,U-2986,add_to_cart,2026-05-15T01:48:00
5279,U-2987,view_item,2026-05-15T16:06:00
5280,U-2987,add_to_cart,2026-05-15T16:08:00
5281,U-2987,start_checkout,2026-05-15T16:10:00
5282,U-2987,purchase,2026-05-15T16:12:00
5283,U-2988,view_item,2026-05-15T12:24:00
5284,U-2988,add_to_cart,2026-05-15T12:26:00
5285,U-2988,start_checkout,2026-05-15T12:28:00
5286,U-2988,purchase,2026-05-15T12:30:00
5287,U-2989,view_item,2026-05-15T12:04:00
5288,U-2990,view_item,2026-05-15T04:31:00
5289,U-2991,view_item,2026-05-15T19:22:00
5290,U-2991,add_to_cart,2026-05-15T19:24:00
5291,U-2992,view_item,2026-05-15T22:06:00
5292,U-2992,add_to_cart,2026-05-15T22:08:00
5293,U-2992,start_checkout,2026-05-15T22:10:00
5294,U-2993,view_item,2026-05-15T13:15:00
5295,U-2993,add_to_cart,2026-05-15T13:17:00
5296,U-2994,view_item,2026-05-15T01:25:00
5297,U-2995,view_item,2026-05-15T22:06:00
5298,U-2995,add_to_cart,2026-05-15T22:08:00
5299,U-2995,start_checkout,2026-05-15T22:10:00
5300,U-2996,view_item,2026-05-15T12:26:00
5301,U-2996,add_to_cart,2026-05-15T12:28:00
5302,U-2996,start_checkout,2026-05-15T12:30:00
5303,U-2996,purchase,2026-05-15T12:32:00
5304,U-2997,view_item,2026-05-15T09:35:00
5305,U-2998,view_item,2026-05-15T21:47:00
5306,U-2999,view_item,2026-05-15T16:02:00
5307,U-2999,add_to_cart,2026-05-15T16:04:00
5308,U-3000,view_item,2026-05-15T22:55:00
5309,U-3000,add_to_cart,2026-05-15T22:57:00
5310,U-3000,start_checkout,2026-05-15T22:59:00
5311,U-3000,purchase,2026-05-15T23:01:00
5312,U-3001,view_item,2026-05-15T07:36:00
5313,U-3002,view_item,2026-05-15T23:58:00
5314,U-3003,view_item,2026-05-15T22:24:00
5315,U-3003,add_to_cart,2026-05-15T22:26:00
5316,U-3003,start_checkout,2026-05-15T22:28:00
5317,U-3003,purchase,2026-05-15T22:30:00
5318,U-3004,view_item,2026-05-15T05:13:00
5319,U-3004,add_to_cart,2026-05-15T05:15:00
5320,U-3005,view_item,2026-05-15T12:49:00
5321,U-3006,view_item,2026-05-15T14:43:00
5322,U-3007,view_item,2026-05-15T13:29:00
5323,U-3008,view_item,2026-05-15T08:16:00
5324,U-3008,add_to_cart,2026-05-15T08:18:00
5325,U-3009,view_item,2026-05-15T10:16:00
5326,U-3009,add_to_cart,2026-05-15T10:18:00
5327,U-3009,start_checkout,2026-05-15T10:20:00
5328,U-3010,view_item,2026-05-15T18:28:00
5329,U-3011,view_item,2026-05-15T07:03:00
5330,U-3012,view_item,2026-05-15T12:45:00
5331,U-3013,view_item,2026-05-15T08:10:00
5332,U-3014,view_item,2026-05-15T01:40:00
5333,U-3015,view_item,2026-05-15T07:36:00
5334,U-3015,add_to_cart,2026-05-15T07:38:00
5335,U-3016,view_item,2026-05-15T01:16:00
5336,U-3017,view_item,2026-05-15T17:56:00
5337,U-3018,view_item,2026-05-15T09:10:00
5338,U-3019,view_item,2026-05-15T09:07:00
5339,U-3019,add_to_cart,2026-05-15T09:09:00
5340,U-3019,start_checkout,2026-05-15T09:11:00
5341,U-3019,purchase,2026-05-15T09:13:00
5342,U-3020,view_item,2026-05-15T12:06:00
5343,U-3021,view_item,2026-05-15T18:18:00
5344,U-3021,add_to_cart,2026-05-15T18:20:00
5345,U-3022,view_item,2026-05-15T13:23:00
5346,U-3022,add_to_cart,2026-05-15T13:25:00
5347,U-3022,start_checkout,2026-05-15T13:27:00
5348,U-3022,purchase,2026-05-15T13:29:00
5349,U-3023,view_item,2026-05-15T01:05:00
5350,U-3024,view_item,2026-05-15T17:41:00
5351,U-3025,view_item,2026-05-15T02:46:00
5352,U-3026,view_item,2026-05-15T07:48:00
5353,U-3026,add_to_cart,2026-05-15T07:50:00
5354,U-3027,view_item,2026-05-15T01:02:00
5355,U-3028,view_item,2026-05-15T02:03:00
5356,U-3029,view_item,2026-05-15T17:12:00
5357,U-3029,add_to_cart,2026-05-15T17:14:00
5358,U-3029,start_checkout,2026-05-15T17:16:00
5359,U-3029,purchase,2026-05-15T17:18:00
5360,U-3030,view_item,2026-05-15T03:47:00
5361,U-3031,view_item,2026-05-15T14:14:00
5362,U-3032,view_item,2026-05-15T10:19:00
5363,U-3032,add_to_cart,2026-05-15T10:21:00
5364,U-3032,start_checkout,2026-05-15T10:23:00
5365,U-3033,view_item,2026-05-15T06:28:00
5366,U-3033,add_to_cart,2026-05-15T06:30:00
5367,U-3034,view_item,2026-05-15T21:02:00
5368,U-3035,view_item,2026-05-15T04:01:00
5369,U-3036,view_item,2026-05-15T18:24:00
5370,U-3036,add_to_cart,2026-05-15T18:26:00
5371,U-3036,start_checkout,2026-05-15T18:28:00
5372,U-3037,view_item,2026-05-15T02:51:00
5373,U-3037,add_to_cart,2026-05-15T02:53:00
5374,U-3037,start_checkout,2026-05-15T02:55:00
5375,U-3037,purchase,2026-05-15T02:57:00
5376,U-3038,view_item,2026-05-15T12:00:00
5377,U-3039,view_item,2026-05-15T04:55:00
5378,U-3039,add_to_cart,2026-05-15T04:57:00
5379,U-3039,start_checkout,2026-05-15T04:59:00
5380,U-3040,view_item,2026-05-15T09:21:00
5381,U-3041,view_item,2026-05-15T17:45:00
5382,U-3042,view_item,2026-05-15T03:30:00
5383,U-3042,add_to_cart,2026-05-15T03:32:00
5384,U-3043,view_item,2026-05-15T04:34:00
5385,U-3044,view_item,2026-05-15T14:36:00
5386,U-3045,view_item,2026-05-15T00:48:00
5387,U-3045,add_to_cart,2026-05-15T00:50:00
5388,U-3045,start_checkout,2026-05-15T00:52:00
5389,U-3045,purchase,2026-05-15T00:54:00
5390,U-3046,view_item,2026-05-15T02:28:00
5391,U-3047,view_item,2026-05-15T16:37:00
5392,U-3047,add_to_cart,2026-05-15T16:39:00
5393,U-3048,view_item,2026-05-15T17:37:00
5394,U-3048,add_to_cart,2026-05-15T17:39:00
5395,U-3048,start_checkout,2026-05-15T17:41:00
5396,U-3049,view_item,2026-05-15T17:11:00
5397,U-3049,add_to_cart,2026-05-15T17:13:00
5398,U-3049,start_checkout,2026-05-15T17:15:00
5399,U-3050,view_item,2026-05-15T01:43:00
5400,U-3050,add_to_cart,2026-05-15T01:45:00
5401,U-3051,view_item,2026-05-15T10:39:00
5402,U-3052,view_item,2026-05-15T23:56:00
5403,U-3052,add_to_cart,2026-05-15T23:58:00
5404,U-3053,view_item,2026-05-15T20:51:00
5405,U-3054,view_item,2026-05-15T01:59:00
5406,U-3055,view_item,2026-05-15T01:50:00
5407,U-3055,add_to_cart,2026-05-15T01:52:00
5408,U-3056,view_item,2026-05-15T04:14:00
5409,U-3057,view_item,2026-05-15T04:14:00
5410,U-3058,view_item,2026-05-15T12:28:00
5411,U-3059,view_item,2026-05-15T00:16:00
5412,U-3060,view_item,2026-05-15T19:49:00
5413,U-3060,add_to_cart,2026-05-15T19:51:00
5414,U-3061,view_item,2026-05-15T22:12:00
5415,U-3061,add_to_cart,2026-05-15T22:14:00
5416,U-3061,start_checkout,2026-05-15T22:16:00
5417,U-3061,purchase,2026-05-15T22:18:00
5418,U-3062,view_item,2026-05-15T20:34:00
5419,U-3062,add_to_cart,2026-05-15T20:36:00
5420,U-3063,view_item,2026-05-15T21:28:00
5421,U-3064,view_item,2026-05-15T04:43:00
5422,U-3064,add_to_cart,2026-05-15T04:45:00
5423,U-3065,view_item,2026-05-15T03:56:00
5424,U-3066,view_item,2026-05-15T19:40:00
5425,U-3067,view_item,2026-05-15T15:17:00
5426,U-3068,view_item,2026-05-15T02:29:00
5427,U-3069,view_item,2026-05-15T12:29:00
5428,U-3070,view_item,2026-05-15T02:52:00
5429,U-3070,add_to_cart,2026-05-15T02:54:00
5430,U-3071,view_item,2026-05-15T22:14:00
5431,U-3072,view_item,2026-05-15T04:07:00
5432,U-3072,add_to_cart,2026-05-15T04:09:00
5433,U-3072,start_checkout,2026-05-15T04:11:00
5434,U-3072,purchase,2026-05-15T04:13:00
5435,U-3073,view_item,2026-05-15T19:34:00
5436,U-3073,add_to_cart,2026-05-15T19:36:00
5437,U-3074,view_item,2026-05-15T23:51:00
5438,U-3075,view_item,2026-05-15T18:27:00
5439,U-3075,add_to_cart,2026-05-15T18:29:00
5440,U-3076,view_item,2026-05-15T20:12:00
5441,U-3077,view_item,2026-05-15T22:00:00
5442,U-3078,view_item,2026-05-15T07:58:00
5443,U-3079,view_item,2026-05-15T18:42:00
5444,U-3079,add_to_cart,2026-05-15T18:44:00
5445,U-3079,start_checkout,2026-05-15T18:46:00
5446,U-3080,view_item,2026-05-15T07:58:00
5447,U-3081,view_item,2026-05-15T00:09:00
5448,U-3082,view_item,2026-05-15T15:08:00
5449,U-3082,add_to_cart,2026-05-15T15:10:00
5450,U-3082,start_checkout,2026-05-15T15:12:00
5451,U-3082,purchase,2026-05-15T15:14:00
5452,U-3083,view_item,2026-05-15T03:23:00
5453,U-3083,add_to_cart,2026-05-15T03:25:00
5454,U-3084,view_item,2026-05-15T03:32:00
5455,U-3084,add_to_cart,2026-05-15T03:34:00
5456,U-3084,start_checkout,2026-05-15T03:36:00
5457,U-3084,purchase,2026-05-15T03:38:00
5458,U-3085,view_item,2026-05-15T09:50:00
5459,U-3085,add_to_cart,2026-05-15T09:52:00
5460,U-3085,start_checkout,2026-05-15T09:54:00
5461,U-3085,purchase,2026-05-15T09:56:00
5462,U-3086,view_item,2026-05-15T05:58:00
5463,U-3087,view_item,2026-05-15T15:12:00
5464,U-3088,view_item,2026-05-15T18:11:00
5465,U-3089,view_item,2026-05-15T08:13:00
5466,U-3090,view_item,2026-05-15T15:04:00
5467,U-3091,view_item,2026-05-15T03:56:00
5468,U-3091,add_to_cart,2026-05-15T03:58:00
5469,U-3091,start_checkout,2026-05-15T04:00:00
5470,U-3091,purchase,2026-05-15T04:02:00
5471,U-3092,view_item,2026-05-15T15:12:00
5472,U-3092,add_to_cart,2026-05-15T15:14:00
5473,U-3093,view_item,2026-05-15T10:54:00
5474,U-3094,view_item,2026-05-15T01:19:00
5475,U-3095,view_item,2026-05-15T09:43:00
5476,U-3095,add_to_cart,2026-05-15T09:45:00
5477,U-3095,start_checkout,2026-05-15T09:47:00
5478,U-3095,purchase,2026-05-15T09:49:00
5479,U-3096,view_item,2026-05-15T11:56:00
5480,U-3097,view_item,2026-05-15T19:35:00
5481,U-3098,view_item,2026-05-15T16:35:00
5482,U-3099,view_item,2026-05-15T03:28:00
5483,U-3100,view_item,2026-05-15T17:01:00
5484,U-3100,add_to_cart,2026-05-15T17:03:00
5485,U-3100,start_checkout,2026-05-15T17:05:00
5486,U-3100,purchase,2026-05-15T17:07:00
5487,U-3101,view_item,2026-05-15T17:19:00
5488,U-3102,view_item,2026-05-15T12:14:00
5489,U-3103,view_item,2026-05-15T03:31:00
5490,U-3104,view_item,2026-05-15T12:00:00
5491,U-3104,add_to_cart,2026-05-15T12:02:00
5492,U-3104,start_checkout,2026-05-15T12:04:00
5493,U-3105,view_item,2026-05-15T19:14:00
5494,U-3106,view_item,2026-05-15T21:40:00
5495,U-3106,add_to_cart,2026-05-15T21:42:00
5496,U-3107,view_item,2026-05-15T02:38:00
5497,U-3108,view_item,2026-05-15T18:22:00
5498,U-3108,add_to_cart,2026-05-15T18:24:00
5499,U-3108,start_checkout,2026-05-15T18:26:00
5500,U-3109,view_item,2026-05-15T06:35:00
5501,U-3110,view_item,2026-05-15T20:38:00
5502,U-3111,view_item,2026-05-15T12:42:00
5503,U-3112,view_item,2026-05-15T16:44:00
5504,U-3112,add_to_cart,2026-05-15T16:46:00
5505,U-3112,start_checkout,2026-05-15T16:48:00
5506,U-3112,purchase,2026-05-15T16:50:00
5507,U-3113,view_item,2026-05-15T20:57:00
5508,U-3113,add_to_cart,2026-05-15T20:59:00
5509,U-3113,start_checkout,2026-05-15T21:01:00
5510,U-3114,view_item,2026-05-15T18:14:00
5511,U-3115,view_item,2026-05-15T20:21:00
5512,U-3115,add_to_cart,2026-05-15T20:23:00
5513,U-3116,view_item,2026-05-15T00:06:00
5514,U-3116,add_to_cart,2026-05-15T00:08:00
5515,U-3116,start_checkout,2026-05-15T00:10:00
5516,U-3116,purchase,2026-05-15T00:12:00
5517,U-3117,view_item,2026-05-15T09:27:00
5518,U-3118,view_item,2026-05-15T04:51:00
5519,U-3118,add_to_cart,2026-05-15T04:53:00
5520,U-3118,start_checkout,2026-05-15T04:55:00
5521,U-3118,purchase,2026-05-15T04:57:00
5522,U-3119,view_item,2026-05-15T07:47:00
5523,U-3119,add_to_cart,2026-05-15T07:49:00
5524,U-3120,view_item,2026-05-15T01:07:00
5525,U-3120,add_to_cart,2026-05-15T01:09:00
5526,U-3120,start_checkout,2026-05-15T01:11:00
5527,U-3120,purchase,2026-05-15T01:13:00
5528,U-3121,view_item,2026-05-15T08:28:00
5529,U-3122,view_item,2026-05-15T17:39:00
5530,U-3123,view_item,2026-05-15T16:24:00
5531,U-3124,view_item,2026-05-15T15:56:00
5532,U-3125,view_item,2026-05-15T19:31:00
5533,U-3126,view_item,2026-05-15T00:58:00
5534,U-3127,view_item,2026-05-15T13:37:00
5535,U-3128,view_item,2026-05-15T06:37:00
5536,U-3128,add_to_cart,2026-05-15T06:39:00
5537,U-3128,start_checkout,2026-05-15T06:41:00
5538,U-3129,view_item,2026-05-15T02:37:00
5539,U-3129,add_to_cart,2026-05-15T02:39:00
5540,U-3130,view_item,2026-05-15T22:33:00
5541,U-3131,view_item,2026-05-15T13:15:00
5542,U-3132,view_item,2026-05-15T05:18:00
5543,U-3133,view_item,2026-05-15T09:52:00
5544,U-3134,view_item,2026-05-15T18:20:00
5545,U-3134,add_to_cart,2026-05-15T18:22:00
5546,U-3134,start_checkout,2026-05-15T18:24:00
5547,U-3134,purchase,2026-05-15T18:26:00
5548,U-3135,view_item,2026-05-15T12:51:00
5549,U-3136,view_item,2026-05-15T03:42:00
5550,U-3137,view_item,2026-05-15T14:24:00
5551,U-3138,view_item,2026-05-15T10:46:00
5552,U-3138,add_to_cart,2026-05-15T10:48:00
5553,U-3138,start_checkout,2026-05-15T10:50:00
5554,U-3139,view_item,2026-05-15T22:23:00
5555,U-3139,add_to_cart,2026-05-15T22:25:00
5556,U-3140,view_item,2026-05-15T15:43:00
5557,U-3141,view_item,2026-05-15T07:30:00
5558,U-3142,view_item,2026-05-15T04:31:00
5559,U-3143,view_item,2026-05-15T19:19:00
5560,U-3144,view_item,2026-05-15T08:48:00
5561,U-3145,view_item,2026-05-15T00:56:00
5562,U-3146,view_item,2026-05-15T11:13:00
5563,U-3147,view_item,2026-05-15T09:07:00
5564,U-3147,add_to_cart,2026-05-15T09:09:00
5565,U-3147,start_checkout,2026-05-15T09:11:00
5566,U-3147,purchase,2026-05-15T09:13:00
5567,U-3148,view_item,2026-05-15T09:56:00
5568,U-3148,add_to_cart,2026-05-15T09:58:00
5569,U-3149,view_item,2026-05-15T19:15:00
5570,U-3149,add_to_cart,2026-05-15T19:17:00
5571,U-3150,view_item,2026-05-15T03:27:00
5572,U-3150,add_to_cart,2026-05-15T03:29:00
5573,U-3151,view_item,2026-05-15T08:28:00
5574,U-3151,add_to_cart,2026-05-15T08:30:00
5575,U-3151,start_checkout,2026-05-15T08:32:00
5576,U-3151,purchase,2026-05-15T08:34:00
5577,U-3152,view_item,2026-05-15T16:34:00
5578,U-3152,add_to_cart,2026-05-15T16:36:00
5579,U-3152,start_checkout,2026-05-15T16:38:00
5580,U-3153,view_item,2026-05-15T02:26:00
5581,U-3154,view_item,2026-05-15T14:53:00
5582,U-3155,view_item,2026-05-15T13:06:00
5583,U-3156,view_item,2026-05-15T02:26:00
5584,U-3157,view_item,2026-05-15T12:50:00
5585,U-3157,add_to_cart,2026-05-15T12:52:00
5586,U-3157,start_checkout,2026-05-15T12:54:00
5587,U-3158,view_item,2026-05-15T10:04:00
5588,U-3158,add_to_cart,2026-05-15T10:06:00
5589,U-3159,view_item,2026-05-15T20:00:00
5590,U-3160,view_item,2026-05-15T12:04:00
5591,U-3161,view_item,2026-05-15T09:19:00
5592,U-3162,view_item,2026-05-15T05:09:00
5593,U-3163,view_item,2026-05-15T00:13:00
5594,U-3164,view_item,2026-05-15T05:43:00
5595,U-3165,view_item,2026-05-15T05:04:00
5596,U-3166,view_item,2026-05-15T01:14:00
5597,U-3166,add_to_cart,2026-05-15T01:16:00
5598,U-3167,view_item,2026-05-15T14:31:00
5599,U-3168,view_item,2026-05-15T23:44:00
5600,U-3169,view_item,2026-05-15T18:47:00
5601,U-3170,view_item,2026-05-15T05:07:00
5602,U-3170,add_to_cart,2026-05-15T05:09:00
5603,U-3171,view_item,2026-05-15T18:05:00
5604,U-3171,add_to_cart,2026-05-15T18:07:00
5605,U-3171,start_checkout,2026-05-15T18:09:00
5606,U-3171,purchase,2026-05-15T18:11:00
5607,U-3172,view_item,2026-05-15T04:35:00
5608,U-3172,add_to_cart,2026-05-15T04:37:00
5609,U-3172,start_checkout,2026-05-15T04:39:00
5610,U-3173,view_item,2026-05-15T07:14:00
5611,U-3173,add_to_cart,2026-05-15T07:16:00
5612,U-3174,view_item,2026-05-15T18:43:00
5613,U-3175,view_item,2026-05-15T00:49:00
5614,U-3175,add_to_cart,2026-05-15T00:51:00
5615,U-3176,view_item,2026-05-15T18:36:00
5616,U-3176,add_to_cart,2026-05-15T18:38:00
5617,U-3176,start_checkout,2026-05-15T18:40:00
5618,U-3176,purchase,2026-05-15T18:42:00
5619,U-3177,view_item,2026-05-15T17:37:00
5620,U-3178,view_item,2026-05-15T18:01:00
5621,U-3178,add_to_cart,2026-05-15T18:03:00
5622,U-3178,start_checkout,2026-05-15T18:05:00
5623,U-3179,view_item,2026-05-15T04:26:00
5624,U-3179,add_to_cart,2026-05-15T04:28:00
5625,U-3179,start_checkout,2026-05-15T04:30:00
5626,U-3179,purchase,2026-05-15T04:32:00
5627,U-3180,view_item,2026-05-15T01:18:00
5628,U-3180,add_to_cart,2026-05-15T01:20:00
5629,U-3180,start_checkout,2026-05-15T01:22:00
5630,U-3180,purchase,2026-05-15T01:24:00
5631,U-3181,view_item,2026-05-15T15:27:00
5632,U-3182,view_item,2026-05-15T16:07:00
5633,U-3183,view_item,2026-05-15T07:03:00
5634,U-3184,view_item,2026-05-15T09:30:00
5635,U-3185,view_item,2026-05-15T12:55:00
5636,U-3185,add_to_cart,2026-05-15T12:57:00
5637,U-3186,view_item,2026-05-15T12:39:00
5638,U-3187,view_item,2026-05-15T19:29:00
5639,U-3188,view_item,2026-05-15T16:23:00
5640,U-3189,view_item,2026-05-15T22:28:00
5641,U-3190,view_item,2026-05-15T22:46:00
5642,U-3191,view_item,2026-05-15T13:10:00
5643,U-3191,add_to_cart,2026-05-15T13:12:00
5644,U-3192,view_item,2026-05-15T21:52:00
5645,U-3192,add_to_cart,2026-05-15T21:54:00
5646,U-3192,start_checkout,2026-05-15T21:56:00
5647,U-3192,purchase,2026-05-15T21:58:00
5648,U-3193,view_item,2026-05-15T23:16:00
5649,U-3193,add_to_cart,2026-05-15T23:18:00
5650,U-3193,start_checkout,2026-05-15T23:20:00
5651,U-3193,purchase,2026-05-15T23:22:00
5652,U-3194,view_item,2026-05-15T11:35:00
5653,U-3195,view_item,2026-05-15T05:23:00
5654,U-3196,view_item,2026-05-15T21:20:00
5655,U-3197,view_item,2026-05-15T01:24:00
5656,U-3198,view_item,2026-05-15T06:14:00
5657,U-3198,add_to_cart,2026-05-15T06:16:00
5658,U-3199,view_item,2026-05-15T23:17:00
5659,U-3200,view_item,2026-05-15T17:09:00
5660,U-3200,add_to_cart,2026-05-15T17:11:00
5661,U-3200,start_checkout,2026-05-15T17:13:00
5662,U-3200,purchase,2026-05-15T17:15:00
5663,U-3201,view_item,2026-05-15T21:18:00
5664,U-3202,view_item,2026-05-15T09:55:00
5665,U-3203,view_item,2026-05-15T11:03:00
5666,U-3203,add_to_cart,2026-05-15T11:05:00
5667,U-3203,start_checkout,2026-05-15T11:07:00
5668,U-3203,purchase,2026-05-15T11:09:00
5669,U-3204,view_item,2026-05-15T10:21:00
5670,U-3205,view_item,2026-05-15T11:26:00
5671,U-3206,view_item,2026-05-15T14:32:00
5672,U-3207,view_item,2026-05-15T10:21:00
5673,U-3208,view_item,2026-05-15T06:41:00
5674,U-3209,view_item,2026-05-15T10:02:00
5675,U-3210,view_item,2026-05-15T16:57:00
5676,U-3211,view_item,2026-05-15T03:48:00
5677,U-3211,add_to_cart,2026-05-15T03:50:00
5678,U-3212,view_item,2026-05-15T05:28:00
5679,U-3212,add_to_cart,2026-05-15T05:30:00
5680,U-3213,view_item,2026-05-15T18:21:00
5681,U-3213,add_to_cart,2026-05-15T18:23:00
5682,U-3213,start_checkout,2026-05-15T18:25:00
5683,U-3214,view_item,2026-05-15T08:27:00
5684,U-3215,view_item,2026-05-15T08:15:00
5685,U-3215,add_to_cart,2026-05-15T08:17:00
5686,U-3215,start_checkout,2026-05-15T08:19:00
5687,U-3215,purchase,2026-05-15T08:21:00
5688,U-3216,view_item,2026-05-15T06:54:00
5689,U-3217,view_item,2026-05-15T12:54:00
5690,U-3217,add_to_cart,2026-05-15T12:56:00
5691,U-3217,start_checkout,2026-05-15T12:58:00
5692,U-3217,purchase,2026-05-15T13:00:00
5693,U-3218,view_item,2026-05-15T05:10:00
5694,U-3219,view_item,2026-05-16T15:41:00
5695,U-3220,view_item,2026-05-16T18:09:00
5696,U-3221,view_item,2026-05-16T23:11:00
5697,U-3222,view_item,2026-05-16T23:06:00
5698,U-3222,add_to_cart,2026-05-16T23:08:00
5699,U-3223,view_item,2026-05-16T15:30:00
5700,U-3224,view_item,2026-05-16T21:35:00
5701,U-3224,add_to_cart,2026-05-16T21:37:00
5702,U-3224,start_checkout,2026-05-16T21:39:00
5703,U-3225,view_item,2026-05-16T15:41:00
5704,U-3225,add_to_cart,2026-05-16T15:43:00
5705,U-3225,start_checkout,2026-05-16T15:45:00
5706,U-3225,purchase,2026-05-16T15:47:00
5707,U-3226,view_item,2026-05-16T14:59:00
5708,U-3227,view_item,2026-05-16T11:42:00
5709,U-3228,view_item,2026-05-16T02:51:00
5710,U-3229,view_item,2026-05-16T22:03:00
5711,U-3229,add_to_cart,2026-05-16T22:05:00
5712,U-3229,start_checkout,2026-05-16T22:07:00
5713,U-3229,purchase,2026-05-16T22:09:00
5714,U-3230,view_item,2026-05-16T21:52:00
5715,U-3230,add_to_cart,2026-05-16T21:54:00
5716,U-3230,start_checkout,2026-05-16T21:56:00
5717,U-3231,view_item,2026-05-16T17:39:00
5718,U-3232,view_item,2026-05-16T08:20:00
5719,U-3233,view_item,2026-05-16T01:07:00
5720,U-3234,view_item,2026-05-16T07:48:00
5721,U-3235,view_item,2026-05-16T20:30:00
5722,U-3235,add_to_cart,2026-05-16T20:32:00
5723,U-3235,start_checkout,2026-05-16T20:34:00
5724,U-3235,purchase,2026-05-16T20:36:00
5725,U-3236,view_item,2026-05-16T03:28:00
5726,U-3237,view_item,2026-05-16T16:51:00
5727,U-3238,view_item,2026-05-16T23:11:00
5728,U-3238,add_to_cart,2026-05-16T23:13:00
5729,U-3238,start_checkout,2026-05-16T23:15:00
5730,U-3238,purchase,2026-05-16T23:17:00
5731,U-3239,view_item,2026-05-16T12:18:00
5732,U-3239,add_to_cart,2026-05-16T12:20:00
5733,U-3240,view_item,2026-05-16T12:08:00
5734,U-3240,add_to_cart,2026-05-16T12:10:00
5735,U-3241,view_item,2026-05-16T22:31:00
5736,U-3241,add_to_cart,2026-05-16T22:33:00
5737,U-3242,view_item,2026-05-16T10:35:00
5738,U-3243,view_item,2026-05-16T00:16:00
5739,U-3243,add_to_cart,2026-05-16T00:18:00
5740,U-3243,start_checkout,2026-05-16T00:20:00
5741,U-3243,purchase,2026-05-16T00:22:00
5742,U-3244,view_item,2026-05-16T05:14:00
5743,U-3245,view_item,2026-05-16T09:00:00
5744,U-3245,add_to_cart,2026-05-16T09:02:00
5745,U-3246,view_item,2026-05-16T05:37:00
5746,U-3247,view_item,2026-05-16T06:58:00
5747,U-3248,view_item,2026-05-16T06:58:00
5748,U-3248,add_to_cart,2026-05-16T07:00:00
5749,U-3249,view_item,2026-05-16T15:56:00
5750,U-3249,add_to_cart,2026-05-16T15:58:00
5751,U-3249,start_checkout,2026-05-16T16:00:00
5752,U-3249,purchase,2026-05-16T16:02:00
5753,U-3250,view_item,2026-05-16T09:59:00
5754,U-3251,view_item,2026-05-16T18:11:00
5755,U-3251,add_to_cart,2026-05-16T18:13:00
5756,U-3251,start_checkout,2026-05-16T18:15:00
5757,U-3251,purchase,2026-05-16T18:17:00
5758,U-3252,view_item,2026-05-16T08:47:00
5759,U-3252,add_to_cart,2026-05-16T08:49:00
5760,U-3253,view_item,2026-05-16T12:49:00
5761,U-3254,view_item,2026-05-16T11:14:00
5762,U-3254,add_to_cart,2026-05-16T11:16:00
5763,U-3254,start_checkout,2026-05-16T11:18:00
5764,U-3254,purchase,2026-05-16T11:20:00
5765,U-3255,view_item,2026-05-16T22:28:00
5766,U-3256,view_item,2026-05-16T11:20:00
5767,U-3256,add_to_cart,2026-05-16T11:22:00
5768,U-3256,start_checkout,2026-05-16T11:24:00
5769,U-3257,view_item,2026-05-16T06:08:00
5770,U-3258,view_item,2026-05-16T15:48:00
5771,U-3258,add_to_cart,2026-05-16T15:50:00
5772,U-3258,start_checkout,2026-05-16T15:52:00
5773,U-3258,purchase,2026-05-16T15:54:00
5774,U-3259,view_item,2026-05-16T08:24:00
5775,U-3260,view_item,2026-05-16T23:41:00
5776,U-3261,view_item,2026-05-16T11:07:00
5777,U-3262,view_item,2026-05-16T22:45:00
5778,U-3262,add_to_cart,2026-05-16T22:47:00
5779,U-3263,view_item,2026-05-16T15:05:00
5780,U-3263,add_to_cart,2026-05-16T15:07:00
5781,U-3263,start_checkout,2026-05-16T15:09:00
5782,U-3264,view_item,2026-05-16T08:23:00
5783,U-3265,view_item,2026-05-16T06:41:00
5784,U-3265,add_to_cart,2026-05-16T06:43:00
5785,U-3265,start_checkout,2026-05-16T06:45:00
5786,U-3265,purchase,2026-05-16T06:47:00
5787,U-3266,view_item,2026-05-16T07:09:00
5788,U-3267,view_item,2026-05-16T18:01:00
5789,U-3267,add_to_cart,2026-05-16T18:03:00
5790,U-3267,start_checkout,2026-05-16T18:05:00
5791,U-3267,purchase,2026-05-16T18:07:00
5792,U-3268,view_item,2026-05-16T09:41:00
5793,U-3269,view_item,2026-05-16T12:06:00
5794,U-3270,view_item,2026-05-16T21:41:00
5795,U-3271,view_item,2026-05-16T20:54:00
5796,U-3271,add_to_cart,2026-05-16T20:56:00
5797,U-3272,view_item,2026-05-16T18:01:00
5798,U-3273,view_item,2026-05-16T17:56:00
5799,U-3274,view_item,2026-05-16T13:29:00
5800,U-3274,add_to_cart,2026-05-16T13:31:00
5801,U-3275,view_item,2026-05-16T15:33:00
5802,U-3276,view_item,2026-05-16T03:33:00
5803,U-3276,add_to_cart,2026-05-16T03:35:00
5804,U-3276,start_checkout,2026-05-16T03:37:00
5805,U-3277,view_item,2026-05-16T22:03:00
5806,U-3278,view_item,2026-05-16T09:55:00
5807,U-3278,add_to_cart,2026-05-16T09:57:00
5808,U-3279,view_item,2026-05-16T21:43:00
5809,U-3280,view_item,2026-05-16T22:03:00
5810,U-3280,add_to_cart,2026-05-16T22:05:00
5811,U-3281,view_item,2026-05-16T04:41:00
5812,U-3281,add_to_cart,2026-05-16T04:43:00
5813,U-3282,view_item,2026-05-16T02:39:00
5814,U-3283,view_item,2026-05-16T13:22:00
5815,U-3283,add_to_cart,2026-05-16T13:24:00
5816,U-3284,view_item,2026-05-16T14:34:00
5817,U-3285,view_item,2026-05-16T17:19:00
5818,U-3286,view_item,2026-05-16T07:52:00
5819,U-3287,view_item,2026-05-16T14:00:00
5820,U-3288,view_item,2026-05-16T10:50:00
5821,U-3288,add_to_cart,2026-05-16T10:52:00
5822,U-3288,start_checkout,2026-05-16T10:54:00
5823,U-3289,view_item,2026-05-16T12:28:00
5824,U-3289,add_to_cart,2026-05-16T12:30:00
5825,U-3290,view_item,2026-05-16T18:54:00
5826,U-3291,view_item,2026-05-16T22:51:00
5827,U-3291,add_to_cart,2026-05-16T22:53:00
5828,U-3292,view_item,2026-05-16T16:34:00
5829,U-3293,view_item,2026-05-16T00:13:00
5830,U-3294,view_item,2026-05-16T00:21:00
5831,U-3295,view_item,2026-05-16T11:45:00
5832,U-3296,view_item,2026-05-16T13:14:00
5833,U-3296,add_to_cart,2026-05-16T13:16:00
5834,U-3296,start_checkout,2026-05-16T13:18:00
5835,U-3297,view_item,2026-05-16T07:46:00
5836,U-3297,add_to_cart,2026-05-16T07:48:00
5837,U-3297,start_checkout,2026-05-16T07:50:00
5838,U-3297,purchase,2026-05-16T07:52:00
5839,U-3298,view_item,2026-05-16T23:59:00
5840,U-3298,add_to_cart,2026-05-17T00:01:00
5841,U-3299,view_item,2026-05-16T10:15:00
5842,U-3299,add_to_cart,2026-05-16T10:17:00
5843,U-3300,view_item,2026-05-16T02:44:00
5844,U-3301,view_item,2026-05-16T06:25:00
5845,U-3301,add_to_cart,2026-05-16T06:27:00
5846,U-3302,view_item,2026-05-16T11:44:00
5847,U-3302,add_to_cart,2026-05-16T11:46:00
5848,U-3303,view_item,2026-05-16T22:45:00
5849,U-3303,add_to_cart,2026-05-16T22:47:00
5850,U-3304,view_item,2026-05-16T02:45:00
5851,U-3304,add_to_cart,2026-05-16T02:47:00
5852,U-3304,start_checkout,2026-05-16T02:49:00
5853,U-3304,purchase,2026-05-16T02:51:00
5854,U-3305,view_item,2026-05-16T16:50:00
5855,U-3306,view_item,2026-05-16T04:52:00
5856,U-3307,view_item,2026-05-16T09:59:00
5857,U-3307,add_to_cart,2026-05-16T10:01:00
5858,U-3308,view_item,2026-05-16T08:17:00
5859,U-3309,view_item,2026-05-16T03:23:00
5860,U-3309,add_to_cart,2026-05-16T03:25:00
5861,U-3309,start_checkout,2026-05-16T03:27:00
5862,U-3309,purchase,2026-05-16T03:29:00
5863,U-3310,view_item,2026-05-16T00:50:00
5864,U-3310,add_to_cart,2026-05-16T00:52:00
5865,U-3311,view_item,2026-05-16T15:44:00
5866,U-3312,view_item,2026-05-16T21:14:00
5867,U-3312,add_to_cart,2026-05-16T21:16:00
5868,U-3312,start_checkout,2026-05-16T21:18:00
5869,U-3312,purchase,2026-05-16T21:20:00
5870,U-3313,view_item,2026-05-16T07:34:00
5871,U-3314,view_item,2026-05-16T15:21:00
5872,U-3314,add_to_cart,2026-05-16T15:23:00
5873,U-3314,start_checkout,2026-05-16T15:25:00
5874,U-3315,view_item,2026-05-16T17:52:00
5875,U-3315,add_to_cart,2026-05-16T17:54:00
5876,U-3316,view_item,2026-05-16T05:43:00
5877,U-3316,add_to_cart,2026-05-16T05:45:00
5878,U-3316,start_checkout,2026-05-16T05:47:00
5879,U-3317,view_item,2026-05-16T22:24:00
5880,U-3318,view_item,2026-05-16T08:01:00
5881,U-3319,view_item,2026-05-16T18:02:00
5882,U-3320,view_item,2026-05-16T01:33:00
5883,U-3321,view_item,2026-05-16T12:51:00
5884,U-3322,view_item,2026-05-16T10:35:00
5885,U-3322,add_to_cart,2026-05-16T10:37:00
5886,U-3323,view_item,2026-05-16T16:04:00
5887,U-3323,add_to_cart,2026-05-16T16:06:00
5888,U-3323,start_checkout,2026-05-16T16:08:00
5889,U-3323,purchase,2026-05-16T16:10:00
5890,U-3324,view_item,2026-05-16T05:49:00
5891,U-3325,view_item,2026-05-16T06:05:00
5892,U-3325,add_to_cart,2026-05-16T06:07:00
5893,U-3326,view_item,2026-05-16T09:40:00
5894,U-3326,add_to_cart,2026-05-16T09:42:00
5895,U-3326,start_checkout,2026-05-16T09:44:00
5896,U-3326,purchase,2026-05-16T09:46:00
5897,U-3327,view_item,2026-05-16T12:19:00
5898,U-3328,view_item,2026-05-16T07:24:00
5899,U-3328,add_to_cart,2026-05-16T07:26:00
5900,U-3328,start_checkout,2026-05-16T07:28:00
5901,U-3328,purchase,2026-05-16T07:30:00
5902,U-3329,view_item,2026-05-16T09:33:00
5903,U-3329,add_to_cart,2026-05-16T09:35:00
5904,U-3330,view_item,2026-05-16T02:40:00
5905,U-3330,add_to_cart,2026-05-16T02:42:00
5906,U-3331,view_item,2026-05-16T02:18:00
5907,U-3332,view_item,2026-05-16T09:10:00
5908,U-3333,view_item,2026-05-16T10:27:00
5909,U-3334,view_item,2026-05-16T13:56:00
5910,U-3334,add_to_cart,2026-05-16T13:58:00
5911,U-3335,view_item,2026-05-16T02:23:00
5912,U-3336,view_item,2026-05-16T21:59:00
5913,U-3336,add_to_cart,2026-05-16T22:01:00
5914,U-3337,view_item,2026-05-16T23:51:00
5915,U-3337,add_to_cart,2026-05-16T23:53:00
5916,U-3338,view_item,2026-05-16T19:25:00
5917,U-3338,add_to_cart,2026-05-16T19:27:00
5918,U-3338,start_checkout,2026-05-16T19:29:00
5919,U-3338,purchase,2026-05-16T19:31:00
5920,U-3339,view_item,2026-05-16T21:11:00
5921,U-3340,view_item,2026-05-16T19:31:00
5922,U-3341,view_item,2026-05-16T01:53:00
5923,U-3341,add_to_cart,2026-05-16T01:55:00
5924,U-3341,start_checkout,2026-05-16T01:57:00
5925,U-3341,purchase,2026-05-16T01:59:00
5926,U-3342,view_item,2026-05-16T06:01:00
5927,U-3342,add_to_cart,2026-05-16T06:03:00
5928,U-3343,view_item,2026-05-16T21:52:00
5929,U-3343,add_to_cart,2026-05-16T21:54:00
5930,U-3344,view_item,2026-05-16T02:09:00
5931,U-3344,add_to_cart,2026-05-16T02:11:00
5932,U-3344,start_checkout,2026-05-16T02:13:00
5933,U-3344,purchase,2026-05-16T02:15:00
5934,U-3345,view_item,2026-05-16T19:09:00
5935,U-3345,add_to_cart,2026-05-16T19:11:00
5936,U-3346,view_item,2026-05-16T13:17:00
5937,U-3347,view_item,2026-05-16T13:32:00
5938,U-3348,view_item,2026-05-16T21:12:00
5939,U-3348,add_to_cart,2026-05-16T21:14:00
5940,U-3348,start_checkout,2026-05-16T21:16:00
5941,U-3348,purchase,2026-05-16T21:18:00
5942,U-3349,view_item,2026-05-16T10:59:00
5943,U-3350,view_item,2026-05-16T09:33:00
5944,U-3351,view_item,2026-05-16T03:14:00
5945,U-3351,add_to_cart,2026-05-16T03:16:00
5946,U-3352,view_item,2026-05-16T05:58:00
5947,U-3353,view_item,2026-05-16T00:40:00
5948,U-3353,add_to_cart,2026-05-16T00:42:00
5949,U-3353,start_checkout,2026-05-16T00:44:00
5950,U-3353,purchase,2026-05-16T00:46:00
5951,U-3354,view_item,2026-05-16T06:37:00
5952,U-3355,view_item,2026-05-16T11:15:00
5953,U-3355,add_to_cart,2026-05-16T11:17:00
5954,U-3356,view_item,2026-05-16T15:20:00
5955,U-3357,view_item,2026-05-16T14:01:00
5956,U-3358,view_item,2026-05-16T14:19:00
5957,U-3359,view_item,2026-05-16T08:03:00
5958,U-3360,view_item,2026-05-16T15:53:00
5959,U-3360,add_to_cart,2026-05-16T15:55:00
5960,U-3361,view_item,2026-05-16T18:40:00
5961,U-3361,add_to_cart,2026-05-16T18:42:00
5962,U-3361,start_checkout,2026-05-16T18:44:00
5963,U-3361,purchase,2026-05-16T18:46:00
5964,U-3362,view_item,2026-05-16T21:06:00
5965,U-3363,view_item,2026-05-16T04:38:00
5966,U-3364,view_item,2026-05-16T00:07:00
5967,U-3365,view_item,2026-05-16T01:10:00
5968,U-3366,view_item,2026-05-16T06:21:00
5969,U-3367,view_item,2026-05-16T22:22:00
5970,U-3367,add_to_cart,2026-05-16T22:24:00
5971,U-3367,start_checkout,2026-05-16T22:26:00
5972,U-3368,view_item,2026-05-16T01:43:00
5973,U-3369,view_item,2026-05-16T05:10:00
5974,U-3370,view_item,2026-05-16T12:48:00
5975,U-3370,add_to_cart,2026-05-16T12:50:00
5976,U-3371,view_item,2026-05-16T22:46:00
5977,U-3372,view_item,2026-05-16T11:01:00
5978,U-3372,add_to_cart,2026-05-16T11:03:00
5979,U-3372,start_checkout,2026-05-16T11:05:00
5980,U-3372,purchase,2026-05-16T11:07:00
5981,U-3373,view_item,2026-05-16T00:51:00
5982,U-3374,view_item,2026-05-16T18:28:00
5983,U-3374,add_to_cart,2026-05-16T18:30:00
5984,U-3374,start_checkout,2026-05-16T18:32:00
5985,U-3374,purchase,2026-05-16T18:34:00
5986,U-3375,view_item,2026-05-16T20:17:00
5987,U-3375,add_to_cart,2026-05-16T20:19:00
5988,U-3375,start_checkout,2026-05-16T20:21:00
5989,U-3376,view_item,2026-05-16T12:35:00
5990,U-3377,view_item,2026-05-16T15:45:00
5991,U-3378,view_item,2026-05-16T22:54:00
5992,U-3379,view_item,2026-05-16T03:50:00
5993,U-3379,add_to_cart,2026-05-16T03:52:00
5994,U-3379,start_checkout,2026-05-16T03:54:00
5995,U-3379,purchase,2026-05-16T03:56:00
5996,U-3380,view_item,2026-05-16T03:21:00
5997,U-3380,add_to_cart,2026-05-16T03:23:00
5998,U-3380,start_checkout,2026-05-16T03:25:00
5999,U-3380,purchase,2026-05-16T03:27:00
6000,U-3381,view_item,2026-05-16T01:11:00
6001,U-3382,view_item,2026-05-16T15:26:00
6002,U-3383,view_item,2026-05-16T06:55:00
6003,U-3384,view_item,2026-05-16T22:30:00
6004,U-3384,add_to_cart,2026-05-16T22:32:00
6005,U-3385,view_item,2026-05-16T13:35:00
6006,U-3385,add_to_cart,2026-05-16T13:37:00
6007,U-3385,start_checkout,2026-05-16T13:39:00
6008,U-3385,purchase,2026-05-16T13:41:00
6009,U-3386,view_item,2026-05-16T12:14:00
6010,U-3387,view_item,2026-05-16T10:15:00
6011,U-3387,add_to_cart,2026-05-16T10:17:00
6012,U-3388,view_item,2026-05-16T16:41:00
6013,U-3389,view_item,2026-05-16T17:03:00
6014,U-3389,add_to_cart,2026-05-16T17:05:00
6015,U-3389,start_checkout,2026-05-16T17:07:00
6016,U-3390,view_item,2026-05-16T06:21:00
6017,U-3390,add_to_cart,2026-05-16T06:23:00
6018,U-3390,start_checkout,2026-05-16T06:25:00
6019,U-3391,view_item,2026-05-16T15:08:00
6020,U-3392,view_item,2026-05-16T04:55:00
6021,U-3393,view_item,2026-05-16T13:34:00
6022,U-3393,add_to_cart,2026-05-16T13:36:00
6023,U-3393,start_checkout,2026-05-16T13:38:00
6024,U-3394,view_item,2026-05-16T15:48:00
6025,U-3394,add_to_cart,2026-05-16T15:50:00
6026,U-3395,view_item,2026-05-16T21:10:00
6027,U-3395,add_to_cart,2026-05-16T21:12:00
6028,U-3395,start_checkout,2026-05-16T21:14:00
6029,U-3396,view_item,2026-05-16T04:41:00
6030,U-3396,add_to_cart,2026-05-16T04:43:00
6031,U-3397,view_item,2026-05-16T02:49:00
6032,U-3397,add_to_cart,2026-05-16T02:51:00
6033,U-3397,start_checkout,2026-05-16T02:53:00
6034,U-3398,view_item,2026-05-16T04:54:00
6035,U-3399,view_item,2026-05-16T04:19:00
6036,U-3399,add_to_cart,2026-05-16T04:21:00
6037,U-3399,start_checkout,2026-05-16T04:23:00
6038,U-3400,view_item,2026-05-16T07:18:00
6039,U-3401,view_item,2026-05-16T07:38:00
6040,U-3402,view_item,2026-05-16T01:28:00
6041,U-3402,add_to_cart,2026-05-16T01:30:00
6042,U-3402,start_checkout,2026-05-16T01:32:00
6043,U-3403,view_item,2026-05-16T20:22:00
6044,U-3404,view_item,2026-05-16T18:16:00
6045,U-3405,view_item,2026-05-16T16:59:00
6046,U-3405,add_to_cart,2026-05-16T17:01:00
6047,U-3405,start_checkout,2026-05-16T17:03:00
6048,U-3406,view_item,2026-05-16T20:31:00
6049,U-3406,add_to_cart,2026-05-16T20:33:00
6050,U-3407,view_item,2026-05-16T14:09:00
6051,U-3408,view_item,2026-05-16T09:48:00
6052,U-3408,add_to_cart,2026-05-16T09:50:00
6053,U-3409,view_item,2026-05-16T08:24:00
6054,U-3410,view_item,2026-05-16T13:33:00
6055,U-3410,add_to_cart,2026-05-16T13:35:00
6056,U-3411,view_item,2026-05-16T22:54:00
6057,U-3412,view_item,2026-05-16T15:05:00
6058,U-3412,add_to_cart,2026-05-16T15:07:00
6059,U-3412,start_checkout,2026-05-16T15:09:00
6060,U-3412,purchase,2026-05-16T15:11:00
6061,U-3413,view_item,2026-05-16T16:50:00
6062,U-3413,add_to_cart,2026-05-16T16:52:00
6063,U-3413,start_checkout,2026-05-16T16:54:00
6064,U-3414,view_item,2026-05-16T16:10:00
6065,U-3415,view_item,2026-05-16T03:40:00
6066,U-3416,view_item,2026-05-16T14:18:00
6067,U-3416,add_to_cart,2026-05-16T14:20:00
6068,U-3417,view_item,2026-05-16T20:07:00
6069,U-3418,view_item,2026-05-16T02:55:00
6070,U-3418,add_to_cart,2026-05-16T02:57:00
6071,U-3418,start_checkout,2026-05-16T02:59:00
6072,U-3419,view_item,2026-05-16T22:10:00
6073,U-3419,add_to_cart,2026-05-16T22:12:00
6074,U-3420,view_item,2026-05-16T13:41:00
6075,U-3420,add_to_cart,2026-05-16T13:43:00
6076,U-3421,view_item,2026-05-16T01:27:00
6077,U-3422,view_item,2026-05-16T09:32:00
6078,U-3423,view_item,2026-05-16T13:45:00
6079,U-3424,view_item,2026-05-16T03:40:00
6080,U-3424,add_to_cart,2026-05-16T03:42:00
6081,U-3424,start_checkout,2026-05-16T03:44:00
6082,U-3424,purchase,2026-05-16T03:46:00
6083,U-3425,view_item,2026-05-17T10:27:00
6084,U-3425,add_to_cart,2026-05-17T10:29:00
6085,U-3426,view_item,2026-05-17T18:19:00
6086,U-3427,view_item,2026-05-17T05:16:00
6087,U-3428,view_item,2026-05-17T14:35:00
6088,U-3429,view_item,2026-05-17T13:44:00
6089,U-3429,add_to_cart,2026-05-17T13:46:00
6090,U-3429,start_checkout,2026-05-17T13:48:00
6091,U-3429,purchase,2026-05-17T13:50:00
6092,U-3430,view_item,2026-05-17T11:24:00
6093,U-3431,view_item,2026-05-17T23:04:00
6094,U-3431,add_to_cart,2026-05-17T23:06:00
6095,U-3431,start_checkout,2026-05-17T23:08:00
6096,U-3431,purchase,2026-05-17T23:10:00
6097,U-3432,view_item,2026-05-17T09:19:00
6098,U-3433,view_item,2026-05-17T19:34:00
6099,U-3433,add_to_cart,2026-05-17T19:36:00
6100,U-3433,start_checkout,2026-05-17T19:38:00
6101,U-3434,view_item,2026-05-17T07:12:00
6102,U-3435,view_item,2026-05-17T03:00:00
6103,U-3436,view_item,2026-05-17T03:35:00
6104,U-3437,view_item,2026-05-17T04:11:00
6105,U-3438,view_item,2026-05-17T18:25:00
6106,U-3439,view_item,2026-05-17T21:07:00
6107,U-3439,add_to_cart,2026-05-17T21:09:00
6108,U-3439,start_checkout,2026-05-17T21:11:00
6109,U-3439,purchase,2026-05-17T21:13:00
6110,U-3440,view_item,2026-05-17T14:00:00
6111,U-3440,add_to_cart,2026-05-17T14:02:00
6112,U-3440,start_checkout,2026-05-17T14:04:00
6113,U-3441,view_item,2026-05-17T14:20:00
6114,U-3441,add_to_cart,2026-05-17T14:22:00
6115,U-3441,start_checkout,2026-05-17T14:24:00
6116,U-3442,view_item,2026-05-17T20:15:00
6117,U-3443,view_item,2026-05-17T03:50:00
6118,U-3444,view_item,2026-05-17T03:35:00
6119,U-3444,add_to_cart,2026-05-17T03:37:00
6120,U-3444,start_checkout,2026-05-17T03:39:00
6121,U-3445,view_item,2026-05-17T21:25:00
6122,U-3445,add_to_cart,2026-05-17T21:27:00
6123,U-3446,view_item,2026-05-17T14:35:00
6124,U-3447,view_item,2026-05-17T18:43:00
6125,U-3448,view_item,2026-05-17T00:49:00
6126,U-3448,add_to_cart,2026-05-17T00:51:00
6127,U-3448,start_checkout,2026-05-17T00:53:00
6128,U-3448,purchase,2026-05-17T00:55:00
6129,U-3449,view_item,2026-05-17T10:54:00
6130,U-3449,add_to_cart,2026-05-17T10:56:00
6131,U-3450,view_item,2026-05-17T09:21:00
6132,U-3450,add_to_cart,2026-05-17T09:23:00
6133,U-3451,view_item,2026-05-17T05:36:00
6134,U-3452,view_item,2026-05-17T08:30:00
6135,U-3453,view_item,2026-05-17T05:38:00
6136,U-3454,view_item,2026-05-17T09:15:00
6137,U-3455,view_item,2026-05-17T07:25:00
6138,U-3456,view_item,2026-05-17T11:35:00
6139,U-3457,view_item,2026-05-17T11:58:00
6140,U-3458,view_item,2026-05-17T14:02:00
6141,U-3459,view_item,2026-05-17T14:41:00
6142,U-3460,view_item,2026-05-17T09:35:00
6143,U-3461,view_item,2026-05-17T21:15:00
6144,U-3461,add_to_cart,2026-05-17T21:17:00
6145,U-3461,start_checkout,2026-05-17T21:19:00
6146,U-3461,purchase,2026-05-17T21:21:00
6147,U-3462,view_item,2026-05-17T23:41:00
6148,U-3463,view_item,2026-05-17T12:30:00
6149,U-3463,add_to_cart,2026-05-17T12:32:00
6150,U-3463,start_checkout,2026-05-17T12:34:00
6151,U-3464,view_item,2026-05-17T10:46:00
6152,U-3465,view_item,2026-05-17T19:57:00
6153,U-3465,add_to_cart,2026-05-17T19:59:00
6154,U-3465,start_checkout,2026-05-17T20:01:00
6155,U-3465,purchase,2026-05-17T20:03:00
6156,U-3466,view_item,2026-05-17T14:35:00
6157,U-3466,add_to_cart,2026-05-17T14:37:00
6158,U-3466,start_checkout,2026-05-17T14:39:00
6159,U-3466,purchase,2026-05-17T14:41:00
6160,U-3467,view_item,2026-05-17T21:21:00
6161,U-3467,add_to_cart,2026-05-17T21:23:00
6162,U-3467,start_checkout,2026-05-17T21:25:00
6163,U-3467,purchase,2026-05-17T21:27:00
6164,U-3468,view_item,2026-05-17T08:23:00
6165,U-3468,add_to_cart,2026-05-17T08:25:00
6166,U-3468,start_checkout,2026-05-17T08:27:00
6167,U-3469,view_item,2026-05-17T20:06:00
6168,U-3470,view_item,2026-05-17T22:21:00
6169,U-3470,add_to_cart,2026-05-17T22:23:00
6170,U-3471,view_item,2026-05-17T09:03:00
6171,U-3472,view_item,2026-05-17T23:24:00
6172,U-3472,add_to_cart,2026-05-17T23:26:00
6173,U-3473,view_item,2026-05-17T09:36:00
6174,U-3474,view_item,2026-05-17T23:04:00
6175,U-3475,view_item,2026-05-17T00:53:00
6176,U-3476,view_item,2026-05-17T14:39:00
6177,U-3476,add_to_cart,2026-05-17T14:41:00
6178,U-3476,start_checkout,2026-05-17T14:43:00
6179,U-3477,view_item,2026-05-17T04:41:00
6180,U-3477,add_to_cart,2026-05-17T04:43:00
6181,U-3477,start_checkout,2026-05-17T04:45:00
6182,U-3477,purchase,2026-05-17T04:47:00
6183,U-3478,view_item,2026-05-17T03:28:00
6184,U-3478,add_to_cart,2026-05-17T03:30:00
6185,U-3479,view_item,2026-05-17T20:13:00
6186,U-3480,view_item,2026-05-17T09:37:00
6187,U-3480,add_to_cart,2026-05-17T09:39:00
6188,U-3481,view_item,2026-05-17T06:12:00
6189,U-3482,view_item,2026-05-17T14:11:00
6190,U-3482,add_to_cart,2026-05-17T14:13:00
6191,U-3482,start_checkout,2026-05-17T14:15:00
6192,U-3483,view_item,2026-05-17T17:45:00
6193,U-3483,add_to_cart,2026-05-17T17:47:00
6194,U-3484,view_item,2026-05-17T19:51:00
6195,U-3485,view_item,2026-05-17T21:20:00
6196,U-3486,view_item,2026-05-17T03:29:00
6197,U-3486,add_to_cart,2026-05-17T03:31:00
6198,U-3486,start_checkout,2026-05-17T03:33:00
6199,U-3487,view_item,2026-05-17T00:27:00
6200,U-3488,view_item,2026-05-17T11:48:00
6201,U-3489,view_item,2026-05-17T22:05:00
6202,U-3490,view_item,2026-05-17T23:50:00
6203,U-3491,view_item,2026-05-17T22:49:00
6204,U-3492,view_item,2026-05-17T06:45:00
6205,U-3493,view_item,2026-05-17T04:40:00
6206,U-3493,add_to_cart,2026-05-17T04:42:00
6207,U-3493,start_checkout,2026-05-17T04:44:00
6208,U-3494,view_item,2026-05-17T17:29:00
6209,U-3495,view_item,2026-05-17T13:14:00
6210,U-3496,view_item,2026-05-17T08:25:00
6211,U-3497,view_item,2026-05-17T08:19:00
6212,U-3497,add_to_cart,2026-05-17T08:21:00
6213,U-3497,start_checkout,2026-05-17T08:23:00
6214,U-3497,purchase,2026-05-17T08:25:00
6215,U-3498,view_item,2026-05-17T18:15:00
6216,U-3498,add_to_cart,2026-05-17T18:17:00
6217,U-3499,view_item,2026-05-17T05:09:00
6218,U-3499,add_to_cart,2026-05-17T05:11:00
6219,U-3499,start_checkout,2026-05-17T05:13:00
6220,U-3499,purchase,2026-05-17T05:15:00
6221,U-3500,view_item,2026-05-17T09:09:00
6222,U-3501,view_item,2026-05-17T03:32:00
6223,U-3502,view_item,2026-05-17T08:43:00
6224,U-3503,view_item,2026-05-17T11:33:00
6225,U-3504,view_item,2026-05-17T08:11:00
6226,U-3504,add_to_cart,2026-05-17T08:13:00
6227,U-3504,start_checkout,2026-05-17T08:15:00
6228,U-3504,purchase,2026-05-17T08:17:00
6229,U-3505,view_item,2026-05-17T23:57:00
6230,U-3505,add_to_cart,2026-05-17T23:59:00
6231,U-3505,start_checkout,2026-05-18T00:01:00
6232,U-3506,view_item,2026-05-17T01:15:00
6233,U-3507,view_item,2026-05-17T02:51:00
6234,U-3508,view_item,2026-05-17T22:44:00
6235,U-3509,view_item,2026-05-17T17:38:00
6236,U-3510,view_item,2026-05-17T04:25:00
6237,U-3510,add_to_cart,2026-05-17T04:27:00
6238,U-3511,view_item,2026-05-17T19:45:00
6239,U-3511,add_to_cart,2026-05-17T19:47:00
6240,U-3512,view_item,2026-05-17T22:24:00
6241,U-3513,view_item,2026-05-17T02:59:00
6242,U-3513,add_to_cart,2026-05-17T03:01:00
6243,U-3514,view_item,2026-05-17T13:30:00
6244,U-3515,view_item,2026-05-17T03:02:00
6245,U-3516,view_item,2026-05-17T08:17:00
6246,U-3516,add_to_cart,2026-05-17T08:19:00
6247,U-3517,view_item,2026-05-17T01:10:00
6248,U-3517,add_to_cart,2026-05-17T01:12:00
6249,U-3517,start_checkout,2026-05-17T01:14:00
6250,U-3518,view_item,2026-05-17T02:37:00
6251,U-3519,view_item,2026-05-17T19:45:00
6252,U-3519,add_to_cart,2026-05-17T19:47:00
6253,U-3520,view_item,2026-05-17T00:10:00
6254,U-3520,add_to_cart,2026-05-17T00:12:00
6255,U-3520,start_checkout,2026-05-17T00:14:00
6256,U-3521,view_item,2026-05-17T03:48:00
6257,U-3522,view_item,2026-05-17T03:37:00
6258,U-3522,add_to_cart,2026-05-17T03:39:00
6259,U-3523,view_item,2026-05-17T08:35:00
6260,U-3523,add_to_cart,2026-05-17T08:37:00
6261,U-3524,view_item,2026-05-17T18:38:00
6262,U-3525,view_item,2026-05-17T09:47:00
6263,U-3525,add_to_cart,2026-05-17T09:49:00
6264,U-3525,start_checkout,2026-05-17T09:51:00
6265,U-3526,view_item,2026-05-17T19:33:00
6266,U-3526,add_to_cart,2026-05-17T19:35:00
6267,U-3526,start_checkout,2026-05-17T19:37:00
6268,U-3526,purchase,2026-05-17T19:39:00
6269,U-3527,view_item,2026-05-17T09:14:00
6270,U-3527,add_to_cart,2026-05-17T09:16:00
6271,U-3527,start_checkout,2026-05-17T09:18:00
6272,U-3528,view_item,2026-05-17T19:51:00
6273,U-3528,add_to_cart,2026-05-17T19:53:00
6274,U-3528,start_checkout,2026-05-17T19:55:00
6275,U-3528,purchase,2026-05-17T19:57:00
6276,U-3529,view_item,2026-05-17T16:44:00
6277,U-3530,view_item,2026-05-17T05:28:00
6278,U-3530,add_to_cart,2026-05-17T05:30:00
6279,U-3531,view_item,2026-05-17T03:24:00
6280,U-3531,add_to_cart,2026-05-17T03:26:00
6281,U-3531,start_checkout,2026-05-17T03:28:00
6282,U-3531,purchase,2026-05-17T03:30:00
6283,U-3532,view_item,2026-05-17T11:16:00
6284,U-3532,add_to_cart,2026-05-17T11:18:00
6285,U-3532,start_checkout,2026-05-17T11:20:00
6286,U-3533,view_item,2026-05-17T15:33:00
6287,U-3534,view_item,2026-05-17T11:07:00
6288,U-3534,add_to_cart,2026-05-17T11:09:00
6289,U-3534,start_checkout,2026-05-17T11:11:00
6290,U-3534,purchase,2026-05-17T11:13:00
6291,U-3535,view_item,2026-05-17T00:37:00
6292,U-3535,add_to_cart,2026-05-17T00:39:00
6293,U-3535,start_checkout,2026-05-17T00:41:00
6294,U-3535,purchase,2026-05-17T00:43:00
6295,U-3536,view_item,2026-05-17T06:28:00
6296,U-3537,view_item,2026-05-17T19:04:00
6297,U-3538,view_item,2026-05-17T06:46:00
6298,U-3538,add_to_cart,2026-05-17T06:48:00
6299,U-3538,start_checkout,2026-05-17T06:50:00
6300,U-3538,purchase,2026-05-17T06:52:00
6301,U-3539,view_item,2026-05-17T19:23:00
6302,U-3540,view_item,2026-05-17T12:00:00
6303,U-3541,view_item,2026-05-17T10:45:00
6304,U-3541,add_to_cart,2026-05-17T10:47:00
6305,U-3542,view_item,2026-05-17T00:14:00
6306,U-3542,add_to_cart,2026-05-17T00:16:00
6307,U-3542,start_checkout,2026-05-17T00:18:00
6308,U-3542,purchase,2026-05-17T00:20:00
6309,U-3543,view_item,2026-05-17T19:29:00
6310,U-3544,view_item,2026-05-17T09:54:00
6311,U-3544,add_to_cart,2026-05-17T09:56:00
6312,U-3545,view_item,2026-05-17T00:26:00
6313,U-3546,view_item,2026-05-17T12:52:00
6314,U-3547,view_item,2026-05-17T19:15:00
6315,U-3548,view_item,2026-05-17T08:25:00
6316,U-3548,add_to_cart,2026-05-17T08:27:00
6317,U-3549,view_item,2026-05-17T05:11:00
6318,U-3550,view_item,2026-05-17T04:30:00
6319,U-3551,view_item,2026-05-17T08:39:00
6320,U-3552,view_item,2026-05-17T14:40:00
6321,U-3553,view_item,2026-05-17T21:06:00
6322,U-3554,view_item,2026-05-17T16:01:00
6323,U-3554,add_to_cart,2026-05-17T16:03:00
6324,U-3555,view_item,2026-05-17T01:17:00
6325,U-3556,view_item,2026-05-17T08:30:00
6326,U-3557,view_item,2026-05-17T01:01:00
6327,U-3558,view_item,2026-05-17T04:18:00
6328,U-3559,view_item,2026-05-17T17:23:00
6329,U-3560,view_item,2026-05-17T13:14:00
6330,U-3561,view_item,2026-05-17T07:38:00
6331,U-3561,add_to_cart,2026-05-17T07:40:00
6332,U-3561,start_checkout,2026-05-17T07:42:00
6333,U-3562,view_item,2026-05-17T17:58:00
6334,U-3562,add_to_cart,2026-05-17T18:00:00
6335,U-3562,start_checkout,2026-05-17T18:02:00
6336,U-3562,purchase,2026-05-17T18:04:00
6337,U-3563,view_item,2026-05-17T07:59:00
6338,U-3564,view_item,2026-05-17T07:30:00
6339,U-3564,add_to_cart,2026-05-17T07:32:00
6340,U-3564,start_checkout,2026-05-17T07:34:00
6341,U-3565,view_item,2026-05-17T03:54:00
6342,U-3565,add_to_cart,2026-05-17T03:56:00
6343,U-3566,view_item,2026-05-17T23:07:00
6344,U-3566,add_to_cart,2026-05-17T23:09:00
6345,U-3567,view_item,2026-05-17T13:28:00
6346,U-3567,add_to_cart,2026-05-17T13:30:00
6347,U-3567,start_checkout,2026-05-17T13:32:00
6348,U-3568,view_item,2026-05-17T00:18:00
6349,U-3568,add_to_cart,2026-05-17T00:20:00
6350,U-3568,start_checkout,2026-05-17T00:22:00
6351,U-3569,view_item,2026-05-17T04:09:00
6352,U-3570,view_item,2026-05-17T01:07:00
6353,U-3570,add_to_cart,2026-05-17T01:09:00
6354,U-3570,start_checkout,2026-05-17T01:11:00
6355,U-3570,purchase,2026-05-17T01:13:00
6356,U-3571,view_item,2026-05-17T12:46:00
6357,U-3571,add_to_cart,2026-05-17T12:48:00
6358,U-3571,start_checkout,2026-05-17T12:50:00
6359,U-3572,view_item,2026-05-17T08:08:00
6360,U-3573,view_item,2026-05-17T03:21:00
6361,U-3574,view_item,2026-05-17T10:14:00
6362,U-3574,add_to_cart,2026-05-17T10:16:00
6363,U-3575,view_item,2026-05-17T15:42:00
6364,U-3575,add_to_cart,2026-05-17T15:44:00
6365,U-3576,view_item,2026-05-17T21:25:00
6366,U-3577,view_item,2026-05-17T14:37:00
6367,U-3578,view_item,2026-05-17T12:42:00
6368,U-3578,add_to_cart,2026-05-17T12:44:00
6369,U-3579,view_item,2026-05-17T07:04:00
6370,U-3579,add_to_cart,2026-05-17T07:06:00
6371,U-3580,view_item,2026-05-17T07:27:00
6372,U-3580,add_to_cart,2026-05-17T07:29:00
6373,U-3581,view_item,2026-05-17T15:55:00
6374,U-3582,view_item,2026-05-17T15:40:00
6375,U-3583,view_item,2026-05-17T22:51:00
6376,U-3584,view_item,2026-05-17T13:37:00
6377,U-3585,view_item,2026-05-17T14:10:00
6378,U-3586,view_item,2026-05-17T12:34:00
6379,U-3586,add_to_cart,2026-05-17T12:36:00
6380,U-3586,start_checkout,2026-05-17T12:38:00
6381,U-3586,purchase,2026-05-17T12:40:00
6382,U-3587,view_item,2026-05-17T19:11:00
6383,U-3587,add_to_cart,2026-05-17T19:13:00
6384,U-3587,start_checkout,2026-05-17T19:15:00
6385,U-3588,view_item,2026-05-17T10:26:00
6386,U-3589,view_item,2026-05-17T11:13:00
6387,U-3590,view_item,2026-05-17T21:27:00
6388,U-3591,view_item,2026-05-17T04:38:00
6389,U-3591,add_to_cart,2026-05-17T04:40:00
6390,U-3592,view_item,2026-05-17T14:53:00
6391,U-3592,add_to_cart,2026-05-17T14:55:00
6392,U-3592,start_checkout,2026-05-17T14:57:00
6393,U-3592,purchase,2026-05-17T14:59:00
6394,U-3593,view_item,2026-05-17T18:02:00
6395,U-3594,view_item,2026-05-17T13:45:00
6396,U-3594,add_to_cart,2026-05-17T13:47:00
6397,U-3595,view_item,2026-05-17T11:46:00
6398,U-3595,add_to_cart,2026-05-17T11:48:00
6399,U-3595,start_checkout,2026-05-17T11:50:00
6400,U-3595,purchase,2026-05-17T11:52:00
6401,U-3596,view_item,2026-05-17T04:12:00
6402,U-3597,view_item,2026-05-17T14:44:00
6403,U-3597,add_to_cart,2026-05-17T14:46:00
6404,U-3597,start_checkout,2026-05-17T14:48:00
6405,U-3598,view_item,2026-05-17T00:58:00
6406,U-3599,view_item,2026-05-17T05:16:00
6407,U-3600,view_item,2026-05-17T15:49:00
6408,U-3601,view_item,2026-05-17T09:59:00
6409,U-3601,add_to_cart,2026-05-17T10:01:00
6410,U-3601,start_checkout,2026-05-17T10:03:00
6411,U-3601,purchase,2026-05-17T10:05:00
6412,U-3602,view_item,2026-05-17T06:07:00
6413,U-3603,view_item,2026-05-17T10:02:00
6414,U-3603,add_to_cart,2026-05-17T10:04:00
6415,U-3603,start_checkout,2026-05-17T10:06:00
6416,U-3603,purchase,2026-05-17T10:08:00
6417,U-3604,view_item,2026-05-17T10:57:00
6418,U-3604,add_to_cart,2026-05-17T10:59:00
6419,U-3605,view_item,2026-05-17T00:32:00
6420,U-3605,add_to_cart,2026-05-17T00:34:00
6421,U-3605,start_checkout,2026-05-17T00:36:00
6422,U-3605,purchase,2026-05-17T00:38:00
6423,U-3606,view_item,2026-05-17T16:49:00
6424,U-3606,add_to_cart,2026-05-17T16:51:00
6425,U-3606,start_checkout,2026-05-17T16:53:00
6426,U-3606,purchase,2026-05-17T16:55:00
6427,U-3607,view_item,2026-05-17T21:57:00
6428,U-3608,view_item,2026-05-17T20:20:00
6429,U-3609,view_item,2026-05-17T05:19:00
6430,U-3610,view_item,2026-05-17T14:45:00
6431,U-3611,view_item,2026-05-17T21:11:00
6432,U-3612,view_item,2026-05-17T21:20:00
6433,U-3613,view_item,2026-05-17T03:12:00
6434,U-3614,view_item,2026-05-17T19:17:00
6435,U-3614,add_to_cart,2026-05-17T19:19:00
6436,U-3614,start_checkout,2026-05-17T19:21:00
6437,U-3614,purchase,2026-05-17T19:23:00
6438,U-3615,view_item,2026-05-17T09:40:00
6439,U-3615,add_to_cart,2026-05-17T09:42:00
6440,U-3615,start_checkout,2026-05-17T09:44:00
6441,U-3615,purchase,2026-05-17T09:46:00
6442,U-3616,view_item,2026-05-17T02:12:00
6443,U-3617,view_item,2026-05-17T12:36:00
6444,U-3617,add_to_cart,2026-05-17T12:38:00
6445,U-3617,start_checkout,2026-05-17T12:40:00
6446,U-3617,purchase,2026-05-17T12:42:00
6447,U-3618,view_item,2026-05-17T09:05:00
6448,U-3619,view_item,2026-05-17T13:51:00
6449,U-3619,add_to_cart,2026-05-17T13:53:00
6450,U-3619,start_checkout,2026-05-17T13:55:00
6451,U-3619,purchase,2026-05-17T13:57:00
6452,U-3620,view_item,2026-05-17T15:13:00
6453,U-3621,view_item,2026-05-17T08:50:00
6454,U-3622,view_item,2026-05-17T22:27:00
6455,U-3622,add_to_cart,2026-05-17T22:29:00
6456,U-3623,view_item,2026-05-17T04:33:00
6457,U-3624,view_item,2026-05-17T19:02:00
6458,U-3624,add_to_cart,2026-05-17T19:04:00
6459,U-3624,start_checkout,2026-05-17T19:06:00
6460,U-3624,purchase,2026-05-17T19:08:00
6461,U-3625,view_item,2026-05-17T16:56:00
6462,U-3626,view_item,2026-05-17T00:35:00
6463,U-3627,view_item,2026-05-17T14:32:00
6464,U-3628,view_item,2026-05-17T05:57:00
6465,U-3629,view_item,2026-05-17T08:14:00
6466,U-3630,view_item,2026-05-17T23:52:00
6467,U-3631,view_item,2026-05-17T12:40:00
6468,U-3631,add_to_cart,2026-05-17T12:42:00
6469,U-3631,start_checkout,2026-05-17T12:44:00
6470,U-3632,view_item,2026-05-17T18:33:00
6471,U-3632,add_to_cart,2026-05-17T18:35:00
6472,U-3632,start_checkout,2026-05-17T18:37:00
6473,U-3632,purchase,2026-05-17T18:39:00
6474,U-3633,view_item,2026-05-17T21:43:00
6475,U-3633,add_to_cart,2026-05-17T21:45:00
6476,U-3633,start_checkout,2026-05-17T21:47:00
6477,U-3633,purchase,2026-05-17T21:49:00
6478,U-3634,view_item,2026-05-17T05:05:00
6479,U-3635,view_item,2026-05-17T11:15:00
6480,U-3636,view_item,2026-05-17T01:48:00
6481,U-3636,add_to_cart,2026-05-17T01:50:00
6482,U-3637,view_item,2026-05-17T11:18:00
6483,U-3637,add_to_cart,2026-05-17T11:20:00
6484,U-3638,view_item,2026-05-17T02:47:00
6485,U-3638,add_to_cart,2026-05-17T02:49:00
6486,U-3639,view_item,2026-05-17T22:02:00
6487,U-3639,add_to_cart,2026-05-17T22:04:00
6488,U-3639,start_checkout,2026-05-17T22:06:00
6489,U-3640,view_item,2026-05-17T06:33:00
6490,U-3640,add_to_cart,2026-05-17T06:35:00
6491,U-3640,start_checkout,2026-05-17T06:37:00
6492,U-3640,purchase,2026-05-17T06:39:00
6493,U-3641,view_item,2026-05-17T14:24:00
6494,U-3642,view_item,2026-05-17T09:15:00
6495,U-3643,view_item,2026-05-17T03:49:00
6496,U-3644,view_item,2026-05-17T12:38:00
6497,U-3644,add_to_cart,2026-05-17T12:40:00
6498,U-3645,view_item,2026-05-17T03:27:00
6499,U-3645,add_to_cart,2026-05-17T03:29:00
6500,U-3646,view_item,2026-05-17T11:35:00
6501,U-3647,view_item,2026-05-17T19:50:00
6502,U-3647,add_to_cart,2026-05-17T19:52:00
6503,U-3648,view_item,2026-05-17T10:27:00
6504,U-3649,view_item,2026-05-17T03:54:00
6505,U-3649,add_to_cart,2026-05-17T03:56:00
6506,U-3649,start_checkout,2026-05-17T03:58:00
6507,U-3649,purchase,2026-05-17T04:00:00
6508,U-3650,view_item,2026-05-17T11:57:00
6509,U-3650,add_to_cart,2026-05-17T11:59:00
6510,U-3651,view_item,2026-05-17T04:58:00
6511,U-3651,add_to_cart,2026-05-17T05:00:00
6512,U-3652,view_item,2026-05-17T02:31:00
6513,U-3652,add_to_cart,2026-05-17T02:33:00
6514,U-3652,start_checkout,2026-05-17T02:35:00
6515,U-3653,view_item,2026-05-17T22:29:00
6516,U-3654,view_item,2026-05-17T03:02:00
6517,U-3654,add_to_cart,2026-05-17T03:04:00
6518,U-3654,start_checkout,2026-05-17T03:06:00
6519,U-3655,view_item,2026-05-17T03:40:00
6520,U-3656,view_item,2026-05-17T08:52:00
6521,U-3656,add_to_cart,2026-05-17T08:54:00
6522,U-3657,view_item,2026-05-17T11:22:00
6523,U-3658,view_item,2026-05-17T03:13:00
6524,U-3659,view_item,2026-05-17T00:56:00
6525,U-3659,add_to_cart,2026-05-17T00:58:00
6526,U-3659,start_checkout,2026-05-17T01:00:00
6527,U-3659,purchase,2026-05-17T01:02:00
6528,U-3660,view_item,2026-05-17T11:33:00
6529,U-3660,add_to_cart,2026-05-17T11:35:00
6530,U-3661,view_item,2026-05-17T04:43:00
6531,U-3661,add_to_cart,2026-05-17T04:45:00
6532,U-3662,view_item,2026-05-17T01:50:00
6533,U-3662,add_to_cart,2026-05-17T01:52:00
6534,U-3662,start_checkout,2026-05-17T01:54:00
6535,U-3663,view_item,2026-05-17T19:54:00
6536,U-3663,add_to_cart,2026-05-17T19:56:00
6537,U-3663,start_checkout,2026-05-17T19:58:00
6538,U-3663,purchase,2026-05-17T20:00:00
6539,U-3664,view_item,2026-05-17T17:29:00
6540,U-3665,view_item,2026-05-17T01:16:00
6541,U-3666,view_item,2026-05-17T10:53:00
6542,U-3667,view_item,2026-05-17T03:56:00
6543,U-3667,add_to_cart,2026-05-17T03:58:00
6544,U-3667,start_checkout,2026-05-17T04:00:00
6545,U-3667,purchase,2026-05-17T04:02:00
6546,U-3668,view_item,2026-05-17T22:47:00
6547,U-3668,add_to_cart,2026-05-17T22:49:00
6548,U-3668,start_checkout,2026-05-17T22:51:00
6549,U-3669,view_item,2026-05-17T03:05:00
6550,U-3669,add_to_cart,2026-05-17T03:07:00
6551,U-3669,start_checkout,2026-05-17T03:09:00
6552,U-3670,view_item,2026-05-17T08:19:00
6553,U-3670,add_to_cart,2026-05-17T08:21:00
6554,U-3671,view_item,2026-05-17T12:29:00
6555,U-3671,add_to_cart,2026-05-17T12:31:00
6556,U-3672,view_item,2026-05-17T19:45:00
6557,U-3673,view_item,2026-05-17T07:10:00
6558,U-3674,view_item,2026-05-17T06:17:00
6559,U-3674,add_to_cart,2026-05-17T06:19:00
6560,U-3675,view_item,2026-05-17T22:03:00
6561,U-3675,add_to_cart,2026-05-17T22:05:00
6562,U-3676,view_item,2026-05-17T19:54:00
6563,U-3676,add_to_cart,2026-05-17T19:56:00
6564,U-3676,start_checkout,2026-05-17T19:58:00
6565,U-3677,view_item,2026-05-17T03:31:00
6566,U-3678,view_item,2026-05-17T03:13:00
6567,U-3678,add_to_cart,2026-05-17T03:15:00
6568,U-3679,view_item,2026-05-17T10:23:00
6569,U-3679,add_to_cart,2026-05-17T10:25:00
6570,U-3680,view_item,2026-05-17T08:50:00
6571,U-3681,view_item,2026-05-17T15:57:00
6572,U-3682,view_item,2026-05-17T04:49:00
6573,U-3682,add_to_cart,2026-05-17T04:51:00
6574,U-3682,start_checkout,2026-05-17T04:53:00
6575,U-3682,purchase,2026-05-17T04:55:00
6576,U-3683,view_item,2026-05-17T23:14:00
6577,U-3684,view_item,2026-05-17T13:46:00
6578,U-3685,view_item,2026-05-17T00:34:00
6579,U-3685,add_to_cart,2026-05-17T00:36:00
6580,U-3685,start_checkout,2026-05-17T00:38:00
6581,U-3685,purchase,2026-05-17T00:40:00
6582,U-3686,view_item,2026-05-17T12:59:00
6583,U-3687,view_item,2026-05-17T12:05:00
6584,U-3688,view_item,2026-05-17T02:32:00
6585,U-3689,view_item,2026-05-17T02:25:00
6586,U-3689,add_to_cart,2026-05-17T02:27:00
6587,U-3689,start_checkout,2026-05-17T02:29:00
6588,U-3690,view_item,2026-05-17T18:51:00
6589,U-3691,view_item,2026-05-17T00:10:00
6590,U-3692,view_item,2026-05-17T10:59:00
6591,U-3693,view_item,2026-05-17T05:32:00
6592,U-3694,view_item,2026-05-17T06:18:00
6593,U-3694,add_to_cart,2026-05-17T06:20:00
6594,U-3695,view_item,2026-05-17T11:43:00
6595,U-3695,add_to_cart,2026-05-17T11:45:00
6596,U-3695,start_checkout,2026-05-17T11:47:00
6597,U-3696,view_item,2026-05-17T03:57:00
6598,U-3697,view_item,2026-05-17T23:41:00
6599,U-3697,add_to_cart,2026-05-17T23:43:00
6600,U-3697,start_checkout,2026-05-17T23:45:00
6601,U-3697,purchase,2026-05-17T23:47:00
6602,U-3698,view_item,2026-05-17T07:07:00
6603,U-3699,view_item,2026-05-17T01:22:00
6604,U-3700,view_item,2026-05-17T01:27:00
6605,U-3701,view_item,2026-05-17T20:44:00
6606,U-3702,view_item,2026-05-17T02:50:00
6607,U-3703,view_item,2026-05-17T14:28:00
6608,U-3704,view_item,2026-05-17T20:27:00
6609,U-3704,add_to_cart,2026-05-17T20:29:00
6610,U-3704,start_checkout,2026-05-17T20:31:00
6611,U-3705,view_item,2026-05-17T11:56:00
6612,U-3706,view_item,2026-05-17T09:02:00
6613,U-3707,view_item,2026-05-17T08:36:00
6614,U-3707,add_to_cart,2026-05-17T08:38:00
6615,U-3707,start_checkout,2026-05-17T08:40:00
6616,U-3708,view_item,2026-05-17T10:07:00
6617,U-3708,add_to_cart,2026-05-17T10:09:00
6618,U-3708,start_checkout,2026-05-17T10:11:00
6619,U-3709,view_item,2026-05-17T04:26:00
6620,U-3710,view_item,2026-05-17T16:20:00
6621,U-3711,view_item,2026-05-17T19:52:00
6622,U-3712,view_item,2026-05-17T09:52:00
6623,U-3713,view_item,2026-05-17T11:27:00
6624,U-3713,add_to_cart,2026-05-17T11:29:00
6625,U-3713,start_checkout,2026-05-17T11:31:00
6626,U-3714,view_item,2026-05-17T06:43:00
6627,U-3715,view_item,2026-05-17T16:55:00
6628,U-3716,view_item,2026-05-17T12:32:00
6629,U-3717,view_item,2026-05-17T05:12:00
6630,U-3718,view_item,2026-05-17T18:48:00
6631,U-3719,view_item,2026-05-17T19:04:00
6632,U-3720,view_item,2026-05-17T01:00:00
6633,U-3721,view_item,2026-05-17T21:30:00
6634,U-3722,view_item,2026-05-17T02:59:00
6635,U-3723,view_item,2026-05-18T07:46:00
6636,U-3724,view_item,2026-05-18T10:32:00
6637,U-3725,view_item,2026-05-18T08:14:00
6638,U-3726,view_item,2026-05-18T04:26:00
6639,U-3727,view_item,2026-05-18T01:16:00
6640,U-3727,add_to_cart,2026-05-18T01:18:00
6641,U-3727,start_checkout,2026-05-18T01:20:00
6642,U-3728,view_item,2026-05-18T14:23:00
6643,U-3729,view_item,2026-05-18T00:16:00
6644,U-3729,add_to_cart,2026-05-18T00:18:00
6645,U-3729,start_checkout,2026-05-18T00:20:00
6646,U-3730,view_item,2026-05-18T05:21:00
6647,U-3731,view_item,2026-05-18T11:40:00
6648,U-3732,view_item,2026-05-18T23:33:00
6649,U-3732,add_to_cart,2026-05-18T23:35:00
6650,U-3732,start_checkout,2026-05-18T23:37:00
6651,U-3733,view_item,2026-05-18T20:54:00
6652,U-3733,add_to_cart,2026-05-18T20:56:00
6653,U-3734,view_item,2026-05-18T07:56:00
6654,U-3735,view_item,2026-05-18T14:39:00
6655,U-3736,view_item,2026-05-18T06:12:00
6656,U-3736,add_to_cart,2026-05-18T06:14:00
6657,U-3737,view_item,2026-05-18T23:49:00
6658,U-3738,view_item,2026-05-18T13:46:00
6659,U-3739,view_item,2026-05-18T07:20:00
6660,U-3740,view_item,2026-05-18T23:31:00
6661,U-3741,view_item,2026-05-18T03:56:00
6662,U-3742,view_item,2026-05-18T20:35:00
6663,U-3743,view_item,2026-05-18T02:23:00
6664,U-3743,add_to_cart,2026-05-18T02:25:00
6665,U-3743,start_checkout,2026-05-18T02:27:00
6666,U-3743,purchase,2026-05-18T02:29:00
6667,U-3744,view_item,2026-05-18T07:14:00
6668,U-3744,add_to_cart,2026-05-18T07:16:00
6669,U-3744,start_checkout,2026-05-18T07:18:00
6670,U-3745,view_item,2026-05-18T20:31:00
6671,U-3745,add_to_cart,2026-05-18T20:33:00
6672,U-3745,start_checkout,2026-05-18T20:35:00
6673,U-3745,purchase,2026-05-18T20:37:00
6674,U-3746,view_item,2026-05-18T03:38:00
6675,U-3747,view_item,2026-05-18T19:04:00
6676,U-3748,view_item,2026-05-18T21:03:00
6677,U-3749,view_item,2026-05-18T02:20:00
6678,U-3750,view_item,2026-05-18T11:51:00
6679,U-3750,add_to_cart,2026-05-18T11:53:00
6680,U-3750,start_checkout,2026-05-18T11:55:00
6681,U-3750,purchase,2026-05-18T11:57:00
6682,U-3751,view_item,2026-05-18T06:22:00
6683,U-3751,add_to_cart,2026-05-18T06:24:00
6684,U-3752,view_item,2026-05-18T07:34:00
6685,U-3753,view_item,2026-05-18T11:35:00
6686,U-3753,add_to_cart,2026-05-18T11:37:00
6687,U-3754,view_item,2026-05-18T01:22:00
6688,U-3755,view_item,2026-05-18T13:19:00
6689,U-3755,add_to_cart,2026-05-18T13:21:00
6690,U-3756,view_item,2026-05-18T13:26:00
6691,U-3757,view_item,2026-05-18T07:18:00
6692,U-3758,view_item,2026-05-18T09:03:00
6693,U-3759,view_item,2026-05-18T15:00:00
6694,U-3760,view_item,2026-05-18T07:59:00
6695,U-3760,add_to_cart,2026-05-18T08:01:00
6696,U-3760,start_checkout,2026-05-18T08:03:00
6697,U-3760,purchase,2026-05-18T08:05:00
6698,U-3761,view_item,2026-05-18T22:12:00
6699,U-3762,view_item,2026-05-18T16:16:00
6700,U-3762,add_to_cart,2026-05-18T16:18:00
6701,U-3762,start_checkout,2026-05-18T16:20:00
6702,U-3762,purchase,2026-05-18T16:22:00
6703,U-3763,view_item,2026-05-18T11:45:00
6704,U-3763,add_to_cart,2026-05-18T11:47:00
6705,U-3763,start_checkout,2026-05-18T11:49:00
6706,U-3763,purchase,2026-05-18T11:51:00
6707,U-3764,view_item,2026-05-18T08:21:00
6708,U-3764,add_to_cart,2026-05-18T08:23:00
6709,U-3764,start_checkout,2026-05-18T08:25:00
6710,U-3764,purchase,2026-05-18T08:27:00
6711,U-3765,view_item,2026-05-18T17:19:00
6712,U-3765,add_to_cart,2026-05-18T17:21:00
6713,U-3765,start_checkout,2026-05-18T17:23:00
6714,U-3765,purchase,2026-05-18T17:25:00
6715,U-3766,view_item,2026-05-18T21:27:00
6716,U-3767,view_item,2026-05-18T00:05:00
6717,U-3767,add_to_cart,2026-05-18T00:07:00
6718,U-3767,start_checkout,2026-05-18T00:09:00
6719,U-3767,purchase,2026-05-18T00:11:00
6720,U-3768,view_item,2026-05-18T03:08:00
6721,U-3768,add_to_cart,2026-05-18T03:10:00
6722,U-3768,start_checkout,2026-05-18T03:12:00
6723,U-3768,purchase,2026-05-18T03:14:00
6724,U-3769,view_item,2026-05-18T07:57:00
6725,U-3769,add_to_cart,2026-05-18T07:59:00
6726,U-3770,view_item,2026-05-18T06:20:00
6727,U-3770,add_to_cart,2026-05-18T06:22:00
6728,U-3770,start_checkout,2026-05-18T06:24:00
6729,U-3770,purchase,2026-05-18T06:26:00
6730,U-3771,view_item,2026-05-18T07:20:00
6731,U-3772,view_item,2026-05-18T08:52:00
6732,U-3773,view_item,2026-05-18T01:28:00
6733,U-3774,view_item,2026-05-18T12:56:00
6734,U-3774,add_to_cart,2026-05-18T12:58:00
6735,U-3775,view_item,2026-05-18T03:48:00
6736,U-3776,view_item,2026-05-18T12:20:00
6737,U-3777,view_item,2026-05-18T09:15:00
6738,U-3777,add_to_cart,2026-05-18T09:17:00
6739,U-3778,view_item,2026-05-18T22:06:00
6740,U-3779,view_item,2026-05-18T06:03:00
6741,U-3779,add_to_cart,2026-05-18T06:05:00
6742,U-3779,start_checkout,2026-05-18T06:07:00
6743,U-3779,purchase,2026-05-18T06:09:00
6744,U-3780,view_item,2026-05-18T04:45:00
6745,U-3781,view_item,2026-05-18T16:21:00
6746,U-3782,view_item,2026-05-18T05:01:00
6747,U-3783,view_item,2026-05-18T23:49:00
6748,U-3784,view_item,2026-05-18T18:34:00
6749,U-3785,view_item,2026-05-18T00:26:00
6750,U-3786,view_item,2026-05-18T07:29:00
6751,U-3787,view_item,2026-05-18T10:06:00
6752,U-3788,view_item,2026-05-18T09:12:00
6753,U-3789,view_item,2026-05-18T20:00:00
6754,U-3790,view_item,2026-05-18T09:00:00
6755,U-3791,view_item,2026-05-18T08:54:00
6756,U-3792,view_item,2026-05-18T23:44:00
6757,U-3793,view_item,2026-05-18T13:02:00
6758,U-3794,view_item,2026-05-18T21:41:00
6759,U-3795,view_item,2026-05-18T17:06:00
6760,U-3796,view_item,2026-05-18T05:05:00
6761,U-3797,view_item,2026-05-18T20:37:00
6762,U-3797,add_to_cart,2026-05-18T20:39:00
6763,U-3798,view_item,2026-05-18T21:18:00
6764,U-3799,view_item,2026-05-18T14:53:00
6765,U-3800,view_item,2026-05-18T18:50:00
6766,U-3800,add_to_cart,2026-05-18T18:52:00
6767,U-3801,view_item,2026-05-18T02:13:00
6768,U-3802,view_item,2026-05-18T09:27:00
6769,U-3802,add_to_cart,2026-05-18T09:29:00
6770,U-3802,start_checkout,2026-05-18T09:31:00
6771,U-3802,purchase,2026-05-18T09:33:00
6772,U-3803,view_item,2026-05-18T10:13:00
6773,U-3804,view_item,2026-05-18T22:37:00
6774,U-3804,add_to_cart,2026-05-18T22:39:00
6775,U-3805,view_item,2026-05-18T06:35:00
6776,U-3806,view_item,2026-05-18T00:28:00
6777,U-3806,add_to_cart,2026-05-18T00:30:00
6778,U-3806,start_checkout,2026-05-18T00:32:00
6779,U-3806,purchase,2026-05-18T00:34:00
6780,U-3807,view_item,2026-05-18T15:53:00
6781,U-3808,view_item,2026-05-18T21:48:00
6782,U-3809,view_item,2026-05-18T09:29:00
6783,U-3810,view_item,2026-05-18T17:42:00
6784,U-3810,add_to_cart,2026-05-18T17:44:00
6785,U-3810,start_checkout,2026-05-18T17:46:00
6786,U-3811,view_item,2026-05-18T21:01:00
6787,U-3811,add_to_cart,2026-05-18T21:03:00
6788,U-3812,view_item,2026-05-18T05:34:00
6789,U-3813,view_item,2026-05-18T09:35:00
6790,U-3814,view_item,2026-05-18T12:29:00
6791,U-3815,view_item,2026-05-18T00:15:00
6792,U-3816,view_item,2026-05-18T18:16:00
6793,U-3816,add_to_cart,2026-05-18T18:18:00
6794,U-3816,start_checkout,2026-05-18T18:20:00
6795,U-3817,view_item,2026-05-18T13:27:00
6796,U-3818,view_item,2026-05-18T14:26:00
6797,U-3818,add_to_cart,2026-05-18T14:28:00
6798,U-3819,view_item,2026-05-18T20:40:00
6799,U-3819,add_to_cart,2026-05-18T20:42:00
6800,U-3820,view_item,2026-05-18T06:04:00
6801,U-3820,add_to_cart,2026-05-18T06:06:00
6802,U-3820,start_checkout,2026-05-18T06:08:00
6803,U-3820,purchase,2026-05-18T06:10:00
6804,U-3821,view_item,2026-05-18T01:09:00
6805,U-3821,add_to_cart,2026-05-18T01:11:00
6806,U-3822,view_item,2026-05-18T08:28:00
6807,U-3823,view_item,2026-05-18T02:45:00
6808,U-3824,view_item,2026-05-18T09:43:00
6809,U-3824,add_to_cart,2026-05-18T09:45:00
6810,U-3824,start_checkout,2026-05-18T09:47:00
6811,U-3824,purchase,2026-05-18T09:49:00
6812,U-3825,view_item,2026-05-18T00:31:00
6813,U-3826,view_item,2026-05-18T10:01:00
6814,U-3827,view_item,2026-05-18T02:10:00
6815,U-3828,view_item,2026-05-18T08:40:00
6816,U-3829,view_item,2026-05-18T16:04:00
6817,U-3830,view_item,2026-05-18T18:06:00
6818,U-3831,view_item,2026-05-18T12:02:00
6819,U-3831,add_to_cart,2026-05-18T12:04:00
6820,U-3832,view_item,2026-05-18T05:39:00
6821,U-3833,view_item,2026-05-18T23:55:00
6822,U-3833,add_to_cart,2026-05-18T23:57:00
6823,U-3834,view_item,2026-05-18T02:51:00
6824,U-3835,view_item,2026-05-18T02:17:00
6825,U-3835,add_to_cart,2026-05-18T02:19:00
6826,U-3836,view_item,2026-05-18T08:41:00
6827,U-3836,add_to_cart,2026-05-18T08:43:00
6828,U-3836,start_checkout,2026-05-18T08:45:00
6829,U-3836,purchase,2026-05-18T08:47:00
6830,U-3837,view_item,2026-05-18T09:53:00
6831,U-3838,view_item,2026-05-18T19:20:00
6832,U-3839,view_item,2026-05-18T20:09:00
6833,U-3840,view_item,2026-05-18T23:00:00
6834,U-3840,add_to_cart,2026-05-18T23:02:00
6835,U-3840,start_checkout,2026-05-18T23:04:00
6836,U-3840,purchase,2026-05-18T23:06:00
6837,U-3841,view_item,2026-05-18T19:22:00
6838,U-3841,add_to_cart,2026-05-18T19:24:00
6839,U-3842,view_item,2026-05-18T01:07:00
6840,U-3843,view_item,2026-05-18T17:17:00
6841,U-3844,view_item,2026-05-18T09:01:00
6842,U-3845,view_item,2026-05-18T02:51:00
6843,U-3845,add_to_cart,2026-05-18T02:53:00
6844,U-3846,view_item,2026-05-18T07:30:00
6845,U-3847,view_item,2026-05-18T05:52:00
6846,U-3848,view_item,2026-05-18T14:28:00
6847,U-3848,add_to_cart,2026-05-18T14:30:00
6848,U-3848,start_checkout,2026-05-18T14:32:00
6849,U-3848,purchase,2026-05-18T14:34:00
6850,U-3849,view_item,2026-05-18T06:27:00
6851,U-3850,view_item,2026-05-18T23:01:00
6852,U-3851,view_item,2026-05-18T07:35:00
6853,U-3852,view_item,2026-05-18T02:26:00
6854,U-3853,view_item,2026-05-18T10:51:00
6855,U-3854,view_item,2026-05-18T20:00:00
6856,U-3854,add_to_cart,2026-05-18T20:02:00
6857,U-3854,start_checkout,2026-05-18T20:04:00
6858,U-3855,view_item,2026-05-18T10:33:00
6859,U-3856,view_item,2026-05-18T16:30:00
6860,U-3857,view_item,2026-05-18T03:14:00
6861,U-3857,add_to_cart,2026-05-18T03:16:00
6862,U-3857,start_checkout,2026-05-18T03:18:00
6863,U-3858,view_item,2026-05-18T15:37:00
6864,U-3859,view_item,2026-05-18T21:30:00
6865,U-3859,add_to_cart,2026-05-18T21:32:00
6866,U-3859,start_checkout,2026-05-18T21:34:00
6867,U-3859,purchase,2026-05-18T21:36:00
6868,U-3860,view_item,2026-05-18T03:52:00
6869,U-3860,add_to_cart,2026-05-18T03:54:00
6870,U-3861,view_item,2026-05-18T18:44:00
6871,U-3861,add_to_cart,2026-05-18T18:46:00
6872,U-3861,start_checkout,2026-05-18T18:48:00
6873,U-3861,purchase,2026-05-18T18:50:00
6874,U-3862,view_item,2026-05-18T12:33:00
6875,U-3863,view_item,2026-05-18T12:05:00
6876,U-3864,view_item,2026-05-18T12:14:00
6877,U-3865,view_item,2026-05-18T21:35:00
6878,U-3865,add_to_cart,2026-05-18T21:37:00
6879,U-3866,view_item,2026-05-18T13:20:00
6880,U-3867,view_item,2026-05-18T21:25:00
6881,U-3868,view_item,2026-05-18T05:09:00
6882,U-3869,view_item,2026-05-18T04:05:00
6883,U-3869,add_to_cart,2026-05-18T04:07:00
6884,U-3869,start_checkout,2026-05-18T04:09:00
6885,U-3869,purchase,2026-05-18T04:11:00
6886,U-3870,view_item,2026-05-18T11:19:00
6887,U-3870,add_to_cart,2026-05-18T11:21:00
6888,U-3871,view_item,2026-05-18T13:25:00
6889,U-3872,view_item,2026-05-18T13:02:00
6890,U-3872,add_to_cart,2026-05-18T13:04:00
6891,U-3873,view_item,2026-05-18T12:12:00
6892,U-3873,add_to_cart,2026-05-18T12:14:00
6893,U-3873,start_checkout,2026-05-18T12:16:00
6894,U-3873,purchase,2026-05-18T12:18:00
6895,U-3874,view_item,2026-05-18T18:14:00
6896,U-3875,view_item,2026-05-18T08:45:00
6897,U-3875,add_to_cart,2026-05-18T08:47:00
6898,U-3876,view_item,2026-05-18T08:48:00
6899,U-3877,view_item,2026-05-18T02:27:00
6900,U-3878,view_item,2026-05-18T18:07:00
6901,U-3879,view_item,2026-05-18T01:35:00
6902,U-3879,add_to_cart,2026-05-18T01:37:00
6903,U-3880,view_item,2026-05-18T14:44:00
6904,U-3881,view_item,2026-05-18T18:07:00
6905,U-3882,view_item,2026-05-18T16:05:00
6906,U-3883,view_item,2026-05-18T23:54:00
6907,U-3884,view_item,2026-05-18T22:56:00
6908,U-3884,add_to_cart,2026-05-18T22:58:00
6909,U-3885,view_item,2026-05-18T09:33:00
6910,U-3886,view_item,2026-05-18T14:14:00
6911,U-3887,view_item,2026-05-18T20:21:00
6912,U-3888,view_item,2026-05-18T21:13:00
6913,U-3889,view_item,2026-05-18T11:27:00
6914,U-3889,add_to_cart,2026-05-18T11:29:00
6915,U-3890,view_item,2026-05-18T11:42:00
6916,U-3891,view_item,2026-05-18T07:50:00
6917,U-3892,view_item,2026-05-18T18:47:00
6918,U-3892,add_to_cart,2026-05-18T18:49:00
6919,U-3893,view_item,2026-05-18T18:27:00
6920,U-3893,add_to_cart,2026-05-18T18:29:00
6921,U-3893,start_checkout,2026-05-18T18:31:00
6922,U-3894,view_item,2026-05-18T18:57:00
6923,U-3894,add_to_cart,2026-05-18T18:59:00
6924,U-3895,view_item,2026-05-18T19:23:00
6925,U-3896,view_item,2026-05-18T05:09:00
6926,U-3897,view_item,2026-05-18T21:43:00
6927,U-3898,view_item,2026-05-18T12:30:00
6928,U-3899,view_item,2026-05-18T20:00:00
6929,U-3900,view_item,2026-05-18T19:36:00
6930,U-3900,add_to_cart,2026-05-18T19:38:00
6931,U-3901,view_item,2026-05-18T05:27:00
6932,U-3901,add_to_cart,2026-05-18T05:29:00
6933,U-3902,view_item,2026-05-18T14:16:00
6934,U-3903,view_item,2026-05-18T04:55:00
6935,U-3904,view_item,2026-05-18T14:43:00
6936,U-3905,view_item,2026-05-18T20:10:00
6937,U-3906,view_item,2026-05-18T11:41:00
6938,U-3906,add_to_cart,2026-05-18T11:43:00
6939,U-3907,view_item,2026-05-18T16:43:00
6940,U-3908,view_item,2026-05-18T02:31:00
6941,U-3908,add_to_cart,2026-05-18T02:33:00
6942,U-3908,start_checkout,2026-05-18T02:35:00
6943,U-3908,purchase,2026-05-18T02:37:00
6944,U-3909,view_item,2026-05-18T07:05:00
6945,U-3910,view_item,2026-05-18T03:47:00
6946,U-3911,view_item,2026-05-18T06:15:00
6947,U-3912,view_item,2026-05-18T07:30:00
6948,U-3913,view_item,2026-05-18T21:48:00
6949,U-3913,add_to_cart,2026-05-18T21:50:00
6950,U-3914,view_item,2026-05-18T07:30:00
6951,U-3915,view_item,2026-05-18T16:50:00
6952,U-3915,add_to_cart,2026-05-18T16:52:00
6953,U-3915,start_checkout,2026-05-18T16:54:00
6954,U-3916,view_item,2026-05-18T19:34:00
6955,U-3916,add_to_cart,2026-05-18T19:36:00
6956,U-3917,view_item,2026-05-18T20:07:00
6957,U-3917,add_to_cart,2026-05-18T20:09:00
6958,U-3918,view_item,2026-05-18T20:09:00
6959,U-3918,add_to_cart,2026-05-18T20:11:00
6960,U-3918,start_checkout,2026-05-18T20:13:00
6961,U-3918,purchase,2026-05-18T20:15:00
6962,U-3919,view_item,2026-05-18T08:42:00
6963,U-3920,view_item,2026-05-18T01:00:00
6964,U-3921,view_item,2026-05-18T05:57:00
6965,U-3922,view_item,2026-05-18T23:07:00
6966,U-3923,view_item,2026-05-18T17:04:00
6967,U-3923,add_to_cart,2026-05-18T17:06:00
6968,U-3923,start_checkout,2026-05-18T17:08:00
6969,U-3924,view_item,2026-05-18T09:55:00
6970,U-3925,view_item,2026-05-18T20:56:00
6971,U-3926,view_item,2026-05-18T09:25:00
6972,U-3927,view_item,2026-05-18T15:12:00
6973,U-3928,view_item,2026-05-18T14:15:00
6974,U-3929,view_item,2026-05-18T18:53:00
6975,U-3930,view_item,2026-05-18T13:44:00
6976,U-3930,add_to_cart,2026-05-18T13:46:00
6977,U-3930,start_checkout,2026-05-18T13:48:00
6978,U-3930,purchase,2026-05-18T13:50:00
6979,U-3931,view_item,2026-05-18T09:58:00
6980,U-3932,view_item,2026-05-18T18:24:00
6981,U-3932,add_to_cart,2026-05-18T18:26:00
6982,U-3933,view_item,2026-05-18T16:50:00
6983,U-3933,add_to_cart,2026-05-18T16:52:00
6984,U-3934,view_item,2026-05-18T23:42:00
6985,U-3935,view_item,2026-05-18T08:53:00
6986,U-3936,view_item,2026-05-18T12:26:00
6987,U-3937,view_item,2026-05-18T17:32:00
6988,U-3937,add_to_cart,2026-05-18T17:34:00
6989,U-3938,view_item,2026-05-18T05:45:00
6990,U-3939,view_item,2026-05-18T05:43:00
6991,U-3940,view_item,2026-05-18T14:52:00
6992,U-3941,view_item,2026-05-18T16:28:00
6993,U-3941,add_to_cart,2026-05-18T16:30:00
6994,U-3942,view_item,2026-05-18T08:56:00
6995,U-3943,view_item,2026-05-18T07:28:00
6996,U-3944,view_item,2026-05-18T17:58:00
6997,U-3945,view_item,2026-05-18T17:21:00
6998,U-3946,view_item,2026-05-18T08:21:00
6999,U-3947,view_item,2026-05-18T06:37:00
7000,U-3948,view_item,2026-05-18T18:54:00
7001,U-3948,add_to_cart,2026-05-18T18:56:00
7002,U-3948,start_checkout,2026-05-18T18:58:00
7003,U-3949,view_item,2026-05-18T10:19:00
7004,U-3950,view_item,2026-05-18T13:07:00
7005,U-3950,add_to_cart,2026-05-18T13:09:00
7006,U-3950,start_checkout,2026-05-18T13:11:00
7007,U-3950,purchase,2026-05-18T13:13:00
7008,U-3951,view_item,2026-05-18T19:57:00
7009,U-3951,add_to_cart,2026-05-18T19:59:00
7010,U-3951,start_checkout,2026-05-18T20:01:00
7011,U-3951,purchase,2026-05-18T20:03:00
7012,U-3952,view_item,2026-05-18T09:13:00
7013,U-3952,add_to_cart,2026-05-18T09:15:00
7014,U-3953,view_item,2026-05-18T03:40:00
7015,U-3953,add_to_cart,2026-05-18T03:42:00
7016,U-3953,start_checkout,2026-05-18T03:44:00
7017,U-3953,purchase,2026-05-18T03:46:00
7018,U-3954,view_item,2026-05-18T08:45:00
7019,U-3955,view_item,2026-05-18T23:02:00
7020,U-3956,view_item,2026-05-18T13:25:00
7021,U-3957,view_item,2026-05-18T17:51:00
7022,U-3958,view_item,2026-05-18T18:04:00
7023,U-3959,view_item,2026-05-18T11:54:00
7024,U-3960,view_item,2026-05-18T02:15:00
7025,U-3960,add_to_cart,2026-05-18T02:17:00
7026,U-3960,start_checkout,2026-05-18T02:19:00
7027,U-3960,purchase,2026-05-18T02:21:00
7028,U-3961,view_item,2026-05-18T09:28:00
7029,U-3962,view_item,2026-05-18T13:43:00
7030,U-3962,add_to_cart,2026-05-18T13:45:00
7031,U-3962,start_checkout,2026-05-18T13:47:00
7032,U-3962,purchase,2026-05-18T13:49:00
7033,U-3963,view_item,2026-05-18T11:59:00
7034,U-3964,view_item,2026-05-18T09:41:00
7035,U-3964,add_to_cart,2026-05-18T09:43:00
7036,U-3964,start_checkout,2026-05-18T09:45:00
7037,U-3964,purchase,2026-05-18T09:47:00
7038,U-3965,view_item,2026-05-18T07:59:00
7039,U-3965,add_to_cart,2026-05-18T08:01:00
7040,U-3965,start_checkout,2026-05-18T08:03:00
7041,U-3965,purchase,2026-05-18T08:05:00
7042,U-3966,view_item,2026-05-18T09:10:00
7043,U-3967,view_item,2026-05-18T22:24:00
7044,U-3967,add_to_cart,2026-05-18T22:26:00
7045,U-3967,start_checkout,2026-05-18T22:28:00
7046,U-3968,view_item,2026-05-18T01:00:00
7047,U-3969,view_item,2026-05-18T06:15:00
7048,U-3970,view_item,2026-05-18T23:12:00
7049,U-3970,add_to_cart,2026-05-18T23:14:00
7050,U-3971,view_item,2026-05-18T02:13:00
7051,U-3972,view_item,2026-05-18T12:07:00
7052,U-3972,add_to_cart,2026-05-18T12:09:00
7053,U-3973,view_item,2026-05-18T20:42:00
7054,U-3973,add_to_cart,2026-05-18T20:44:00
7055,U-3973,start_checkout,2026-05-18T20:46:00
7056,U-3974,view_item,2026-05-18T20:21:00
7057,U-3975,view_item,2026-05-18T23:15:00
7058,U-3976,view_item,2026-05-18T10:52:00
7059,U-3976,add_to_cart,2026-05-18T10:54:00
7060,U-3976,start_checkout,2026-05-18T10:56:00
7061,U-3977,view_item,2026-05-18T05:17:00
7062,U-3977,add_to_cart,2026-05-18T05:19:00
7063,U-3978,view_item,2026-05-18T07:16:00
7064,U-3979,view_item,2026-05-18T06:33:00
7065,U-3979,add_to_cart,2026-05-18T06:35:00
7066,U-3979,start_checkout,2026-05-18T06:37:00
7067,U-3979,purchase,2026-05-18T06:39:00
7068,U-3980,view_item,2026-05-18T07:45:00
7069,U-3981,view_item,2026-05-18T15:22:00
7070,U-3981,add_to_cart,2026-05-18T15:24:00
7071,U-3982,view_item,2026-05-18T08:07:00
7072,U-3982,add_to_cart,2026-05-18T08:09:00
7073,U-3983,view_item,2026-05-18T21:38:00
7074,U-3984,view_item,2026-05-18T05:36:00
7075,U-3985,view_item,2026-05-18T20:20:00
7076,U-3986,view_item,2026-05-18T15:33:00
7077,U-3987,view_item,2026-05-18T11:32:00
7078,U-3988,view_item,2026-05-18T00:59:00
7079,U-3989,view_item,2026-05-18T06:01:00
7080,U-3990,view_item,2026-05-18T00:38:00
7081,U-3991,view_item,2026-05-18T04:14:00
7082,U-3992,view_item,2026-05-18T09:41:00
7083,U-3993,view_item,2026-05-18T13:39:00
7084,U-3993,add_to_cart,2026-05-18T13:41:00
7085,U-3994,view_item,2026-05-18T18:44:00
7086,U-3995,view_item,2026-05-18T15:33:00
7087,U-3995,add_to_cart,2026-05-18T15:35:00
7088,U-3995,start_checkout,2026-05-18T15:37:00
7089,U-3996,view_item,2026-05-18T22:01:00
7090,U-3996,add_to_cart,2026-05-18T22:03:00
7091,U-3997,view_item,2026-05-18T01:13:00
7092,U-3998,view_item,2026-05-18T16:21:00
7093,U-3999,view_item,2026-05-18T20:26:00
7094,U-4000,view_item,2026-05-18T03:33:00
7095,U-4001,view_item,2026-05-18T11:57:00
7096,U-4002,view_item,2026-05-18T12:46:00
7097,U-4002,add_to_cart,2026-05-18T12:48:00
7098,U-4002,start_checkout,2026-05-18T12:50:00
7099,U-4002,purchase,2026-05-18T12:52:00
7100,U-4003,view_item,2026-05-18T16:50:00
7101,U-4004,view_item,2026-05-18T05:48:00
7102,U-4005,view_item,2026-05-18T13:02:00
7103,U-4006,view_item,2026-05-18T03:54:00
7104,U-4007,view_item,2026-05-18T06:21:00
7105,U-4008,view_item,2026-05-18T23:15:00
7106,U-4009,view_item,2026-05-18T05:27:00
7107,U-4010,view_item,2026-05-18T17:25:00
7108,U-4011,view_item,2026-05-18T19:36:00
7109,U-4011,add_to_cart,2026-05-18T19:38:00
7110,U-4011,start_checkout,2026-05-18T19:40:00
7111,U-4012,view_item,2026-05-18T09:48:00
7112,U-4012,add_to_cart,2026-05-18T09:50:00
7113,U-4013,view_item,2026-05-18T13:42:00
7114,U-4013,add_to_cart,2026-05-18T13:44:00
7115,U-4013,start_checkout,2026-05-18T13:46:00
7116,U-4013,purchase,2026-05-18T13:48:00
7117,U-4014,view_item,2026-05-18T19:30:00
7118,U-4015,view_item,2026-05-18T17:42:00
7119,U-4015,add_to_cart,2026-05-18T17:44:00
7120,U-4016,view_item,2026-05-18T08:10:00
7121,U-4017,view_item,2026-05-18T17:17:00
7122,U-4018,view_item,2026-05-18T06:01:00
7123,U-4018,add_to_cart,2026-05-18T06:03:00
7124,U-4018,start_checkout,2026-05-18T06:05:00
7125,U-4019,view_item,2026-05-18T18:39:00
7126,U-4020,view_item,2026-05-18T13:42:00
7127,U-4021,view_item,2026-05-18T12:55:00
7128,U-4022,view_item,2026-05-19T17:27:00
7129,U-4023,view_item,2026-05-19T04:41:00
7130,U-4024,view_item,2026-05-19T02:43:00
7131,U-4025,view_item,2026-05-19T02:40:00
7132,U-4025,add_to_cart,2026-05-19T02:42:00
7133,U-4026,view_item,2026-05-19T01:10:00
7134,U-4027,view_item,2026-05-19T23:42:00
7135,U-4027,add_to_cart,2026-05-19T23:44:00
7136,U-4027,start_checkout,2026-05-19T23:46:00
7137,U-4027,purchase,2026-05-19T23:48:00
7138,U-4028,view_item,2026-05-19T02:04:00
7139,U-4029,view_item,2026-05-19T02:41:00
7140,U-4030,view_item,2026-05-19T15:53:00
7141,U-4030,add_to_cart,2026-05-19T15:55:00
7142,U-4030,start_checkout,2026-05-19T15:57:00
7143,U-4030,purchase,2026-05-19T15:59:00
7144,U-4031,view_item,2026-05-19T06:04:00
7145,U-4032,view_item,2026-05-19T20:26:00
7146,U-4033,view_item,2026-05-19T14:37:00
7147,U-4033,add_to_cart,2026-05-19T14:39:00
7148,U-4033,start_checkout,2026-05-19T14:41:00
7149,U-4034,view_item,2026-05-19T23:21:00
7150,U-4034,add_to_cart,2026-05-19T23:23:00
7151,U-4035,view_item,2026-05-19T14:29:00
7152,U-4036,view_item,2026-05-19T05:14:00
7153,U-4036,add_to_cart,2026-05-19T05:16:00
7154,U-4036,start_checkout,2026-05-19T05:18:00
7155,U-4036,purchase,2026-05-19T05:20:00
7156,U-4037,view_item,2026-05-19T13:00:00
7157,U-4038,view_item,2026-05-19T22:40:00
7158,U-4039,view_item,2026-05-19T22:55:00
7159,U-4039,add_to_cart,2026-05-19T22:57:00
7160,U-4039,start_checkout,2026-05-19T22:59:00
7161,U-4040,view_item,2026-05-19T00:14:00
7162,U-4040,add_to_cart,2026-05-19T00:16:00
7163,U-4040,start_checkout,2026-05-19T00:18:00
7164,U-4040,purchase,2026-05-19T00:20:00
7165,U-4041,view_item,2026-05-19T16:17:00
7166,U-4041,add_to_cart,2026-05-19T16:19:00
7167,U-4041,start_checkout,2026-05-19T16:21:00
7168,U-4041,purchase,2026-05-19T16:23:00
7169,U-4042,view_item,2026-05-19T14:00:00
7170,U-4043,view_item,2026-05-19T01:21:00
7171,U-4044,view_item,2026-05-19T05:38:00
7172,U-4044,add_to_cart,2026-05-19T05:40:00
7173,U-4045,view_item,2026-05-19T19:11:00
7174,U-4045,add_to_cart,2026-05-19T19:13:00
7175,U-4045,start_checkout,2026-05-19T19:15:00
7176,U-4045,purchase,2026-05-19T19:17:00
7177,U-4046,view_item,2026-05-19T22:48:00
7178,U-4047,view_item,2026-05-19T23:23:00
7179,U-4048,view_item,2026-05-19T12:58:00
7180,U-4048,add_to_cart,2026-05-19T13:00:00
7181,U-4048,start_checkout,2026-05-19T13:02:00
7182,U-4049,view_item,2026-05-19T22:06:00
7183,U-4050,view_item,2026-05-19T14:53:00
7184,U-4051,view_item,2026-05-19T08:04:00
7185,U-4052,view_item,2026-05-19T15:08:00
7186,U-4053,view_item,2026-05-19T22:38:00
7187,U-4054,view_item,2026-05-19T19:13:00
7188,U-4055,view_item,2026-05-19T04:53:00
7189,U-4056,view_item,2026-05-19T09:41:00
7190,U-4057,view_item,2026-05-19T14:25:00
7191,U-4058,view_item,2026-05-19T04:10:00
7192,U-4059,view_item,2026-05-19T22:50:00
7193,U-4059,add_to_cart,2026-05-19T22:52:00
7194,U-4060,view_item,2026-05-19T10:48:00
7195,U-4061,view_item,2026-05-19T23:56:00
7196,U-4061,add_to_cart,2026-05-19T23:58:00
7197,U-4062,view_item,2026-05-19T12:46:00
7198,U-4062,add_to_cart,2026-05-19T12:48:00
7199,U-4062,start_checkout,2026-05-19T12:50:00
7200,U-4062,purchase,2026-05-19T12:52:00
7201,U-4063,view_item,2026-05-19T10:01:00
7202,U-4063,add_to_cart,2026-05-19T10:03:00
7203,U-4064,view_item,2026-05-19T21:12:00
7204,U-4065,view_item,2026-05-19T10:02:00
7205,U-4066,view_item,2026-05-19T10:13:00
7206,U-4066,add_to_cart,2026-05-19T10:15:00
7207,U-4066,start_checkout,2026-05-19T10:17:00
7208,U-4066,purchase,2026-05-19T10:19:00
7209,U-4067,view_item,2026-05-19T02:53:00
7210,U-4068,view_item,2026-05-19T13:27:00
7211,U-4069,view_item,2026-05-19T08:03:00
7212,U-4069,add_to_cart,2026-05-19T08:05:00
7213,U-4070,view_item,2026-05-19T15:01:00
7214,U-4071,view_item,2026-05-19T19:07:00
7215,U-4072,view_item,2026-05-19T06:24:00
7216,U-4073,view_item,2026-05-19T22:42:00
7217,U-4073,add_to_cart,2026-05-19T22:44:00
7218,U-4073,start_checkout,2026-05-19T22:46:00
7219,U-4074,view_item,2026-05-19T08:54:00
7220,U-4075,view_item,2026-05-19T22:05:00
7221,U-4075,add_to_cart,2026-05-19T22:07:00
7222,U-4076,view_item,2026-05-19T22:55:00
7223,U-4077,view_item,2026-05-19T23:49:00
7224,U-4078,view_item,2026-05-19T14:54:00
7225,U-4079,view_item,2026-05-19T22:21:00
7226,U-4080,view_item,2026-05-19T16:32:00
7227,U-4080,add_to_cart,2026-05-19T16:34:00
7228,U-4080,start_checkout,2026-05-19T16:36:00
7229,U-4081,view_item,2026-05-19T02:57:00
7230,U-4081,add_to_cart,2026-05-19T02:59:00
7231,U-4082,view_item,2026-05-19T07:32:00
7232,U-4082,add_to_cart,2026-05-19T07:34:00
7233,U-4082,start_checkout,2026-05-19T07:36:00
7234,U-4083,view_item,2026-05-19T20:37:00
7235,U-4083,add_to_cart,2026-05-19T20:39:00
7236,U-4083,start_checkout,2026-05-19T20:41:00
7237,U-4083,purchase,2026-05-19T20:43:00
7238,U-4084,view_item,2026-05-19T01:51:00
7239,U-4085,view_item,2026-05-19T12:57:00
7240,U-4085,add_to_cart,2026-05-19T12:59:00
7241,U-4085,start_checkout,2026-05-19T13:01:00
7242,U-4085,purchase,2026-05-19T13:03:00
7243,U-4086,view_item,2026-05-19T19:54:00
7244,U-4086,add_to_cart,2026-05-19T19:56:00
7245,U-4086,start_checkout,2026-05-19T19:58:00
7246,U-4086,purchase,2026-05-19T20:00:00
7247,U-4087,view_item,2026-05-19T10:15:00
7248,U-4087,add_to_cart,2026-05-19T10:17:00
7249,U-4087,start_checkout,2026-05-19T10:19:00
7250,U-4088,view_item,2026-05-19T08:12:00
7251,U-4089,view_item,2026-05-19T01:21:00
7252,U-4089,add_to_cart,2026-05-19T01:23:00
7253,U-4090,view_item,2026-05-19T20:41:00
7254,U-4091,view_item,2026-05-19T21:10:00
7255,U-4092,view_item,2026-05-19T02:15:00
7256,U-4093,view_item,2026-05-19T12:35:00
7257,U-4094,view_item,2026-05-19T03:29:00
7258,U-4094,add_to_cart,2026-05-19T03:31:00
7259,U-4094,start_checkout,2026-05-19T03:33:00
7260,U-4094,purchase,2026-05-19T03:35:00
7261,U-4095,view_item,2026-05-19T22:24:00
7262,U-4096,view_item,2026-05-19T03:36:00
7263,U-4097,view_item,2026-05-19T10:26:00
7264,U-4098,view_item,2026-05-19T06:13:00
7265,U-4099,view_item,2026-05-19T04:25:00
7266,U-4100,view_item,2026-05-19T22:01:00
7267,U-4101,view_item,2026-05-19T20:37:00
7268,U-4101,add_to_cart,2026-05-19T20:39:00
7269,U-4102,view_item,2026-05-19T15:20:00
7270,U-4102,add_to_cart,2026-05-19T15:22:00
7271,U-4102,start_checkout,2026-05-19T15:24:00
7272,U-4102,purchase,2026-05-19T15:26:00
7273,U-4103,view_item,2026-05-19T19:51:00
7274,U-4104,view_item,2026-05-19T06:48:00
7275,U-4105,view_item,2026-05-19T01:56:00
7276,U-4106,view_item,2026-05-19T11:47:00
7277,U-4107,view_item,2026-05-19T18:06:00
7278,U-4107,add_to_cart,2026-05-19T18:08:00
7279,U-4107,start_checkout,2026-05-19T18:10:00
7280,U-4108,view_item,2026-05-19T16:58:00
7281,U-4109,view_item,2026-05-19T09:37:00
7282,U-4109,add_to_cart,2026-05-19T09:39:00
7283,U-4109,start_checkout,2026-05-19T09:41:00
7284,U-4110,view_item,2026-05-19T09:46:00
7285,U-4111,view_item,2026-05-19T16:34:00
7286,U-4112,view_item,2026-05-19T10:41:00
7287,U-4113,view_item,2026-05-19T23:15:00
7288,U-4114,view_item,2026-05-19T05:15:00
7289,U-4114,add_to_cart,2026-05-19T05:17:00
7290,U-4114,start_checkout,2026-05-19T05:19:00
7291,U-4115,view_item,2026-05-19T06:18:00
7292,U-4115,add_to_cart,2026-05-19T06:20:00
7293,U-4116,view_item,2026-05-19T03:01:00
7294,U-4117,view_item,2026-05-19T05:22:00
7295,U-4118,view_item,2026-05-19T22:18:00
7296,U-4118,add_to_cart,2026-05-19T22:20:00
7297,U-4119,view_item,2026-05-19T16:04:00
7298,U-4120,view_item,2026-05-19T09:05:00
7299,U-4120,add_to_cart,2026-05-19T09:07:00
7300,U-4120,start_checkout,2026-05-19T09:09:00
7301,U-4120,purchase,2026-05-19T09:11:00
7302,U-4121,view_item,2026-05-19T22:33:00
7303,U-4121,add_to_cart,2026-05-19T22:35:00
7304,U-4122,view_item,2026-05-19T18:30:00
7305,U-4123,view_item,2026-05-19T06:17:00
7306,U-4123,add_to_cart,2026-05-19T06:19:00
7307,U-4123,start_checkout,2026-05-19T06:21:00
7308,U-4124,view_item,2026-05-19T17:47:00
7309,U-4125,view_item,2026-05-19T16:39:00
7310,U-4126,view_item,2026-05-19T09:43:00
7311,U-4126,add_to_cart,2026-05-19T09:45:00
7312,U-4126,start_checkout,2026-05-19T09:47:00
7313,U-4126,purchase,2026-05-19T09:49:00
7314,U-4127,view_item,2026-05-19T11:30:00
7315,U-4127,add_to_cart,2026-05-19T11:32:00
7316,U-4128,view_item,2026-05-19T02:59:00
7317,U-4128,add_to_cart,2026-05-19T03:01:00
7318,U-4129,view_item,2026-05-19T11:45:00
7319,U-4130,view_item,2026-05-19T19:19:00
7320,U-4130,add_to_cart,2026-05-19T19:21:00
7321,U-4131,view_item,2026-05-19T19:35:00
7322,U-4132,view_item,2026-05-19T03:31:00
7323,U-4132,add_to_cart,2026-05-19T03:33:00
7324,U-4133,view_item,2026-05-19T06:05:00
7325,U-4134,view_item,2026-05-19T05:07:00
7326,U-4134,add_to_cart,2026-05-19T05:09:00
7327,U-4134,start_checkout,2026-05-19T05:11:00
7328,U-4135,view_item,2026-05-19T20:43:00
7329,U-4136,view_item,2026-05-19T08:04:00
7330,U-4137,view_item,2026-05-19T05:27:00
7331,U-4138,view_item,2026-05-19T14:55:00
7332,U-4139,view_item,2026-05-19T00:42:00
7333,U-4139,add_to_cart,2026-05-19T00:44:00
7334,U-4140,view_item,2026-05-19T21:52:00
7335,U-4141,view_item,2026-05-19T13:02:00
7336,U-4141,add_to_cart,2026-05-19T13:04:00
7337,U-4141,start_checkout,2026-05-19T13:06:00
7338,U-4141,purchase,2026-05-19T13:08:00
7339,U-4142,view_item,2026-05-19T05:12:00
7340,U-4142,add_to_cart,2026-05-19T05:14:00
7341,U-4143,view_item,2026-05-19T18:34:00
7342,U-4144,view_item,2026-05-19T14:38:00
7343,U-4144,add_to_cart,2026-05-19T14:40:00
7344,U-4145,view_item,2026-05-19T22:23:00
7345,U-4145,add_to_cart,2026-05-19T22:25:00
7346,U-4145,start_checkout,2026-05-19T22:27:00
7347,U-4145,purchase,2026-05-19T22:29:00
7348,U-4146,view_item,2026-05-19T15:56:00
7349,U-4147,view_item,2026-05-19T05:37:00
7350,U-4147,add_to_cart,2026-05-19T05:39:00
7351,U-4147,start_checkout,2026-05-19T05:41:00
7352,U-4147,purchase,2026-05-19T05:43:00
7353,U-4148,view_item,2026-05-19T07:49:00
7354,U-4148,add_to_cart,2026-05-19T07:51:00
7355,U-4149,view_item,2026-05-19T13:52:00
7356,U-4150,view_item,2026-05-19T10:48:00
7357,U-4150,add_to_cart,2026-05-19T10:50:00
7358,U-4150,start_checkout,2026-05-19T10:52:00
7359,U-4151,view_item,2026-05-19T16:59:00
7360,U-4152,view_item,2026-05-19T16:11:00
7361,U-4152,add_to_cart,2026-05-19T16:13:00
7362,U-4152,start_checkout,2026-05-19T16:15:00
7363,U-4153,view_item,2026-05-19T09:45:00
7364,U-4154,view_item,2026-05-19T04:02:00
7365,U-4154,add_to_cart,2026-05-19T04:04:00
7366,U-4154,start_checkout,2026-05-19T04:06:00
7367,U-4155,view_item,2026-05-19T00:58:00
7368,U-4156,view_item,2026-05-19T16:55:00
7369,U-4157,view_item,2026-05-19T20:53:00
7370,U-4158,view_item,2026-05-19T06:41:00
7371,U-4159,view_item,2026-05-19T04:34:00
7372,U-4160,view_item,2026-05-19T05:51:00
7373,U-4161,view_item,2026-05-19T05:45:00
7374,U-4162,view_item,2026-05-19T02:28:00
7375,U-4163,view_item,2026-05-19T21:51:00
7376,U-4164,view_item,2026-05-19T21:25:00
7377,U-4165,view_item,2026-05-19T15:46:00
7378,U-4165,add_to_cart,2026-05-19T15:48:00
7379,U-4166,view_item,2026-05-19T18:33:00
7380,U-4167,view_item,2026-05-19T08:06:00
7381,U-4168,view_item,2026-05-19T22:56:00
7382,U-4169,view_item,2026-05-19T16:23:00
7383,U-4170,view_item,2026-05-19T15:11:00
7384,U-4171,view_item,2026-05-19T06:58:00
7385,U-4171,add_to_cart,2026-05-19T07:00:00
7386,U-4171,start_checkout,2026-05-19T07:02:00
7387,U-4172,view_item,2026-05-19T14:41:00
7388,U-4172,add_to_cart,2026-05-19T14:43:00
7389,U-4172,start_checkout,2026-05-19T14:45:00
7390,U-4172,purchase,2026-05-19T14:47:00
7391,U-4173,view_item,2026-05-19T12:39:00
7392,U-4174,view_item,2026-05-19T19:13:00
7393,U-4175,view_item,2026-05-19T14:48:00
7394,U-4176,view_item,2026-05-19T22:41:00
7395,U-4176,add_to_cart,2026-05-19T22:43:00
7396,U-4176,start_checkout,2026-05-19T22:45:00
7397,U-4176,purchase,2026-05-19T22:47:00
7398,U-4177,view_item,2026-05-19T06:30:00
7399,U-4178,view_item,2026-05-19T02:18:00
7400,U-4178,add_to_cart,2026-05-19T02:20:00
7401,U-4179,view_item,2026-05-19T02:57:00
7402,U-4179,add_to_cart,2026-05-19T02:59:00
7403,U-4180,view_item,2026-05-19T14:43:00
7404,U-4181,view_item,2026-05-19T19:41:00
7405,U-4182,view_item,2026-05-19T18:41:00
7406,U-4183,view_item,2026-05-19T22:02:00
7407,U-4184,view_item,2026-05-19T14:24:00
7408,U-4184,add_to_cart,2026-05-19T14:26:00
7409,U-4185,view_item,2026-05-19T17:19:00
7410,U-4185,add_to_cart,2026-05-19T17:21:00
7411,U-4185,start_checkout,2026-05-19T17:23:00
7412,U-4185,purchase,2026-05-19T17:25:00
7413,U-4186,view_item,2026-05-19T12:03:00
7414,U-4186,add_to_cart,2026-05-19T12:05:00
7415,U-4186,start_checkout,2026-05-19T12:07:00
7416,U-4186,purchase,2026-05-19T12:09:00
7417,U-4187,view_item,2026-05-19T18:54:00
7418,U-4188,view_item,2026-05-19T19:30:00
7419,U-4189,view_item,2026-05-19T17:47:00
7420,U-4190,view_item,2026-05-19T00:45:00
7421,U-4190,add_to_cart,2026-05-19T00:47:00
7422,U-4190,start_checkout,2026-05-19T00:49:00
7423,U-4190,purchase,2026-05-19T00:51:00
7424,U-4191,view_item,2026-05-19T16:42:00
7425,U-4192,view_item,2026-05-19T22:19:00
7426,U-4193,view_item,2026-05-19T10:00:00
7427,U-4194,view_item,2026-05-19T17:30:00
7428,U-4195,view_item,2026-05-19T05:11:00
7429,U-4195,add_to_cart,2026-05-19T05:13:00
7430,U-4196,view_item,2026-05-19T03:27:00
7431,U-4197,view_item,2026-05-19T14:06:00
7432,U-4197,add_to_cart,2026-05-19T14:08:00
7433,U-4197,start_checkout,2026-05-19T14:10:00
7434,U-4197,purchase,2026-05-19T14:12:00
7435,U-4198,view_item,2026-05-19T07:45:00
7436,U-4198,add_to_cart,2026-05-19T07:47:00
7437,U-4199,view_item,2026-05-19T20:35:00
7438,U-4199,add_to_cart,2026-05-19T20:37:00
7439,U-4199,start_checkout,2026-05-19T20:39:00
7440,U-4200,view_item,2026-05-19T01:47:00
7441,U-4200,add_to_cart,2026-05-19T01:49:00
7442,U-4200,start_checkout,2026-05-19T01:51:00
7443,U-4201,view_item,2026-05-19T11:08:00
7444,U-4201,add_to_cart,2026-05-19T11:10:00
7445,U-4202,view_item,2026-05-19T18:55:00
7446,U-4202,add_to_cart,2026-05-19T18:57:00
7447,U-4203,view_item,2026-05-19T03:05:00
7448,U-4204,view_item,2026-05-19T10:49:00
7449,U-4205,view_item,2026-05-19T14:35:00
7450,U-4206,view_item,2026-05-19T18:34:00
7451,U-4206,add_to_cart,2026-05-19T18:36:00
7452,U-4207,view_item,2026-05-19T15:04:00
7453,U-4207,add_to_cart,2026-05-19T15:06:00
7454,U-4207,start_checkout,2026-05-19T15:08:00
7455,U-4208,view_item,2026-05-19T04:45:00
7456,U-4209,view_item,2026-05-19T21:46:00
7457,U-4210,view_item,2026-05-19T20:52:00
7458,U-4211,view_item,2026-05-19T23:12:00
7459,U-4212,view_item,2026-05-19T21:18:00
7460,U-4212,add_to_cart,2026-05-19T21:20:00
7461,U-4212,start_checkout,2026-05-19T21:22:00
7462,U-4213,view_item,2026-05-19T17:39:00
7463,U-4213,add_to_cart,2026-05-19T17:41:00
7464,U-4213,start_checkout,2026-05-19T17:43:00
7465,U-4213,purchase,2026-05-19T17:45:00
7466,U-4214,view_item,2026-05-19T23:25:00
7467,U-4214,add_to_cart,2026-05-19T23:27:00
7468,U-4215,view_item,2026-05-19T08:48:00
7469,U-4215,add_to_cart,2026-05-19T08:50:00
7470,U-4216,view_item,2026-05-19T01:04:00
7471,U-4216,add_to_cart,2026-05-19T01:06:00
7472,U-4216,start_checkout,2026-05-19T01:08:00
7473,U-4217,view_item,2026-05-19T20:46:00
7474,U-4218,view_item,2026-05-19T12:32:00
7475,U-4219,view_item,2026-05-19T21:32:00
7476,U-4219,add_to_cart,2026-05-19T21:34:00
7477,U-4220,view_item,2026-05-19T23:40:00
7478,U-4221,view_item,2026-05-19T03:48:00
7479,U-4222,view_item,2026-05-19T17:06:00
7480,U-4222,add_to_cart,2026-05-19T17:08:00
7481,U-4222,start_checkout,2026-05-19T17:10:00
7482,U-4223,view_item,2026-05-19T16:29:00
7483,U-4223,add_to_cart,2026-05-19T16:31:00
7484,U-4224,view_item,2026-05-19T19:33:00
7485,U-4225,view_item,2026-05-19T14:15:00
7486,U-4225,add_to_cart,2026-05-19T14:17:00
7487,U-4226,view_item,2026-05-19T13:22:00
7488,U-4227,view_item,2026-05-19T02:32:00
7489,U-4228,view_item,2026-05-19T17:17:00
7490,U-4229,view_item,2026-05-19T05:13:00
7491,U-4230,view_item,2026-05-19T03:28:00
7492,U-4230,add_to_cart,2026-05-19T03:30:00
7493,U-4231,view_item,2026-05-19T08:37:00
7494,U-4232,view_item,2026-05-19T21:26:00
7495,U-4233,view_item,2026-05-19T16:03:00
7496,U-4234,view_item,2026-05-19T02:37:00
7497,U-4235,view_item,2026-05-19T20:39:00
7498,U-4235,add_to_cart,2026-05-19T20:41:00
7499,U-4236,view_item,2026-05-19T01:57:00
7500,U-4236,add_to_cart,2026-05-19T01:59:00
7501,U-4236,start_checkout,2026-05-19T02:01:00
7502,U-4236,purchase,2026-05-19T02:03:00
7503,U-4237,view_item,2026-05-19T13:08:00
7504,U-4238,view_item,2026-05-19T15:30:00
7505,U-4239,view_item,2026-05-19T04:33:00
7506,U-4239,add_to_cart,2026-05-19T04:35:00
7507,U-4239,start_checkout,2026-05-19T04:37:00
7508,U-4239,purchase,2026-05-19T04:39:00
7509,U-4240,view_item,2026-05-20T22:42:00
7510,U-4240,add_to_cart,2026-05-20T22:44:00
7511,U-4240,start_checkout,2026-05-20T22:46:00
7512,U-4240,purchase,2026-05-20T22:48:00
7513,U-4241,view_item,2026-05-20T19:50:00
7514,U-4241,add_to_cart,2026-05-20T19:52:00
7515,U-4241,start_checkout,2026-05-20T19:54:00
7516,U-4241,purchase,2026-05-20T19:56:00
7517,U-4242,view_item,2026-05-20T14:10:00
7518,U-4242,add_to_cart,2026-05-20T14:12:00
7519,U-4243,view_item,2026-05-20T22:51:00
7520,U-4244,view_item,2026-05-20T23:32:00
7521,U-4245,view_item,2026-05-20T03:03:00
7522,U-4246,view_item,2026-05-20T07:18:00
7523,U-4247,view_item,2026-05-20T18:54:00
7524,U-4248,view_item,2026-05-20T11:56:00
7525,U-4249,view_item,2026-05-20T09:27:00
7526,U-4249,add_to_cart,2026-05-20T09:29:00
7527,U-4250,view_item,2026-05-20T02:30:00
7528,U-4251,view_item,2026-05-20T18:22:00
7529,U-4252,view_item,2026-05-20T11:35:00
7530,U-4253,view_item,2026-05-20T02:02:00
7531,U-4253,add_to_cart,2026-05-20T02:04:00
7532,U-4254,view_item,2026-05-20T07:08:00
7533,U-4254,add_to_cart,2026-05-20T07:10:00
7534,U-4255,view_item,2026-05-20T16:48:00
7535,U-4256,view_item,2026-05-20T03:26:00
7536,U-4257,view_item,2026-05-20T13:03:00
7537,U-4258,view_item,2026-05-20T12:17:00
7538,U-4258,add_to_cart,2026-05-20T12:19:00
7539,U-4258,start_checkout,2026-05-20T12:21:00
7540,U-4258,purchase,2026-05-20T12:23:00
7541,U-4259,view_item,2026-05-20T14:07:00
7542,U-4259,add_to_cart,2026-05-20T14:09:00
7543,U-4259,start_checkout,2026-05-20T14:11:00
7544,U-4259,purchase,2026-05-20T14:13:00
7545,U-4260,view_item,2026-05-20T15:29:00
7546,U-4260,add_to_cart,2026-05-20T15:31:00
7547,U-4261,view_item,2026-05-20T16:33:00
7548,U-4262,view_item,2026-05-20T16:57:00
7549,U-4263,view_item,2026-05-20T04:26:00
7550,U-4263,add_to_cart,2026-05-20T04:28:00
7551,U-4263,start_checkout,2026-05-20T04:30:00
7552,U-4264,view_item,2026-05-20T21:49:00
7553,U-4264,add_to_cart,2026-05-20T21:51:00
7554,U-4265,view_item,2026-05-20T00:49:00
7555,U-4265,add_to_cart,2026-05-20T00:51:00
7556,U-4266,view_item,2026-05-20T21:04:00
7557,U-4266,add_to_cart,2026-05-20T21:06:00
7558,U-4267,view_item,2026-05-20T14:41:00
7559,U-4268,view_item,2026-05-20T10:15:00
7560,U-4269,view_item,2026-05-20T02:41:00
7561,U-4270,view_item,2026-05-20T08:31:00
7562,U-4270,add_to_cart,2026-05-20T08:33:00
7563,U-4270,start_checkout,2026-05-20T08:35:00
7564,U-4271,view_item,2026-05-20T17:52:00
7565,U-4272,view_item,2026-05-20T06:29:00
7566,U-4273,view_item,2026-05-20T06:34:00
7567,U-4274,view_item,2026-05-20T18:37:00
7568,U-4275,view_item,2026-05-20T08:21:00
7569,U-4276,view_item,2026-05-20T03:28:00
7570,U-4277,view_item,2026-05-20T12:10:00
7571,U-4278,view_item,2026-05-20T14:52:00
7572,U-4279,view_item,2026-05-20T22:31:00
7573,U-4279,add_to_cart,2026-05-20T22:33:00
7574,U-4279,start_checkout,2026-05-20T22:35:00
7575,U-4280,view_item,2026-05-20T21:00:00
7576,U-4280,add_to_cart,2026-05-20T21:02:00
7577,U-4280,start_checkout,2026-05-20T21:04:00
7578,U-4280,purchase,2026-05-20T21:06:00
7579,U-4281,view_item,2026-05-20T21:29:00
7580,U-4282,view_item,2026-05-20T08:01:00
7581,U-4283,view_item,2026-05-20T22:15:00
7582,U-4283,add_to_cart,2026-05-20T22:17:00
7583,U-4284,view_item,2026-05-20T13:42:00
7584,U-4285,view_item,2026-05-20T00:47:00
7585,U-4285,add_to_cart,2026-05-20T00:49:00
7586,U-4285,start_checkout,2026-05-20T00:51:00
7587,U-4285,purchase,2026-05-20T00:53:00
7588,U-4286,view_item,2026-05-20T08:44:00
7589,U-4286,add_to_cart,2026-05-20T08:46:00
7590,U-4287,view_item,2026-05-20T05:24:00
7591,U-4287,add_to_cart,2026-05-20T05:26:00
7592,U-4287,start_checkout,2026-05-20T05:28:00
7593,U-4287,purchase,2026-05-20T05:30:00
7594,U-4288,view_item,2026-05-20T18:26:00
7595,U-4288,add_to_cart,2026-05-20T18:28:00
7596,U-4289,view_item,2026-05-20T07:40:00
7597,U-4290,view_item,2026-05-20T00:00:00
7598,U-4291,view_item,2026-05-20T07:11:00
7599,U-4291,add_to_cart,2026-05-20T07:13:00
7600,U-4292,view_item,2026-05-20T08:40:00
7601,U-4293,view_item,2026-05-20T05:57:00
7602,U-4293,add_to_cart,2026-05-20T05:59:00
7603,U-4294,view_item,2026-05-20T20:16:00
7604,U-4295,view_item,2026-05-20T14:56:00
7605,U-4296,view_item,2026-05-20T12:11:00
7606,U-4296,add_to_cart,2026-05-20T12:13:00
7607,U-4297,view_item,2026-05-20T02:41:00
7608,U-4298,view_item,2026-05-20T01:19:00
7609,U-4299,view_item,2026-05-20T11:57:00
7610,U-4300,view_item,2026-05-20T03:13:00
7611,U-4301,view_item,2026-05-20T18:42:00
7612,U-4302,view_item,2026-05-20T10:51:00
7613,U-4303,view_item,2026-05-20T09:56:00
7614,U-4304,view_item,2026-05-20T11:06:00
7615,U-4305,view_item,2026-05-20T02:49:00
7616,U-4306,view_item,2026-05-20T08:15:00
7617,U-4307,view_item,2026-05-20T01:23:00
7618,U-4307,add_to_cart,2026-05-20T01:25:00
7619,U-4307,start_checkout,2026-05-20T01:27:00
7620,U-4307,purchase,2026-05-20T01:29:00
7621,U-4308,view_item,2026-05-20T07:59:00
7622,U-4309,view_item,2026-05-20T17:34:00
7623,U-4309,add_to_cart,2026-05-20T17:36:00
7624,U-4310,view_item,2026-05-20T08:20:00
7625,U-4311,view_item,2026-05-20T00:09:00
7626,U-4311,add_to_cart,2026-05-20T00:11:00
7627,U-4312,view_item,2026-05-20T14:05:00
7628,U-4312,add_to_cart,2026-05-20T14:07:00
7629,U-4312,start_checkout,2026-05-20T14:09:00
7630,U-4313,view_item,2026-05-20T00:17:00
7631,U-4314,view_item,2026-05-20T06:19:00
7632,U-4314,add_to_cart,2026-05-20T06:21:00
7633,U-4314,start_checkout,2026-05-20T06:23:00
7634,U-4314,purchase,2026-05-20T06:25:00
7635,U-4315,view_item,2026-05-20T12:30:00
7636,U-4315,add_to_cart,2026-05-20T12:32:00
7637,U-4316,view_item,2026-05-20T05:47:00
7638,U-4317,view_item,2026-05-20T11:31:00
7639,U-4318,view_item,2026-05-20T02:02:00
7640,U-4319,view_item,2026-05-20T02:21:00
7641,U-4320,view_item,2026-05-20T21:31:00
7642,U-4321,view_item,2026-05-20T10:11:00
7643,U-4322,view_item,2026-05-20T02:12:00
7644,U-4323,view_item,2026-05-20T05:34:00
7645,U-4323,add_to_cart,2026-05-20T05:36:00
7646,U-4324,view_item,2026-05-20T06:28:00
7647,U-4325,view_item,2026-05-20T07:52:00
7648,U-4325,add_to_cart,2026-05-20T07:54:00
7649,U-4325,start_checkout,2026-05-20T07:56:00
7650,U-4325,purchase,2026-05-20T07:58:00
7651,U-4326,view_item,2026-05-20T21:06:00
7652,U-4327,view_item,2026-05-20T08:02:00
7653,U-4327,add_to_cart,2026-05-20T08:04:00
7654,U-4327,start_checkout,2026-05-20T08:06:00
7655,U-4327,purchase,2026-05-20T08:08:00
7656,U-4328,view_item,2026-05-20T23:49:00
7657,U-4328,add_to_cart,2026-05-20T23:51:00
7658,U-4328,start_checkout,2026-05-20T23:53:00
7659,U-4328,purchase,2026-05-20T23:55:00
7660,U-4329,view_item,2026-05-20T10:34:00
7661,U-4330,view_item,2026-05-20T21:17:00
7662,U-4330,add_to_cart,2026-05-20T21:19:00
7663,U-4331,view_item,2026-05-20T16:26:00
7664,U-4332,view_item,2026-05-20T18:24:00
7665,U-4332,add_to_cart,2026-05-20T18:26:00
7666,U-4332,start_checkout,2026-05-20T18:28:00
7667,U-4332,purchase,2026-05-20T18:30:00
7668,U-4333,view_item,2026-05-20T14:45:00
7669,U-4333,add_to_cart,2026-05-20T14:47:00
7670,U-4334,view_item,2026-05-20T04:07:00
7671,U-4334,add_to_cart,2026-05-20T04:09:00
7672,U-4334,start_checkout,2026-05-20T04:11:00
7673,U-4334,purchase,2026-05-20T04:13:00
7674,U-4335,view_item,2026-05-20T07:24:00
7675,U-4336,view_item,2026-05-20T16:36:00
7676,U-4337,view_item,2026-05-20T00:04:00
7677,U-4337,add_to_cart,2026-05-20T00:06:00
7678,U-4338,view_item,2026-05-20T13:53:00
7679,U-4339,view_item,2026-05-20T22:27:00
7680,U-4340,view_item,2026-05-20T05:05:00
7681,U-4341,view_item,2026-05-20T10:02:00
7682,U-4342,view_item,2026-05-20T15:40:00
7683,U-4342,add_to_cart,2026-05-20T15:42:00
7684,U-4343,view_item,2026-05-20T11:44:00
7685,U-4343,add_to_cart,2026-05-20T11:46:00
7686,U-4344,view_item,2026-05-20T13:55:00
7687,U-4344,add_to_cart,2026-05-20T13:57:00
7688,U-4345,view_item,2026-05-20T02:02:00
7689,U-4346,view_item,2026-05-20T00:30:00
7690,U-4347,view_item,2026-05-20T13:29:00
7691,U-4348,view_item,2026-05-20T13:30:00
7692,U-4349,view_item,2026-05-20T10:58:00
7693,U-4349,add_to_cart,2026-05-20T11:00:00
7694,U-4349,start_checkout,2026-05-20T11:02:00
7695,U-4350,view_item,2026-05-20T21:31:00
7696,U-4351,view_item,2026-05-20T09:58:00
7697,U-4351,add_to_cart,2026-05-20T10:00:00
7698,U-4351,start_checkout,2026-05-20T10:02:00
7699,U-4351,purchase,2026-05-20T10:04:00
7700,U-4352,view_item,2026-05-20T07:58:00
7701,U-4353,view_item,2026-05-20T14:26:00
7702,U-4353,add_to_cart,2026-05-20T14:28:00
7703,U-4353,start_checkout,2026-05-20T14:30:00
7704,U-4353,purchase,2026-05-20T14:32:00
7705,U-4354,view_item,2026-05-20T21:33:00
7706,U-4355,view_item,2026-05-20T08:21:00
7707,U-4356,view_item,2026-05-20T07:21:00
7708,U-4357,view_item,2026-05-20T02:28:00
7709,U-4358,view_item,2026-05-20T16:10:00
7710,U-4358,add_to_cart,2026-05-20T16:12:00
7711,U-4359,view_item,2026-05-20T06:12:00
7712,U-4359,add_to_cart,2026-05-20T06:14:00
7713,U-4359,start_checkout,2026-05-20T06:16:00
7714,U-4359,purchase,2026-05-20T06:18:00
7715,U-4360,view_item,2026-05-20T16:18:00
7716,U-4360,add_to_cart,2026-05-20T16:20:00
7717,U-4361,view_item,2026-05-20T18:37:00
7718,U-4362,view_item,2026-05-20T20:23:00
7719,U-4363,view_item,2026-05-20T11:21:00
7720,U-4363,add_to_cart,2026-05-20T11:23:00
7721,U-4363,start_checkout,2026-05-20T11:25:00
7722,U-4363,purchase,2026-05-20T11:27:00
7723,U-4364,view_item,2026-05-20T00:06:00
7724,U-4365,view_item,2026-05-20T16:07:00
7725,U-4366,view_item,2026-05-20T12:47:00
7726,U-4366,add_to_cart,2026-05-20T12:49:00
7727,U-4366,start_checkout,2026-05-20T12:51:00
7728,U-4366,purchase,2026-05-20T12:53:00
7729,U-4367,view_item,2026-05-20T10:59:00
7730,U-4368,view_item,2026-05-20T10:10:00
7731,U-4369,view_item,2026-05-20T02:17:00
7732,U-4369,add_to_cart,2026-05-20T02:19:00
7733,U-4369,start_checkout,2026-05-20T02:21:00
7734,U-4369,purchase,2026-05-20T02:23:00
7735,U-4370,view_item,2026-05-20T18:05:00
7736,U-4370,add_to_cart,2026-05-20T18:07:00
7737,U-4371,view_item,2026-05-20T18:42:00
7738,U-4372,view_item,2026-05-20T02:11:00
7739,U-4372,add_to_cart,2026-05-20T02:13:00
7740,U-4373,view_item,2026-05-20T15:34:00
7741,U-4374,view_item,2026-05-20T06:00:00
7742,U-4375,view_item,2026-05-20T00:18:00
7743,U-4376,view_item,2026-05-20T02:18:00
7744,U-4377,view_item,2026-05-20T10:19:00
7745,U-4378,view_item,2026-05-20T02:34:00
7746,U-4378,add_to_cart,2026-05-20T02:36:00
7747,U-4379,view_item,2026-05-20T10:57:00
7748,U-4379,add_to_cart,2026-05-20T10:59:00
7749,U-4379,start_checkout,2026-05-20T11:01:00
7750,U-4379,purchase,2026-05-20T11:03:00
7751,U-4380,view_item,2026-05-20T11:26:00
7752,U-4380,add_to_cart,2026-05-20T11:28:00
7753,U-4380,start_checkout,2026-05-20T11:30:00
7754,U-4380,purchase,2026-05-20T11:32:00
7755,U-4381,view_item,2026-05-20T21:02:00
7756,U-4381,add_to_cart,2026-05-20T21:04:00
7757,U-4382,view_item,2026-05-20T08:02:00
7758,U-4383,view_item,2026-05-20T12:52:00
7759,U-4384,view_item,2026-05-20T03:35:00
7760,U-4385,view_item,2026-05-20T08:27:00
7761,U-4386,view_item,2026-05-20T04:53:00
7762,U-4387,view_item,2026-05-20T17:48:00
7763,U-4388,view_item,2026-05-20T19:34:00
7764,U-4388,add_to_cart,2026-05-20T19:36:00
7765,U-4389,view_item,2026-05-20T20:11:00
7766,U-4389,add_to_cart,2026-05-20T20:13:00
7767,U-4390,view_item,2026-05-20T05:17:00
7768,U-4391,view_item,2026-05-20T21:25:00
7769,U-4391,add_to_cart,2026-05-20T21:27:00
7770,U-4392,view_item,2026-05-20T07:51:00
7771,U-4393,view_item,2026-05-20T22:17:00
7772,U-4394,view_item,2026-05-20T17:18:00
7773,U-4395,view_item,2026-05-20T19:48:00
7774,U-4395,add_to_cart,2026-05-20T19:50:00
7775,U-4395,start_checkout,2026-05-20T19:52:00
7776,U-4396,view_item,2026-05-20T15:44:00
7777,U-4396,add_to_cart,2026-05-20T15:46:00
7778,U-4396,start_checkout,2026-05-20T15:48:00
7779,U-4396,purchase,2026-05-20T15:50:00
7780,U-4397,view_item,2026-05-20T21:50:00
7781,U-4398,view_item,2026-05-20T00:56:00
7782,U-4399,view_item,2026-05-20T20:59:00
7783,U-4399,add_to_cart,2026-05-20T21:01:00
7784,U-4399,start_checkout,2026-05-20T21:03:00
7785,U-4400,view_item,2026-05-20T05:33:00
7786,U-4400,add_to_cart,2026-05-20T05:35:00
7787,U-4400,start_checkout,2026-05-20T05:37:00
7788,U-4401,view_item,2026-05-20T08:20:00
7789,U-4402,view_item,2026-05-20T20:54:00
7790,U-4402,add_to_cart,2026-05-20T20:56:00
7791,U-4403,view_item,2026-05-20T04:07:00
7792,U-4404,view_item,2026-05-20T07:55:00
7793,U-4404,add_to_cart,2026-05-20T07:57:00
7794,U-4404,start_checkout,2026-05-20T07:59:00
7795,U-4405,view_item,2026-05-20T10:35:00
7796,U-4406,view_item,2026-05-20T21:47:00
7797,U-4407,view_item,2026-05-20T10:27:00
7798,U-4407,add_to_cart,2026-05-20T10:29:00
7799,U-4408,view_item,2026-05-20T10:35:00
7800,U-4408,add_to_cart,2026-05-20T10:37:00
7801,U-4409,view_item,2026-05-20T00:45:00
7802,U-4410,view_item,2026-05-20T22:47:00
7803,U-4411,view_item,2026-05-20T18:09:00
7804,U-4412,view_item,2026-05-20T10:20:00
7805,U-4412,add_to_cart,2026-05-20T10:22:00
7806,U-4412,start_checkout,2026-05-20T10:24:00
7807,U-4413,view_item,2026-05-20T16:58:00
7808,U-4414,view_item,2026-05-20T08:40:00
7809,U-4415,view_item,2026-05-20T21:14:00
7810,U-4415,add_to_cart,2026-05-20T21:16:00
7811,U-4415,start_checkout,2026-05-20T21:18:00
7812,U-4416,view_item,2026-05-20T04:16:00
7813,U-4417,view_item,2026-05-20T00:12:00
7814,U-4417,add_to_cart,2026-05-20T00:14:00
7815,U-4417,start_checkout,2026-05-20T00:16:00
7816,U-4418,view_item,2026-05-20T19:10:00
7817,U-4419,view_item,2026-05-20T09:46:00
7818,U-4419,add_to_cart,2026-05-20T09:48:00
7819,U-4419,start_checkout,2026-05-20T09:50:00
7820,U-4419,purchase,2026-05-20T09:52:00
7821,U-4420,view_item,2026-05-20T04:00:00
7822,U-4420,add_to_cart,2026-05-20T04:02:00
7823,U-4420,start_checkout,2026-05-20T04:04:00
7824,U-4421,view_item,2026-05-20T21:22:00
7825,U-4422,view_item,2026-05-20T10:27:00
7826,U-4423,view_item,2026-05-20T20:21:00
7827,U-4424,view_item,2026-05-20T12:33:00
7828,U-4425,view_item,2026-05-20T13:32:00
7829,U-4426,view_item,2026-05-20T02:46:00
7830,U-4427,view_item,2026-05-20T19:15:00
7831,U-4428,view_item,2026-05-20T21:58:00
7832,U-4428,add_to_cart,2026-05-20T22:00:00
7833,U-4429,view_item,2026-05-20T02:43:00
7834,U-4430,view_item,2026-05-20T19:19:00
7835,U-4431,view_item,2026-05-20T04:14:00
7836,U-4432,view_item,2026-05-20T20:10:00
7837,U-4433,view_item,2026-05-20T19:52:00
7838,U-4433,add_to_cart,2026-05-20T19:54:00
7839,U-4433,start_checkout,2026-05-20T19:56:00
7840,U-4433,purchase,2026-05-20T19:58:00
7841,U-4434,view_item,2026-05-20T21:19:00
7842,U-4434,add_to_cart,2026-05-20T21:21:00
7843,U-4435,view_item,2026-05-20T21:18:00
7844,U-4436,view_item,2026-05-20T11:26:00
7845,U-4437,view_item,2026-05-20T15:00:00
7846,U-4438,view_item,2026-05-20T18:27:00
7847,U-4438,add_to_cart,2026-05-20T18:29:00
7848,U-4438,start_checkout,2026-05-20T18:31:00
7849,U-4438,purchase,2026-05-20T18:33:00
7850,U-4439,view_item,2026-05-20T15:01:00
7851,U-4439,add_to_cart,2026-05-20T15:03:00
7852,U-4440,view_item,2026-05-20T15:13:00
7853,U-4441,view_item,2026-05-20T07:37:00
7854,U-4441,add_to_cart,2026-05-20T07:39:00
7855,U-4442,view_item,2026-05-20T02:50:00
7856,U-4443,view_item,2026-05-20T04:24:00
7857,U-4443,add_to_cart,2026-05-20T04:26:00
7858,U-4444,view_item,2026-05-20T19:22:00
7859,U-4445,view_item,2026-05-20T05:06:00
7860,U-4446,view_item,2026-05-20T04:00:00
7861,U-4447,view_item,2026-05-20T22:58:00
7862,U-4448,view_item,2026-05-20T15:52:00
7863,U-4448,add_to_cart,2026-05-20T15:54:00
7864,U-4449,view_item,2026-05-20T19:53:00
7865,U-4449,add_to_cart,2026-05-20T19:55:00
7866,U-4450,view_item,2026-05-20T12:25:00
7867,U-4451,view_item,2026-05-20T00:35:00
7868,U-4452,view_item,2026-05-20T06:29:00
7869,U-4452,add_to_cart,2026-05-20T06:31:00
7870,U-4452,start_checkout,2026-05-20T06:33:00
7871,U-4453,view_item,2026-05-20T11:03:00
7872,U-4453,add_to_cart,2026-05-20T11:05:00
7873,U-4453,start_checkout,2026-05-20T11:07:00
7874,U-4454,view_item,2026-05-20T14:40:00
7875,U-4454,add_to_cart,2026-05-20T14:42:00
7876,U-4454,start_checkout,2026-05-20T14:44:00
7877,U-4454,purchase,2026-05-20T14:46:00
7878,U-4455,view_item,2026-05-20T21:54:00
7879,U-4456,view_item,2026-05-20T16:44:00
7880,U-4456,add_to_cart,2026-05-20T16:46:00
7881,U-4456,start_checkout,2026-05-20T16:48:00
7882,U-4456,purchase,2026-05-20T16:50:00
7883,U-4457,view_item,2026-05-20T10:35:00
7884,U-4457,add_to_cart,2026-05-20T10:37:00
7885,U-4458,view_item,2026-05-20T13:45:00
7886,U-4459,view_item,2026-05-20T11:47:00
7887,U-4460,view_item,2026-05-20T17:31:00
7888,U-4460,add_to_cart,2026-05-20T17:33:00
7889,U-4460,start_checkout,2026-05-20T17:35:00
7890,U-4461,view_item,2026-05-20T04:26:00
7891,U-4461,add_to_cart,2026-05-20T04:28:00
7892,U-4462,view_item,2026-05-20T17:35:00
7893,U-4463,view_item,2026-05-20T12:01:00
7894,U-4464,view_item,2026-05-20T16:12:00
7895,U-4464,add_to_cart,2026-05-20T16:14:00
7896,U-4465,view_item,2026-05-20T01:20:00
7897,U-4465,add_to_cart,2026-05-20T01:22:00
7898,U-4466,view_item,2026-05-21T22:40:00
7899,U-4466,add_to_cart,2026-05-21T22:42:00
7900,U-4466,start_checkout,2026-05-21T22:44:00
7901,U-4466,purchase,2026-05-21T22:46:00
7902,U-4467,view_item,2026-05-21T04:25:00
7903,U-4468,view_item,2026-05-21T02:33:00
7904,U-4469,view_item,2026-05-21T08:02:00
7905,U-4470,view_item,2026-05-21T07:28:00
7906,U-4470,add_to_cart,2026-05-21T07:30:00
7907,U-4471,view_item,2026-05-21T03:42:00
7908,U-4471,add_to_cart,2026-05-21T03:44:00
7909,U-4472,view_item,2026-05-21T20:03:00
7910,U-4473,view_item,2026-05-21T01:26:00
7911,U-4473,add_to_cart,2026-05-21T01:28:00
7912,U-4474,view_item,2026-05-21T07:39:00
7913,U-4474,add_to_cart,2026-05-21T07:41:00
7914,U-4474,start_checkout,2026-05-21T07:43:00
7915,U-4474,purchase,2026-05-21T07:45:00
7916,U-4475,view_item,2026-05-21T02:33:00
7917,U-4475,add_to_cart,2026-05-21T02:35:00
7918,U-4475,start_checkout,2026-05-21T02:37:00
7919,U-4475,purchase,2026-05-21T02:39:00
7920,U-4476,view_item,2026-05-21T17:47:00
7921,U-4476,add_to_cart,2026-05-21T17:49:00
7922,U-4477,view_item,2026-05-21T11:17:00
7923,U-4478,view_item,2026-05-21T02:36:00
7924,U-4478,add_to_cart,2026-05-21T02:38:00
7925,U-4479,view_item,2026-05-21T16:49:00
7926,U-4480,view_item,2026-05-21T09:09:00
7927,U-4480,add_to_cart,2026-05-21T09:11:00
7928,U-4481,view_item,2026-05-21T22:37:00
7929,U-4481,add_to_cart,2026-05-21T22:39:00
7930,U-4482,view_item,2026-05-21T06:26:00
7931,U-4482,add_to_cart,2026-05-21T06:28:00
7932,U-4482,start_checkout,2026-05-21T06:30:00
7933,U-4483,view_item,2026-05-21T16:01:00
7934,U-4484,view_item,2026-05-21T18:59:00
7935,U-4485,view_item,2026-05-21T13:34:00
7936,U-4485,add_to_cart,2026-05-21T13:36:00
7937,U-4486,view_item,2026-05-21T11:07:00
7938,U-4486,add_to_cart,2026-05-21T11:09:00
7939,U-4486,start_checkout,2026-05-21T11:11:00
7940,U-4486,purchase,2026-05-21T11:13:00
7941,U-4487,view_item,2026-05-21T06:55:00
7942,U-4487,add_to_cart,2026-05-21T06:57:00
7943,U-4487,start_checkout,2026-05-21T06:59:00
7944,U-4487,purchase,2026-05-21T07:01:00
7945,U-4488,view_item,2026-05-21T07:52:00
7946,U-4489,view_item,2026-05-21T20:49:00
7947,U-4489,add_to_cart,2026-05-21T20:51:00
7948,U-4489,start_checkout,2026-05-21T20:53:00
7949,U-4489,purchase,2026-05-21T20:55:00
7950,U-4490,view_item,2026-05-21T22:30:00
7951,U-4490,add_to_cart,2026-05-21T22:32:00
7952,U-4490,start_checkout,2026-05-21T22:34:00
7953,U-4491,view_item,2026-05-21T15:53:00
7954,U-4491,add_to_cart,2026-05-21T15:55:00
7955,U-4492,view_item,2026-05-21T18:43:00
7956,U-4493,view_item,2026-05-21T09:26:00
7957,U-4493,add_to_cart,2026-05-21T09:28:00
7958,U-4494,view_item,2026-05-21T20:37:00
7959,U-4495,view_item,2026-05-21T05:37:00
7960,U-4496,view_item,2026-05-21T05:44:00
7961,U-4497,view_item,2026-05-21T07:20:00
7962,U-4498,view_item,2026-05-21T06:35:00
7963,U-4499,view_item,2026-05-21T07:07:00
7964,U-4499,add_to_cart,2026-05-21T07:09:00
7965,U-4499,start_checkout,2026-05-21T07:11:00
7966,U-4499,purchase,2026-05-21T07:13:00
7967,U-4500,view_item,2026-05-21T18:33:00
7968,U-4501,view_item,2026-05-21T16:14:00
7969,U-4502,view_item,2026-05-21T16:19:00
7970,U-4503,view_item,2026-05-21T07:53:00
7971,U-4503,add_to_cart,2026-05-21T07:55:00
7972,U-4504,view_item,2026-05-21T07:33:00
7973,U-4504,add_to_cart,2026-05-21T07:35:00
7974,U-4505,view_item,2026-05-21T10:18:00
7975,U-4506,view_item,2026-05-21T15:43:00
7976,U-4506,add_to_cart,2026-05-21T15:45:00
7977,U-4506,start_checkout,2026-05-21T15:47:00
7978,U-4506,purchase,2026-05-21T15:49:00
7979,U-4507,view_item,2026-05-21T05:53:00
7980,U-4508,view_item,2026-05-21T21:54:00
7981,U-4509,view_item,2026-05-21T08:52:00
7982,U-4509,add_to_cart,2026-05-21T08:54:00
7983,U-4510,view_item,2026-05-21T17:35:00
7984,U-4511,view_item,2026-05-21T00:20:00
7985,U-4512,view_item,2026-05-21T02:10:00
7986,U-4513,view_item,2026-05-21T01:25:00
7987,U-4514,view_item,2026-05-21T23:06:00
7988,U-4514,add_to_cart,2026-05-21T23:08:00
7989,U-4515,view_item,2026-05-21T17:19:00
7990,U-4516,view_item,2026-05-21T02:53:00
7991,U-4516,add_to_cart,2026-05-21T02:55:00
7992,U-4517,view_item,2026-05-21T20:49:00
7993,U-4517,add_to_cart,2026-05-21T20:51:00
7994,U-4517,start_checkout,2026-05-21T20:53:00
7995,U-4518,view_item,2026-05-21T05:46:00
7996,U-4518,add_to_cart,2026-05-21T05:48:00
7997,U-4518,start_checkout,2026-05-21T05:50:00
7998,U-4518,purchase,2026-05-21T05:52:00
7999,U-4519,view_item,2026-05-21T06:41:00
8000,U-4520,view_item,2026-05-21T07:20:00
8001,U-4521,view_item,2026-05-21T13:35:00
8002,U-4521,add_to_cart,2026-05-21T13:37:00
8003,U-4521,start_checkout,2026-05-21T13:39:00
8004,U-4521,purchase,2026-05-21T13:41:00
8005,U-4522,view_item,2026-05-21T06:15:00
8006,U-4522,add_to_cart,2026-05-21T06:17:00
8007,U-4522,start_checkout,2026-05-21T06:19:00
8008,U-4522,purchase,2026-05-21T06:21:00
8009,U-4523,view_item,2026-05-21T23:27:00
8010,U-4524,view_item,2026-05-21T07:38:00
8011,U-4524,add_to_cart,2026-05-21T07:40:00
8012,U-4525,view_item,2026-05-21T23:29:00
8013,U-4526,view_item,2026-05-21T14:53:00
8014,U-4526,add_to_cart,2026-05-21T14:55:00
8015,U-4527,view_item,2026-05-21T16:03:00
8016,U-4528,view_item,2026-05-21T20:45:00
8017,U-4529,view_item,2026-05-21T19:16:00
8018,U-4530,view_item,2026-05-21T02:58:00
8019,U-4531,view_item,2026-05-21T08:24:00
8020,U-4531,add_to_cart,2026-05-21T08:26:00
8021,U-4532,view_item,2026-05-21T05:05:00
8022,U-4532,add_to_cart,2026-05-21T05:07:00
8023,U-4533,view_item,2026-05-21T11:04:00
8024,U-4534,view_item,2026-05-21T09:43:00
8025,U-4534,add_to_cart,2026-05-21T09:45:00
8026,U-4535,view_item,2026-05-21T00:51:00
8027,U-4536,view_item,2026-05-21T12:17:00
8028,U-4536,add_to_cart,2026-05-21T12:19:00
8029,U-4536,start_checkout,2026-05-21T12:21:00
8030,U-4536,purchase,2026-05-21T12:23:00
8031,U-4537,view_item,2026-05-21T14:34:00
8032,U-4538,view_item,2026-05-21T01:53:00
8033,U-4538,add_to_cart,2026-05-21T01:55:00
8034,U-4538,start_checkout,2026-05-21T01:57:00
8035,U-4539,view_item,2026-05-21T16:24:00
8036,U-4539,add_to_cart,2026-05-21T16:26:00
8037,U-4540,view_item,2026-05-21T05:55:00
8038,U-4540,add_to_cart,2026-05-21T05:57:00
8039,U-4541,view_item,2026-05-21T15:50:00
8040,U-4541,add_to_cart,2026-05-21T15:52:00
8041,U-4542,view_item,2026-05-21T15:19:00
8042,U-4543,view_item,2026-05-21T12:31:00
8043,U-4544,view_item,2026-05-21T08:44:00
8044,U-4544,add_to_cart,2026-05-21T08:46:00
8045,U-4544,start_checkout,2026-05-21T08:48:00
8046,U-4545,view_item,2026-05-21T06:55:00
8047,U-4546,view_item,2026-05-21T01:27:00
8048,U-4546,add_to_cart,2026-05-21T01:29:00
8049,U-4547,view_item,2026-05-21T06:34:00
8050,U-4547,add_to_cart,2026-05-21T06:36:00
8051,U-4547,start_checkout,2026-05-21T06:38:00
8052,U-4548,view_item,2026-05-21T14:35:00
8053,U-4548,add_to_cart,2026-05-21T14:37:00
8054,U-4548,start_checkout,2026-05-21T14:39:00
8055,U-4548,purchase,2026-05-21T14:41:00
8056,U-4549,view_item,2026-05-21T07:27:00
8057,U-4549,add_to_cart,2026-05-21T07:29:00
8058,U-4550,view_item,2026-05-21T13:51:00
8059,U-4551,view_item,2026-05-21T10:02:00
8060,U-4552,view_item,2026-05-21T00:05:00
8061,U-4552,add_to_cart,2026-05-21T00:07:00
8062,U-4552,start_checkout,2026-05-21T00:09:00
8063,U-4553,view_item,2026-05-21T13:30:00
8064,U-4554,view_item,2026-05-21T04:55:00
8065,U-4555,view_item,2026-05-21T01:23:00
8066,U-4556,view_item,2026-05-21T05:01:00
8067,U-4557,view_item,2026-05-21T16:20:00
8068,U-4558,view_item,2026-05-21T03:58:00
8069,U-4559,view_item,2026-05-21T02:18:00
8070,U-4560,view_item,2026-05-21T10:10:00
8071,U-4561,view_item,2026-05-21T16:50:00
8072,U-4561,add_to_cart,2026-05-21T16:52:00
8073,U-4562,view_item,2026-05-21T06:43:00
8074,U-4563,view_item,2026-05-21T03:52:00
8075,U-4563,add_to_cart,2026-05-21T03:54:00
8076,U-4563,start_checkout,2026-05-21T03:56:00
8077,U-4563,purchase,2026-05-21T03:58:00
8078,U-4564,view_item,2026-05-21T17:39:00
8079,U-4564,add_to_cart,2026-05-21T17:41:00
8080,U-4565,view_item,2026-05-21T18:31:00
8081,U-4566,view_item,2026-05-21T06:57:00
8082,U-4567,view_item,2026-05-21T22:07:00
8083,U-4568,view_item,2026-05-21T16:03:00
8084,U-4569,view_item,2026-05-21T05:59:00
8085,U-4570,view_item,2026-05-21T21:32:00
8086,U-4571,view_item,2026-05-21T20:43:00
8087,U-4571,add_to_cart,2026-05-21T20:45:00
8088,U-4572,view_item,2026-05-21T07:08:00
8089,U-4572,add_to_cart,2026-05-21T07:10:00
8090,U-4573,view_item,2026-05-21T15:52:00
8091,U-4574,view_item,2026-05-21T07:50:00
8092,U-4574,add_to_cart,2026-05-21T07:52:00
8093,U-4575,view_item,2026-05-21T16:14:00
8094,U-4575,add_to_cart,2026-05-21T16:16:00
8095,U-4576,view_item,2026-05-21T00:52:00
8096,U-4576,add_to_cart,2026-05-21T00:54:00
8097,U-4576,start_checkout,2026-05-21T00:56:00
8098,U-4577,view_item,2026-05-21T00:20:00
8099,U-4577,add_to_cart,2026-05-21T00:22:00
8100,U-4578,view_item,2026-05-21T19:56:00
8101,U-4578,add_to_cart,2026-05-21T19:58:00
8102,U-4578,start_checkout,2026-05-21T20:00:00
8103,U-4579,view_item,2026-05-21T04:04:00
8104,U-4580,view_item,2026-05-21T02:58:00
8105,U-4580,add_to_cart,2026-05-21T03:00:00
8106,U-4581,view_item,2026-05-21T20:12:00
8107,U-4581,add_to_cart,2026-05-21T20:14:00
8108,U-4582,view_item,2026-05-21T13:18:00
8109,U-4583,view_item,2026-05-21T07:18:00
8110,U-4584,view_item,2026-05-21T06:22:00
8111,U-4584,add_to_cart,2026-05-21T06:24:00
8112,U-4584,start_checkout,2026-05-21T06:26:00
8113,U-4584,purchase,2026-05-21T06:28:00
8114,U-4585,view_item,2026-05-21T01:29:00
8115,U-4586,view_item,2026-05-21T03:57:00
8116,U-4587,view_item,2026-05-21T18:20:00
8117,U-4587,add_to_cart,2026-05-21T18:22:00
8118,U-4587,start_checkout,2026-05-21T18:24:00
8119,U-4587,purchase,2026-05-21T18:26:00
8120,U-4588,view_item,2026-05-21T21:28:00
8121,U-4588,add_to_cart,2026-05-21T21:30:00
8122,U-4589,view_item,2026-05-21T16:15:00
8123,U-4590,view_item,2026-05-21T17:13:00
8124,U-4591,view_item,2026-05-21T11:46:00
8125,U-4591,add_to_cart,2026-05-21T11:48:00
8126,U-4591,start_checkout,2026-05-21T11:50:00
8127,U-4592,view_item,2026-05-21T05:49:00
8128,U-4592,add_to_cart,2026-05-21T05:51:00
8129,U-4592,start_checkout,2026-05-21T05:53:00
8130,U-4593,view_item,2026-05-21T10:50:00
8131,U-4594,view_item,2026-05-21T04:48:00
8132,U-4594,add_to_cart,2026-05-21T04:50:00
8133,U-4594,start_checkout,2026-05-21T04:52:00
8134,U-4594,purchase,2026-05-21T04:54:00
8135,U-4595,view_item,2026-05-21T02:19:00
8136,U-4596,view_item,2026-05-21T21:07:00
8137,U-4596,add_to_cart,2026-05-21T21:09:00
8138,U-4597,view_item,2026-05-21T05:46:00
8139,U-4598,view_item,2026-05-21T18:59:00
8140,U-4599,view_item,2026-05-21T17:20:00
8141,U-4599,add_to_cart,2026-05-21T17:22:00
8142,U-4599,start_checkout,2026-05-21T17:24:00
8143,U-4599,purchase,2026-05-21T17:26:00
8144,U-4600,view_item,2026-05-21T19:16:00
8145,U-4601,view_item,2026-05-21T11:57:00
8146,U-4602,view_item,2026-05-21T22:53:00
8147,U-4602,add_to_cart,2026-05-21T22:55:00
8148,U-4603,view_item,2026-05-21T03:00:00
8149,U-4603,add_to_cart,2026-05-21T03:02:00
8150,U-4604,view_item,2026-05-21T16:48:00
8151,U-4604,add_to_cart,2026-05-21T16:50:00
8152,U-4604,start_checkout,2026-05-21T16:52:00
8153,U-4604,purchase,2026-05-21T16:54:00
8154,U-4605,view_item,2026-05-21T09:30:00
8155,U-4605,add_to_cart,2026-05-21T09:32:00
8156,U-4605,start_checkout,2026-05-21T09:34:00
8157,U-4606,view_item,2026-05-21T22:10:00
8158,U-4607,view_item,2026-05-21T06:04:00
8159,U-4607,add_to_cart,2026-05-21T06:06:00
8160,U-4608,view_item,2026-05-21T02:45:00
8161,U-4609,view_item,2026-05-21T11:52:00
8162,U-4609,add_to_cart,2026-05-21T11:54:00
8163,U-4609,start_checkout,2026-05-21T11:56:00
8164,U-4610,view_item,2026-05-21T08:18:00
8165,U-4611,view_item,2026-05-21T18:05:00
8166,U-4611,add_to_cart,2026-05-21T18:07:00
8167,U-4612,view_item,2026-05-21T18:37:00
8168,U-4612,add_to_cart,2026-05-21T18:39:00
8169,U-4613,view_item,2026-05-21T05:23:00
8170,U-4613,add_to_cart,2026-05-21T05:25:00
8171,U-4613,start_checkout,2026-05-21T05:27:00
8172,U-4613,purchase,2026-05-21T05:29:00
8173,U-4614,view_item,2026-05-21T01:02:00
8174,U-4614,add_to_cart,2026-05-21T01:04:00
8175,U-4615,view_item,2026-05-21T14:13:00
8176,U-4616,view_item,2026-05-21T21:25:00
8177,U-4617,view_item,2026-05-21T03:21:00
8178,U-4618,view_item,2026-05-21T07:39:00
8179,U-4618,add_to_cart,2026-05-21T07:41:00
8180,U-4618,start_checkout,2026-05-21T07:43:00
8181,U-4618,purchase,2026-05-21T07:45:00
8182,U-4619,view_item,2026-05-21T06:56:00
8183,U-4620,view_item,2026-05-21T05:08:00
8184,U-4620,add_to_cart,2026-05-21T05:10:00
8185,U-4620,start_checkout,2026-05-21T05:12:00
8186,U-4621,view_item,2026-05-21T07:25:00
8187,U-4622,view_item,2026-05-21T02:50:00
8188,U-4622,add_to_cart,2026-05-21T02:52:00
8189,U-4623,view_item,2026-05-21T08:59:00
8190,U-4623,add_to_cart,2026-05-21T09:01:00
8191,U-4624,view_item,2026-05-21T16:58:00
8192,U-4624,add_to_cart,2026-05-21T17:00:00
8193,U-4624,start_checkout,2026-05-21T17:02:00
8194,U-4625,view_item,2026-05-21T01:48:00
8195,U-4625,add_to_cart,2026-05-21T01:50:00
8196,U-4625,start_checkout,2026-05-21T01:52:00
8197,U-4625,purchase,2026-05-21T01:54:00
8198,U-4626,view_item,2026-05-21T17:13:00
8199,U-4627,view_item,2026-05-21T07:20:00
8200,U-4627,add_to_cart,2026-05-21T07:22:00
8201,U-4628,view_item,2026-05-21T22:57:00
8202,U-4628,add_to_cart,2026-05-21T22:59:00
8203,U-4629,view_item,2026-05-21T10:06:00
8204,U-4630,view_item,2026-05-21T22:16:00
8205,U-4630,add_to_cart,2026-05-21T22:18:00
8206,U-4630,start_checkout,2026-05-21T22:20:00
8207,U-4630,purchase,2026-05-21T22:22:00
8208,U-4631,view_item,2026-05-21T18:18:00
8209,U-4632,view_item,2026-05-21T14:26:00
8210,U-4632,add_to_cart,2026-05-21T14:28:00
8211,U-4632,start_checkout,2026-05-21T14:30:00
8212,U-4632,purchase,2026-05-21T14:32:00
8213,U-4633,view_item,2026-05-21T06:00:00
8214,U-4634,view_item,2026-05-21T13:41:00
8215,U-4634,add_to_cart,2026-05-21T13:43:00
8216,U-4635,view_item,2026-05-21T14:38:00
8217,U-4636,view_item,2026-05-21T02:06:00
8218,U-4637,view_item,2026-05-21T02:16:00
8219,U-4638,view_item,2026-05-21T03:03:00
8220,U-4639,view_item,2026-05-21T07:29:00
8221,U-4640,view_item,2026-05-21T10:33:00
8222,U-4641,view_item,2026-05-21T10:47:00
8223,U-4642,view_item,2026-05-21T06:51:00
8224,U-4643,view_item,2026-05-21T02:43:00
8225,U-4644,view_item,2026-05-21T02:17:00
8226,U-4645,view_item,2026-05-21T11:49:00
8227,U-4646,view_item,2026-05-21T02:33:00
8228,U-4646,add_to_cart,2026-05-21T02:35:00
8229,U-4647,view_item,2026-05-21T20:31:00
8230,U-4647,add_to_cart,2026-05-21T20:33:00
8231,U-4647,start_checkout,2026-05-21T20:35:00
8232,U-4647,purchase,2026-05-21T20:37:00
8233,U-4648,view_item,2026-05-21T22:23:00
8234,U-4649,view_item,2026-05-21T20:25:00
8235,U-4649,add_to_cart,2026-05-21T20:27:00
8236,U-4650,view_item,2026-05-21T19:15:00
8237,U-4650,add_to_cart,2026-05-21T19:17:00
8238,U-4651,view_item,2026-05-21T15:12:00
8239,U-4652,view_item,2026-05-21T16:50:00
8240,U-4652,add_to_cart,2026-05-21T16:52:00
8241,U-4653,view_item,2026-05-21T20:14:00
8242,U-4654,view_item,2026-05-21T15:37:00
8243,U-4655,view_item,2026-05-21T14:57:00
8244,U-4655,add_to_cart,2026-05-21T14:59:00
8245,U-4655,start_checkout,2026-05-21T15:01:00
8246,U-4656,view_item,2026-05-21T20:48:00
8247,U-4656,add_to_cart,2026-05-21T20:50:00
8248,U-4657,view_item,2026-05-21T01:14:00
8249,U-4658,view_item,2026-05-21T14:41:00
8250,U-4659,view_item,2026-05-21T17:20:00
8251,U-4660,view_item,2026-05-21T19:42:00
8252,U-4661,view_item,2026-05-21T17:11:00
8253,U-4661,add_to_cart,2026-05-21T17:13:00
8254,U-4661,start_checkout,2026-05-21T17:15:00
8255,U-4662,view_item,2026-05-21T08:43:00
8256,U-4662,add_to_cart,2026-05-21T08:45:00
8257,U-4663,view_item,2026-05-21T12:08:00
8258,U-4663,add_to_cart,2026-05-21T12:10:00
8259,U-4664,view_item,2026-05-21T12:12:00
8260,U-4664,add_to_cart,2026-05-21T12:14:00
8261,U-4665,view_item,2026-05-21T06:28:00
8262,U-4665,add_to_cart,2026-05-21T06:30:00
8263,U-4665,start_checkout,2026-05-21T06:32:00
8264,U-4666,view_item,2026-05-21T11:04:00
8265,U-4666,add_to_cart,2026-05-21T11:06:00
8266,U-4667,view_item,2026-05-21T00:42:00
8267,U-4667,add_to_cart,2026-05-21T00:44:00
8268,U-4667,start_checkout,2026-05-21T00:46:00
8269,U-4667,purchase,2026-05-21T00:48:00
8270,U-4668,view_item,2026-05-21T15:00:00
8271,U-4669,view_item,2026-05-21T00:04:00
8272,U-4669,add_to_cart,2026-05-21T00:06:00
8273,U-4669,start_checkout,2026-05-21T00:08:00
8274,U-4669,purchase,2026-05-21T00:10:00
8275,U-4670,view_item,2026-05-21T12:47:00
8276,U-4671,view_item,2026-05-21T18:38:00
8277,U-4671,add_to_cart,2026-05-21T18:40:00
8278,U-4671,start_checkout,2026-05-21T18:42:00
8279,U-4672,view_item,2026-05-21T00:50:00
8280,U-4673,view_item,2026-05-21T09:01:00
8281,U-4673,add_to_cart,2026-05-21T09:03:00
8282,U-4674,view_item,2026-05-21T06:40:00
8283,U-4674,add_to_cart,2026-05-21T06:42:00
8284,U-4675,view_item,2026-05-21T20:34:00
8285,U-4675,add_to_cart,2026-05-21T20:36:00
8286,U-4675,start_checkout,2026-05-21T20:38:00
8287,U-4675,purchase,2026-05-21T20:40:00
8288,U-4676,view_item,2026-05-21T10:10:00
8289,U-4677,view_item,2026-05-21T13:14:00
8290,U-4677,add_to_cart,2026-05-21T13:16:00
8291,U-4677,start_checkout,2026-05-21T13:18:00
8292,U-4677,purchase,2026-05-21T13:20:00
8293,U-4678,view_item,2026-05-21T03:34:00
8294,U-4679,view_item,2026-05-21T06:15:00
8295,U-4680,view_item,2026-05-21T18:00:00
8296,U-4680,add_to_cart,2026-05-21T18:02:00
8297,U-4680,start_checkout,2026-05-21T18:04:00
8298,U-4680,purchase,2026-05-21T18:06:00
8299,U-4681,view_item,2026-05-21T07:55:00
8300,U-4681,add_to_cart,2026-05-21T07:57:00
8301,U-4681,start_checkout,2026-05-21T07:59:00
8302,U-4682,view_item,2026-05-21T21:22:00
8303,U-4682,add_to_cart,2026-05-21T21:24:00
8304,U-4682,start_checkout,2026-05-21T21:26:00
8305,U-4682,purchase,2026-05-21T21:28:00
8306,U-4683,view_item,2026-05-21T18:38:00
8307,U-4684,view_item,2026-05-21T14:59:00
8308,U-4684,add_to_cart,2026-05-21T15:01:00
8309,U-4685,view_item,2026-05-21T13:43:00
8310,U-4685,add_to_cart,2026-05-21T13:45:00
8311,U-4686,view_item,2026-05-21T12:35:00
8312,U-4687,view_item,2026-05-21T17:41:00
8313,U-4688,view_item,2026-05-21T22:07:00
8314,U-4688,add_to_cart,2026-05-21T22:09:00
8315,U-4688,start_checkout,2026-05-21T22:11:00
8316,U-4688,purchase,2026-05-21T22:13:00
8317,U-4689,view_item,2026-05-21T03:13:00
8318,U-4689,add_to_cart,2026-05-21T03:15:00
8319,U-4689,start_checkout,2026-05-21T03:17:00
8320,U-4689,purchase,2026-05-21T03:19:00
8321,U-4690,view_item,2026-05-21T00:51:00
8322,U-4691,view_item,2026-05-21T03:20:00
8323,U-4692,view_item,2026-05-21T03:27:00
8324,U-4693,view_item,2026-05-21T07:47:00
8325,U-4693,add_to_cart,2026-05-21T07:49:00
8326,U-4694,view_item,2026-05-21T14:30:00
8327,U-4695,view_item,2026-05-21T14:53:00
8328,U-4695,add_to_cart,2026-05-21T14:55:00
8329,U-4695,start_checkout,2026-05-21T14:57:00
8330,U-4695,purchase,2026-05-21T14:59:00
8331,U-4696,view_item,2026-05-21T20:30:00
8332,U-4696,add_to_cart,2026-05-21T20:32:00
8333,U-4697,view_item,2026-05-21T21:01:00
8334,U-4698,view_item,2026-05-21T16:19:00
8335,U-4699,view_item,2026-05-21T02:59:00
8336,U-4700,view_item,2026-05-21T14:01:00
8337,U-4701,view_item,2026-05-21T03:45:00
8338,U-4702,view_item,2026-05-21T04:21:00
8339,U-4703,view_item,2026-05-21T13:42:00
8340,U-4703,add_to_cart,2026-05-21T13:44:00
8341,U-4703,start_checkout,2026-05-21T13:46:00
8342,U-4704,view_item,2026-05-21T23:28:00
8343,U-4704,add_to_cart,2026-05-21T23:30:00
8344,U-4705,view_item,2026-05-21T06:41:00
8345,U-4705,add_to_cart,2026-05-21T06:43:00
8346,U-4705,start_checkout,2026-05-21T06:45:00
8347,U-4706,view_item,2026-05-21T12:51:00
8348,U-4706,add_to_cart,2026-05-21T12:53:00
8349,U-4707,view_item,2026-05-21T20:02:00
8350,U-4708,view_item,2026-05-21T17:35:00
8351,U-4708,add_to_cart,2026-05-21T17:37:00
8352,U-4708,start_checkout,2026-05-21T17:39:00
8353,U-4709,view_item,2026-05-22T03:01:00
8354,U-4709,add_to_cart,2026-05-22T03:03:00
8355,U-4710,view_item,2026-05-22T19:46:00
8356,U-4710,add_to_cart,2026-05-22T19:48:00
8357,U-4711,view_item,2026-05-22T07:14:00
8358,U-4711,add_to_cart,2026-05-22T07:16:00
8359,U-4711,start_checkout,2026-05-22T07:18:00
8360,U-4711,purchase,2026-05-22T07:20:00
8361,U-4712,view_item,2026-05-22T00:25:00
8362,U-4713,view_item,2026-05-22T18:54:00
8363,U-4714,view_item,2026-05-22T21:44:00
8364,U-4714,add_to_cart,2026-05-22T21:46:00
8365,U-4715,view_item,2026-05-22T23:25:00
8366,U-4715,add_to_cart,2026-05-22T23:27:00
8367,U-4716,view_item,2026-05-22T07:43:00
8368,U-4716,add_to_cart,2026-05-22T07:45:00
8369,U-4717,view_item,2026-05-22T22:26:00
8370,U-4718,view_item,2026-05-22T23:28:00
8371,U-4719,view_item,2026-05-22T02:24:00
8372,U-4720,view_item,2026-05-22T13:43:00
8373,U-4720,add_to_cart,2026-05-22T13:45:00
8374,U-4721,view_item,2026-05-22T07:23:00
8375,U-4721,add_to_cart,2026-05-22T07:25:00
8376,U-4721,start_checkout,2026-05-22T07:27:00
8377,U-4722,view_item,2026-05-22T23:10:00
8378,U-4722,add_to_cart,2026-05-22T23:12:00
8379,U-4722,start_checkout,2026-05-22T23:14:00
8380,U-4723,view_item,2026-05-22T14:30:00
8381,U-4724,view_item,2026-05-22T14:43:00
8382,U-4725,view_item,2026-05-22T16:08:00
8383,U-4725,add_to_cart,2026-05-22T16:10:00
8384,U-4726,view_item,2026-05-22T22:38:00
8385,U-4727,view_item,2026-05-22T18:02:00
8386,U-4727,add_to_cart,2026-05-22T18:04:00
8387,U-4727,start_checkout,2026-05-22T18:06:00
8388,U-4728,view_item,2026-05-22T03:59:00
8389,U-4729,view_item,2026-05-22T22:13:00
8390,U-4729,add_to_cart,2026-05-22T22:15:00
8391,U-4729,start_checkout,2026-05-22T22:17:00
8392,U-4729,purchase,2026-05-22T22:19:00
8393,U-4730,view_item,2026-05-22T12:27:00
8394,U-4731,view_item,2026-05-22T16:39:00
8395,U-4732,view_item,2026-05-22T18:38:00
8396,U-4733,view_item,2026-05-22T08:18:00
8397,U-4733,add_to_cart,2026-05-22T08:20:00
8398,U-4733,start_checkout,2026-05-22T08:22:00
8399,U-4733,purchase,2026-05-22T08:24:00
8400,U-4734,view_item,2026-05-22T21:30:00
8401,U-4735,view_item,2026-05-22T12:52:00
8402,U-4736,view_item,2026-05-22T13:22:00
8403,U-4736,add_to_cart,2026-05-22T13:24:00
8404,U-4736,start_checkout,2026-05-22T13:26:00
8405,U-4737,view_item,2026-05-22T01:51:00
8406,U-4738,view_item,2026-05-22T08:24:00
8407,U-4738,add_to_cart,2026-05-22T08:26:00
8408,U-4739,view_item,2026-05-22T08:31:00
8409,U-4740,view_item,2026-05-22T03:21:00
8410,U-4741,view_item,2026-05-22T12:55:00
8411,U-4741,add_to_cart,2026-05-22T12:57:00
8412,U-4741,start_checkout,2026-05-22T12:59:00
8413,U-4741,purchase,2026-05-22T13:01:00
8414,U-4742,view_item,2026-05-22T06:27:00
8415,U-4742,add_to_cart,2026-05-22T06:29:00
8416,U-4742,start_checkout,2026-05-22T06:31:00
8417,U-4743,view_item,2026-05-22T16:58:00
8418,U-4743,add_to_cart,2026-05-22T17:00:00
8419,U-4743,start_checkout,2026-05-22T17:02:00
8420,U-4743,purchase,2026-05-22T17:04:00
8421,U-4744,view_item,2026-05-22T23:23:00
8422,U-4744,add_to_cart,2026-05-22T23:25:00
8423,U-4745,view_item,2026-05-22T06:57:00
8424,U-4746,view_item,2026-05-22T03:20:00
8425,U-4747,view_item,2026-05-22T17:16:00
8426,U-4747,add_to_cart,2026-05-22T17:18:00
8427,U-4748,view_item,2026-05-22T19:12:00
8428,U-4749,view_item,2026-05-22T02:50:00
8429,U-4750,view_item,2026-05-22T04:30:00
8430,U-4751,view_item,2026-05-22T01:42:00
8431,U-4752,view_item,2026-05-22T04:23:00
8432,U-4752,add_to_cart,2026-05-22T04:25:00
8433,U-4753,view_item,2026-05-22T09:28:00
8434,U-4754,view_item,2026-05-22T14:29:00
8435,U-4755,view_item,2026-05-22T05:10:00
8436,U-4755,add_to_cart,2026-05-22T05:12:00
8437,U-4756,view_item,2026-05-22T08:03:00
8438,U-4757,view_item,2026-05-22T07:58:00
8439,U-4758,view_item,2026-05-22T00:44:00
8440,U-4759,view_item,2026-05-22T17:06:00
8441,U-4760,view_item,2026-05-22T03:05:00
8442,U-4760,add_to_cart,2026-05-22T03:07:00
8443,U-4761,view_item,2026-05-22T04:32:00
8444,U-4761,add_to_cart,2026-05-22T04:34:00
8445,U-4762,view_item,2026-05-22T02:20:00
8446,U-4763,view_item,2026-05-22T00:07:00
8447,U-4764,view_item,2026-05-22T15:39:00
8448,U-4765,view_item,2026-05-22T13:34:00
8449,U-4766,view_item,2026-05-22T21:34:00
8450,U-4767,view_item,2026-05-22T17:40:00
8451,U-4768,view_item,2026-05-22T01:45:00
8452,U-4768,add_to_cart,2026-05-22T01:47:00
8453,U-4768,start_checkout,2026-05-22T01:49:00
8454,U-4769,view_item,2026-05-22T00:31:00
8455,U-4770,view_item,2026-05-22T17:34:00
8456,U-4771,view_item,2026-05-22T07:48:00
8457,U-4771,add_to_cart,2026-05-22T07:50:00
8458,U-4772,view_item,2026-05-22T10:37:00
8459,U-4772,add_to_cart,2026-05-22T10:39:00
8460,U-4772,start_checkout,2026-05-22T10:41:00
8461,U-4773,view_item,2026-05-22T11:32:00
8462,U-4774,view_item,2026-05-22T12:30:00
8463,U-4775,view_item,2026-05-22T07:39:00
8464,U-4776,view_item,2026-05-22T15:06:00
8465,U-4777,view_item,2026-05-22T08:49:00
8466,U-4778,view_item,2026-05-22T22:56:00
8467,U-4779,view_item,2026-05-22T21:04:00
8468,U-4779,add_to_cart,2026-05-22T21:06:00
8469,U-4780,view_item,2026-05-22T01:22:00
8470,U-4781,view_item,2026-05-22T08:06:00
8471,U-4782,view_item,2026-05-22T01:01:00
8472,U-4783,view_item,2026-05-22T00:39:00
8473,U-4783,add_to_cart,2026-05-22T00:41:00
8474,U-4784,view_item,2026-05-22T18:21:00
8475,U-4785,view_item,2026-05-22T22:45:00
8476,U-4786,view_item,2026-05-22T18:34:00
8477,U-4787,view_item,2026-05-22T14:26:00
8478,U-4787,add_to_cart,2026-05-22T14:28:00
8479,U-4788,view_item,2026-05-22T01:17:00
8480,U-4788,add_to_cart,2026-05-22T01:19:00
8481,U-4788,start_checkout,2026-05-22T01:21:00
8482,U-4789,view_item,2026-05-22T07:54:00
8483,U-4790,view_item,2026-05-22T16:27:00
8484,U-4790,add_to_cart,2026-05-22T16:29:00
8485,U-4791,view_item,2026-05-22T08:23:00
8486,U-4792,view_item,2026-05-22T14:06:00
8487,U-4793,view_item,2026-05-22T23:13:00
8488,U-4794,view_item,2026-05-22T03:46:00
8489,U-4795,view_item,2026-05-22T02:09:00
8490,U-4796,view_item,2026-05-22T00:09:00
8491,U-4797,view_item,2026-05-22T08:57:00
8492,U-4797,add_to_cart,2026-05-22T08:59:00
8493,U-4798,view_item,2026-05-22T21:59:00
8494,U-4798,add_to_cart,2026-05-22T22:01:00
8495,U-4798,start_checkout,2026-05-22T22:03:00
8496,U-4798,purchase,2026-05-22T22:05:00
8497,U-4799,view_item,2026-05-22T15:41:00
8498,U-4799,add_to_cart,2026-05-22T15:43:00
8499,U-4800,view_item,2026-05-22T08:33:00
8500,U-4801,view_item,2026-05-22T05:34:00
8501,U-4801,add_to_cart,2026-05-22T05:36:00
8502,U-4802,view_item,2026-05-22T21:15:00
8503,U-4803,view_item,2026-05-22T23:10:00
8504,U-4804,view_item,2026-05-22T22:38:00
8505,U-4805,view_item,2026-05-22T23:47:00
8506,U-4806,view_item,2026-05-22T05:45:00
8507,U-4807,view_item,2026-05-22T00:46:00
8508,U-4807,add_to_cart,2026-05-22T00:48:00
8509,U-4808,view_item,2026-05-22T12:36:00
8510,U-4809,view_item,2026-05-22T16:15:00
8511,U-4810,view_item,2026-05-22T11:48:00
8512,U-4811,view_item,2026-05-22T02:07:00
8513,U-4811,add_to_cart,2026-05-22T02:09:00
8514,U-4811,start_checkout,2026-05-22T02:11:00
8515,U-4812,view_item,2026-05-22T23:21:00
8516,U-4813,view_item,2026-05-22T08:11:00
8517,U-4814,view_item,2026-05-22T03:26:00
8518,U-4814,add_to_cart,2026-05-22T03:28:00
8519,U-4814,start_checkout,2026-05-22T03:30:00
8520,U-4814,purchase,2026-05-22T03:32:00
8521,U-4815,view_item,2026-05-22T19:53:00
8522,U-4816,view_item,2026-05-22T01:03:00
8523,U-4816,add_to_cart,2026-05-22T01:05:00
8524,U-4817,view_item,2026-05-22T03:18:00
8525,U-4818,view_item,2026-05-22T16:24:00
8526,U-4818,add_to_cart,2026-05-22T16:26:00
8527,U-4819,view_item,2026-05-22T19:43:00
8528,U-4819,add_to_cart,2026-05-22T19:45:00
8529,U-4819,start_checkout,2026-05-22T19:47:00
8530,U-4819,purchase,2026-05-22T19:49:00
8531,U-4820,view_item,2026-05-22T20:50:00
8532,U-4821,view_item,2026-05-22T22:37:00
8533,U-4821,add_to_cart,2026-05-22T22:39:00
8534,U-4822,view_item,2026-05-22T06:51:00
8535,U-4822,add_to_cart,2026-05-22T06:53:00
8536,U-4823,view_item,2026-05-22T22:50:00
8537,U-4823,add_to_cart,2026-05-22T22:52:00
8538,U-4823,start_checkout,2026-05-22T22:54:00
8539,U-4824,view_item,2026-05-22T07:42:00
8540,U-4825,view_item,2026-05-22T00:02:00
8541,U-4825,add_to_cart,2026-05-22T00:04:00
8542,U-4826,view_item,2026-05-22T15:50:00
8543,U-4827,view_item,2026-05-22T14:54:00
8544,U-4828,view_item,2026-05-22T22:33:00
8545,U-4828,add_to_cart,2026-05-22T22:35:00
8546,U-4828,start_checkout,2026-05-22T22:37:00
8547,U-4829,view_item,2026-05-22T16:26:00
8548,U-4830,view_item,2026-05-22T11:23:00
8549,U-4831,view_item,2026-05-22T01:52:00
8550,U-4831,add_to_cart,2026-05-22T01:54:00
8551,U-4831,start_checkout,2026-05-22T01:56:00
8552,U-4832,view_item,2026-05-22T04:08:00
8553,U-4833,view_item,2026-05-22T13:50:00
8554,U-4833,add_to_cart,2026-05-22T13:52:00
8555,U-4833,start_checkout,2026-05-22T13:54:00
8556,U-4834,view_item,2026-05-22T00:15:00
8557,U-4835,view_item,2026-05-22T06:01:00
8558,U-4835,add_to_cart,2026-05-22T06:03:00
8559,U-4835,start_checkout,2026-05-22T06:05:00
8560,U-4835,purchase,2026-05-22T06:07:00
8561,U-4836,view_item,2026-05-22T19:32:00
8562,U-4836,add_to_cart,2026-05-22T19:34:00
8563,U-4837,view_item,2026-05-22T06:45:00
8564,U-4838,view_item,2026-05-22T01:22:00
8565,U-4839,view_item,2026-05-22T04:16:00
8566,U-4839,add_to_cart,2026-05-22T04:18:00
8567,U-4839,start_checkout,2026-05-22T04:20:00
8568,U-4840,view_item,2026-05-22T06:25:00
8569,U-4841,view_item,2026-05-22T17:15:00
8570,U-4841,add_to_cart,2026-05-22T17:17:00
8571,U-4841,start_checkout,2026-05-22T17:19:00
8572,U-4842,view_item,2026-05-22T08:17:00
8573,U-4843,view_item,2026-05-22T13:37:00
8574,U-4844,view_item,2026-05-22T15:08:00
8575,U-4845,view_item,2026-05-22T08:21:00
8576,U-4846,view_item,2026-05-22T19:33:00
8577,U-4846,add_to_cart,2026-05-22T19:35:00
8578,U-4847,view_item,2026-05-22T05:38:00
8579,U-4847,add_to_cart,2026-05-22T05:40:00
8580,U-4848,view_item,2026-05-22T02:02:00
8581,U-4849,view_item,2026-05-22T16:49:00
8582,U-4850,view_item,2026-05-22T02:17:00
8583,U-4851,view_item,2026-05-22T15:02:00
8584,U-4852,view_item,2026-05-22T08:00:00
8585,U-4853,view_item,2026-05-22T01:49:00
8586,U-4853,add_to_cart,2026-05-22T01:51:00
8587,U-4853,start_checkout,2026-05-22T01:53:00
8588,U-4854,view_item,2026-05-22T07:57:00
8589,U-4854,add_to_cart,2026-05-22T07:59:00
8590,U-4854,start_checkout,2026-05-22T08:01:00
8591,U-4855,view_item,2026-05-22T02:02:00
8592,U-4856,view_item,2026-05-22T22:31:00
8593,U-4857,view_item,2026-05-22T01:32:00
8594,U-4857,add_to_cart,2026-05-22T01:34:00
8595,U-4858,view_item,2026-05-22T08:15:00
8596,U-4859,view_item,2026-05-22T02:35:00
8597,U-4860,view_item,2026-05-22T22:23:00
8598,U-4861,view_item,2026-05-22T13:52:00
8599,U-4861,add_to_cart,2026-05-22T13:54:00
8600,U-4862,view_item,2026-05-22T12:36:00
8601,U-4863,view_item,2026-05-22T10:44:00
8602,U-4863,add_to_cart,2026-05-22T10:46:00
8603,U-4863,start_checkout,2026-05-22T10:48:00
8604,U-4863,purchase,2026-05-22T10:50:00
8605,U-4864,view_item,2026-05-22T18:00:00
8606,U-4865,view_item,2026-05-22T02:26:00
8607,U-4866,view_item,2026-05-22T11:28:00
8608,U-4867,view_item,2026-05-22T05:52:00
8609,U-4868,view_item,2026-05-22T16:49:00
8610,U-4869,view_item,2026-05-22T08:27:00
8611,U-4870,view_item,2026-05-22T04:46:00
8612,U-4871,view_item,2026-05-22T05:27:00
8613,U-4871,add_to_cart,2026-05-22T05:29:00
8614,U-4871,start_checkout,2026-05-22T05:31:00
8615,U-4872,view_item,2026-05-22T16:23:00
8616,U-4873,view_item,2026-05-22T16:58:00
8617,U-4873,add_to_cart,2026-05-22T17:00:00
8618,U-4874,view_item,2026-05-22T07:27:00
8619,U-4875,view_item,2026-05-22T22:45:00
8620,U-4876,view_item,2026-05-22T13:40:00
8621,U-4877,view_item,2026-05-22T23:51:00
8622,U-4878,view_item,2026-05-22T18:19:00
8623,U-4879,view_item,2026-05-22T15:01:00
8624,U-4880,view_item,2026-05-22T09:05:00
8625,U-4880,add_to_cart,2026-05-22T09:07:00
8626,U-4880,start_checkout,2026-05-22T09:09:00
8627,U-4880,purchase,2026-05-22T09:11:00
8628,U-4881,view_item,2026-05-22T19:56:00
8629,U-4882,view_item,2026-05-22T16:35:00
8630,U-4882,add_to_cart,2026-05-22T16:37:00
8631,U-4882,start_checkout,2026-05-22T16:39:00
8632,U-4882,purchase,2026-05-22T16:41:00
8633,U-4883,view_item,2026-05-22T05:35:00
8634,U-4884,view_item,2026-05-22T12:06:00
8635,U-4884,add_to_cart,2026-05-22T12:08:00
8636,U-4884,start_checkout,2026-05-22T12:10:00
8637,U-4885,view_item,2026-05-22T11:47:00
8638,U-4886,view_item,2026-05-22T21:50:00
8639,U-4886,add_to_cart,2026-05-22T21:52:00
8640,U-4887,view_item,2026-05-22T11:09:00
8641,U-4888,view_item,2026-05-22T06:45:00
8642,U-4889,view_item,2026-05-22T17:14:00
8643,U-4890,view_item,2026-05-22T13:23:00
8644,U-4891,view_item,2026-05-22T17:02:00
8645,U-4892,view_item,2026-05-23T21:29:00
8646,U-4893,view_item,2026-05-23T12:24:00
8647,U-4894,view_item,2026-05-23T18:24:00
8648,U-4895,view_item,2026-05-23T19:10:00
8649,U-4896,view_item,2026-05-23T04:35:00
8650,U-4896,add_to_cart,2026-05-23T04:37:00
8651,U-4896,start_checkout,2026-05-23T04:39:00
8652,U-4897,view_item,2026-05-23T10:44:00
8653,U-4898,view_item,2026-05-23T03:57:00
8654,U-4898,add_to_cart,2026-05-23T03:59:00
8655,U-4898,start_checkout,2026-05-23T04:01:00
8656,U-4898,purchase,2026-05-23T04:03:00
8657,U-4899,view_item,2026-05-23T20:03:00
8658,U-4900,view_item,2026-05-23T10:18:00
8659,U-4900,add_to_cart,2026-05-23T10:20:00
8660,U-4901,view_item,2026-05-23T23:25:00
8661,U-4901,add_to_cart,2026-05-23T23:27:00
8662,U-4901,start_checkout,2026-05-23T23:29:00
8663,U-4901,purchase,2026-05-23T23:31:00
8664,U-4902,view_item,2026-05-23T11:38:00
8665,U-4902,add_to_cart,2026-05-23T11:40:00
8666,U-4902,start_checkout,2026-05-23T11:42:00
8667,U-4903,view_item,2026-05-23T08:30:00
8668,U-4904,view_item,2026-05-23T16:42:00
8669,U-4905,view_item,2026-05-23T22:27:00
8670,U-4905,add_to_cart,2026-05-23T22:29:00
8671,U-4905,start_checkout,2026-05-23T22:31:00
8672,U-4906,view_item,2026-05-23T12:51:00
8673,U-4906,add_to_cart,2026-05-23T12:53:00
8674,U-4906,start_checkout,2026-05-23T12:55:00
8675,U-4907,view_item,2026-05-23T00:48:00
8676,U-4907,add_to_cart,2026-05-23T00:50:00
8677,U-4908,view_item,2026-05-23T04:10:00
8678,U-4908,add_to_cart,2026-05-23T04:12:00
8679,U-4908,start_checkout,2026-05-23T04:14:00
8680,U-4908,purchase,2026-05-23T04:16:00
8681,U-4909,view_item,2026-05-23T12:40:00
8682,U-4910,view_item,2026-05-23T09:41:00
8683,U-4911,view_item,2026-05-23T14:10:00
8684,U-4911,add_to_cart,2026-05-23T14:12:00
8685,U-4911,start_checkout,2026-05-23T14:14:00
8686,U-4912,view_item,2026-05-23T11:22:00
8687,U-4912,add_to_cart,2026-05-23T11:24:00
8688,U-4912,start_checkout,2026-05-23T11:26:00
8689,U-4913,view_item,2026-05-23T14:03:00
8690,U-4914,view_item,2026-05-23T20:52:00
8691,U-4915,view_item,2026-05-23T04:03:00
8692,U-4916,view_item,2026-05-23T12:44:00
8693,U-4917,view_item,2026-05-23T07:30:00
8694,U-4917,add_to_cart,2026-05-23T07:32:00
8695,U-4917,start_checkout,2026-05-23T07:34:00
8696,U-4918,view_item,2026-05-23T00:33:00
8697,U-4919,view_item,2026-05-23T04:22:00
8698,U-4919,add_to_cart,2026-05-23T04:24:00
8699,U-4920,view_item,2026-05-23T19:15:00
8700,U-4920,add_to_cart,2026-05-23T19:17:00
8701,U-4920,start_checkout,2026-05-23T19:19:00
8702,U-4921,view_item,2026-05-23T19:10:00
8703,U-4922,view_item,2026-05-23T19:01:00
8704,U-4922,add_to_cart,2026-05-23T19:03:00
8705,U-4922,start_checkout,2026-05-23T19:05:00
8706,U-4922,purchase,2026-05-23T19:07:00
8707,U-4923,view_item,2026-05-23T10:50:00
8708,U-4924,view_item,2026-05-23T00:38:00
8709,U-4924,add_to_cart,2026-05-23T00:40:00
8710,U-4924,start_checkout,2026-05-23T00:42:00
8711,U-4924,purchase,2026-05-23T00:44:00
8712,U-4925,view_item,2026-05-23T22:14:00
8713,U-4926,view_item,2026-05-23T17:03:00
8714,U-4926,add_to_cart,2026-05-23T17:05:00
8715,U-4926,start_checkout,2026-05-23T17:07:00
8716,U-4927,view_item,2026-05-23T21:39:00
8717,U-4927,add_to_cart,2026-05-23T21:41:00
8718,U-4927,start_checkout,2026-05-23T21:43:00
8719,U-4928,view_item,2026-05-23T13:13:00
8720,U-4929,view_item,2026-05-23T21:35:00
8721,U-4929,add_to_cart,2026-05-23T21:37:00
8722,U-4929,start_checkout,2026-05-23T21:39:00
8723,U-4929,purchase,2026-05-23T21:41:00
8724,U-4930,view_item,2026-05-23T05:13:00
8725,U-4930,add_to_cart,2026-05-23T05:15:00
8726,U-4930,start_checkout,2026-05-23T05:17:00
8727,U-4930,purchase,2026-05-23T05:19:00
8728,U-4931,view_item,2026-05-23T23:17:00
8729,U-4932,view_item,2026-05-23T09:03:00
8730,U-4933,view_item,2026-05-23T01:45:00
8731,U-4933,add_to_cart,2026-05-23T01:47:00
8732,U-4934,view_item,2026-05-23T19:54:00
8733,U-4935,view_item,2026-05-23T18:22:00
8734,U-4935,add_to_cart,2026-05-23T18:24:00
8735,U-4935,start_checkout,2026-05-23T18:26:00
8736,U-4936,view_item,2026-05-23T23:02:00
8737,U-4936,add_to_cart,2026-05-23T23:04:00
8738,U-4936,start_checkout,2026-05-23T23:06:00
8739,U-4936,purchase,2026-05-23T23:08:00
8740,U-4937,view_item,2026-05-23T08:58:00
8741,U-4938,view_item,2026-05-23T14:32:00
8742,U-4938,add_to_cart,2026-05-23T14:34:00
8743,U-4939,view_item,2026-05-23T23:13:00
8744,U-4939,add_to_cart,2026-05-23T23:15:00
8745,U-4939,start_checkout,2026-05-23T23:17:00
8746,U-4939,purchase,2026-05-23T23:19:00
8747,U-4940,view_item,2026-05-23T19:00:00
8748,U-4941,view_item,2026-05-23T21:48:00
8749,U-4942,view_item,2026-05-23T17:49:00
8750,U-4943,view_item,2026-05-23T00:48:00
8751,U-4944,view_item,2026-05-23T06:50:00
8752,U-4945,view_item,2026-05-23T00:29:00
8753,U-4946,view_item,2026-05-23T17:44:00
8754,U-4946,add_to_cart,2026-05-23T17:46:00
8755,U-4946,start_checkout,2026-05-23T17:48:00
8756,U-4946,purchase,2026-05-23T17:50:00
8757,U-4947,view_item,2026-05-23T12:33:00
8758,U-4948,view_item,2026-05-23T14:17:00
8759,U-4949,view_item,2026-05-23T10:47:00
8760,U-4949,add_to_cart,2026-05-23T10:49:00
8761,U-4949,start_checkout,2026-05-23T10:51:00
8762,U-4950,view_item,2026-05-23T04:12:00
8763,U-4951,view_item,2026-05-23T14:18:00
8764,U-4952,view_item,2026-05-23T11:32:00
8765,U-4953,view_item,2026-05-23T03:15:00
8766,U-4953,add_to_cart,2026-05-23T03:17:00
8767,U-4953,start_checkout,2026-05-23T03:19:00
8768,U-4953,purchase,2026-05-23T03:21:00
8769,U-4954,view_item,2026-05-23T06:06:00
8770,U-4955,view_item,2026-05-23T14:49:00
8771,U-4956,view_item,2026-05-23T07:23:00
8772,U-4957,view_item,2026-05-23T07:10:00
8773,U-4958,view_item,2026-05-23T12:46:00
8774,U-4958,add_to_cart,2026-05-23T12:48:00
8775,U-4959,view_item,2026-05-23T10:15:00
8776,U-4960,view_item,2026-05-23T00:00:00
8777,U-4961,view_item,2026-05-23T12:21:00
8778,U-4961,add_to_cart,2026-05-23T12:23:00
8779,U-4962,view_item,2026-05-23T05:00:00
8780,U-4963,view_item,2026-05-23T19:19:00
8781,U-4964,view_item,2026-05-23T15:58:00
8782,U-4965,view_item,2026-05-23T13:44:00
8783,U-4965,add_to_cart,2026-05-23T13:46:00
8784,U-4965,start_checkout,2026-05-23T13:48:00
8785,U-4965,purchase,2026-05-23T13:50:00
8786,U-4966,view_item,2026-05-23T13:42:00
8787,U-4967,view_item,2026-05-23T13:05:00
8788,U-4968,view_item,2026-05-23T10:24:00
8789,U-4969,view_item,2026-05-23T09:10:00
8790,U-4969,add_to_cart,2026-05-23T09:12:00
8791,U-4970,view_item,2026-05-23T21:28:00
8792,U-4970,add_to_cart,2026-05-23T21:30:00
8793,U-4971,view_item,2026-05-23T15:32:00
8794,U-4972,view_item,2026-05-23T04:23:00
8795,U-4973,view_item,2026-05-23T14:28:00
8796,U-4974,view_item,2026-05-23T02:19:00
8797,U-4975,view_item,2026-05-23T03:25:00
8798,U-4976,view_item,2026-05-23T02:39:00
8799,U-4977,view_item,2026-05-23T16:20:00
8800,U-4978,view_item,2026-05-23T21:08:00
8801,U-4978,add_to_cart,2026-05-23T21:10:00
8802,U-4978,start_checkout,2026-05-23T21:12:00
8803,U-4978,purchase,2026-05-23T21:14:00
8804,U-4979,view_item,2026-05-23T09:46:00
8805,U-4979,add_to_cart,2026-05-23T09:48:00
8806,U-4979,start_checkout,2026-05-23T09:50:00
8807,U-4980,view_item,2026-05-23T12:50:00
8808,U-4980,add_to_cart,2026-05-23T12:52:00
8809,U-4981,view_item,2026-05-23T16:55:00
8810,U-4981,add_to_cart,2026-05-23T16:57:00
8811,U-4981,start_checkout,2026-05-23T16:59:00
8812,U-4981,purchase,2026-05-23T17:01:00
8813,U-4982,view_item,2026-05-23T11:02:00
8814,U-4983,view_item,2026-05-23T08:16:00
8815,U-4984,view_item,2026-05-23T02:05:00
8816,U-4985,view_item,2026-05-23T06:52:00
8817,U-4986,view_item,2026-05-23T01:55:00
8818,U-4987,view_item,2026-05-23T02:35:00
8819,U-4988,view_item,2026-05-23T01:02:00
8820,U-4988,add_to_cart,2026-05-23T01:04:00
8821,U-4989,view_item,2026-05-23T21:55:00
8822,U-4990,view_item,2026-05-23T04:11:00
8823,U-4991,view_item,2026-05-23T15:23:00
8824,U-4992,view_item,2026-05-23T23:28:00
8825,U-4992,add_to_cart,2026-05-23T23:30:00
8826,U-4993,view_item,2026-05-23T04:00:00
8827,U-4993,add_to_cart,2026-05-23T04:02:00
8828,U-4993,start_checkout,2026-05-23T04:04:00
8829,U-4994,view_item,2026-05-23T06:33:00
8830,U-4995,view_item,2026-05-23T03:17:00
8831,U-4996,view_item,2026-05-23T01:12:00
8832,U-4997,view_item,2026-05-23T08:52:00
8833,U-4998,view_item,2026-05-23T07:25:00
8834,U-4999,view_item,2026-05-23T17:27:00
8835,U-5000,view_item,2026-05-23T16:13:00
8836,U-5001,view_item,2026-05-23T07:47:00
8837,U-5002,view_item,2026-05-23T01:02:00
8838,U-5002,add_to_cart,2026-05-23T01:04:00
8839,U-5002,start_checkout,2026-05-23T01:06:00
8840,U-5002,purchase,2026-05-23T01:08:00
8841,U-5003,view_item,2026-05-23T23:40:00
8842,U-5004,view_item,2026-05-23T15:34:00
8843,U-5005,view_item,2026-05-23T19:16:00
8844,U-5006,view_item,2026-05-23T03:49:00
8845,U-5006,add_to_cart,2026-05-23T03:51:00
8846,U-5006,start_checkout,2026-05-23T03:53:00
8847,U-5006,purchase,2026-05-23T03:55:00
8848,U-5007,view_item,2026-05-23T10:15:00
8849,U-5008,view_item,2026-05-23T16:52:00
8850,U-5008,add_to_cart,2026-05-23T16:54:00
8851,U-5009,view_item,2026-05-23T20:00:00
8852,U-5010,view_item,2026-05-23T18:13:00
8853,U-5011,view_item,2026-05-23T22:09:00
8854,U-5012,view_item,2026-05-23T23:02:00
8855,U-5013,view_item,2026-05-23T09:09:00
8856,U-5014,view_item,2026-05-23T18:14:00
8857,U-5015,view_item,2026-05-23T10:03:00
8858,U-5016,view_item,2026-05-23T01:58:00
8859,U-5017,view_item,2026-05-23T15:00:00
8860,U-5017,add_to_cart,2026-05-23T15:02:00
8861,U-5017,start_checkout,2026-05-23T15:04:00
8862,U-5018,view_item,2026-05-23T14:13:00
8863,U-5019,view_item,2026-05-23T05:26:00
8864,U-5020,view_item,2026-05-23T04:49:00
8865,U-5020,add_to_cart,2026-05-23T04:51:00
8866,U-5020,start_checkout,2026-05-23T04:53:00
8867,U-5020,purchase,2026-05-23T04:55:00
8868,U-5021,view_item,2026-05-23T10:24:00
8869,U-5021,add_to_cart,2026-05-23T10:26:00
8870,U-5021,start_checkout,2026-05-23T10:28:00
8871,U-5021,purchase,2026-05-23T10:30:00
8872,U-5022,view_item,2026-05-23T15:15:00
8873,U-5023,view_item,2026-05-23T06:00:00
8874,U-5024,view_item,2026-05-23T22:21:00
8875,U-5025,view_item,2026-05-23T22:57:00
8876,U-5025,add_to_cart,2026-05-23T22:59:00
8877,U-5026,view_item,2026-05-23T07:55:00
8878,U-5027,view_item,2026-05-23T08:10:00
8879,U-5028,view_item,2026-05-23T02:24:00
8880,U-5029,view_item,2026-05-23T03:09:00
8881,U-5029,add_to_cart,2026-05-23T03:11:00
8882,U-5030,view_item,2026-05-23T07:40:00
8883,U-5030,add_to_cart,2026-05-23T07:42:00
8884,U-5030,start_checkout,2026-05-23T07:44:00
8885,U-5031,view_item,2026-05-23T14:21:00
8886,U-5031,add_to_cart,2026-05-23T14:23:00
8887,U-5031,start_checkout,2026-05-23T14:25:00
8888,U-5031,purchase,2026-05-23T14:27:00
8889,U-5032,view_item,2026-05-23T23:58:00
8890,U-5032,add_to_cart,2026-05-24T00:00:00
8891,U-5033,view_item,2026-05-23T15:48:00
8892,U-5033,add_to_cart,2026-05-23T15:50:00
8893,U-5034,view_item,2026-05-23T17:04:00
8894,U-5034,add_to_cart,2026-05-23T17:06:00
8895,U-5034,start_checkout,2026-05-23T17:08:00
8896,U-5035,view_item,2026-05-23T13:04:00
8897,U-5035,add_to_cart,2026-05-23T13:06:00
8898,U-5036,view_item,2026-05-23T04:48:00
8899,U-5037,view_item,2026-05-23T22:00:00
8900,U-5037,add_to_cart,2026-05-23T22:02:00
8901,U-5037,start_checkout,2026-05-23T22:04:00
8902,U-5037,purchase,2026-05-23T22:06:00
8903,U-5038,view_item,2026-05-23T07:37:00
8904,U-5038,add_to_cart,2026-05-23T07:39:00
8905,U-5038,start_checkout,2026-05-23T07:41:00
8906,U-5038,purchase,2026-05-23T07:43:00
8907,U-5039,view_item,2026-05-23T06:33:00
8908,U-5040,view_item,2026-05-23T15:25:00
8909,U-5041,view_item,2026-05-23T09:51:00
8910,U-5042,view_item,2026-05-23T15:30:00
8911,U-5042,add_to_cart,2026-05-23T15:32:00
8912,U-5042,start_checkout,2026-05-23T15:34:00
8913,U-5042,purchase,2026-05-23T15:36:00
8914,U-5043,view_item,2026-05-23T00:23:00
8915,U-5044,view_item,2026-05-23T08:23:00
8916,U-5044,add_to_cart,2026-05-23T08:25:00
8917,U-5045,view_item,2026-05-23T01:21:00
8918,U-5046,view_item,2026-05-23T02:03:00
8919,U-5046,add_to_cart,2026-05-23T02:05:00
8920,U-5046,start_checkout,2026-05-23T02:07:00
8921,U-5046,purchase,2026-05-23T02:09:00
8922,U-5047,view_item,2026-05-23T02:57:00
8923,U-5048,view_item,2026-05-23T15:37:00
8924,U-5049,view_item,2026-05-23T00:57:00
8925,U-5050,view_item,2026-05-23T21:43:00
8926,U-5051,view_item,2026-05-23T00:32:00
8927,U-5051,add_to_cart,2026-05-23T00:34:00
8928,U-5051,start_checkout,2026-05-23T00:36:00
8929,U-5051,purchase,2026-05-23T00:38:00
8930,U-5052,view_item,2026-05-23T01:43:00
8931,U-5053,view_item,2026-05-23T07:57:00
8932,U-5054,view_item,2026-05-23T13:37:00
8933,U-5054,add_to_cart,2026-05-23T13:39:00
8934,U-5055,view_item,2026-05-23T03:04:00
8935,U-5056,view_item,2026-05-23T13:23:00
8936,U-5056,add_to_cart,2026-05-23T13:25:00
8937,U-5056,start_checkout,2026-05-23T13:27:00
8938,U-5056,purchase,2026-05-23T13:29:00
8939,U-5057,view_item,2026-05-23T12:59:00
8940,U-5058,view_item,2026-05-23T18:19:00
8941,U-5058,add_to_cart,2026-05-23T18:21:00
8942,U-5059,view_item,2026-05-23T22:04:00
8943,U-5060,view_item,2026-05-23T15:55:00
8944,U-5061,view_item,2026-05-23T15:13:00
8945,U-5062,view_item,2026-05-23T15:42:00
8946,U-5063,view_item,2026-05-23T16:08:00
8947,U-5063,add_to_cart,2026-05-23T16:10:00
8948,U-5064,view_item,2026-05-23T10:28:00
8949,U-5065,view_item,2026-05-23T20:43:00
8950,U-5066,view_item,2026-05-23T14:36:00
8951,U-5067,view_item,2026-05-23T12:33:00
8952,U-5067,add_to_cart,2026-05-23T12:35:00
8953,U-5067,start_checkout,2026-05-23T12:37:00
8954,U-5067,purchase,2026-05-23T12:39:00
8955,U-5068,view_item,2026-05-23T03:02:00
8956,U-5068,add_to_cart,2026-05-23T03:04:00
8957,U-5069,view_item,2026-05-23T20:43:00
8958,U-5070,view_item,2026-05-23T05:27:00
8959,U-5071,view_item,2026-05-23T10:05:00
8960,U-5072,view_item,2026-05-23T04:02:00
8961,U-5073,view_item,2026-05-23T08:28:00
8962,U-5074,view_item,2026-05-23T22:03:00
8963,U-5074,add_to_cart,2026-05-23T22:05:00
8964,U-5074,start_checkout,2026-05-23T22:07:00
8965,U-5075,view_item,2026-05-23T04:07:00
8966,U-5076,view_item,2026-05-23T05:25:00
8967,U-5076,add_to_cart,2026-05-23T05:27:00
8968,U-5077,view_item,2026-05-23T23:09:00
8969,U-5077,add_to_cart,2026-05-23T23:11:00
8970,U-5077,start_checkout,2026-05-23T23:13:00
8971,U-5077,purchase,2026-05-23T23:15:00
8972,U-5078,view_item,2026-05-23T10:49:00
8973,U-5079,view_item,2026-05-23T11:27:00
8974,U-5079,add_to_cart,2026-05-23T11:29:00
8975,U-5079,start_checkout,2026-05-23T11:31:00
8976,U-5079,purchase,2026-05-23T11:33:00
8977,U-5080,view_item,2026-05-23T17:29:00
8978,U-5081,view_item,2026-05-23T05:59:00
8979,U-5082,view_item,2026-05-23T19:02:00
8980,U-5083,view_item,2026-05-23T18:17:00
8981,U-5083,add_to_cart,2026-05-23T18:19:00
8982,U-5084,view_item,2026-05-23T08:06:00
8983,U-5084,add_to_cart,2026-05-23T08:08:00
8984,U-5084,start_checkout,2026-05-23T08:10:00
8985,U-5084,purchase,2026-05-23T08:12:00
8986,U-5085,view_item,2026-05-23T18:15:00
8987,U-5086,view_item,2026-05-23T18:14:00
8988,U-5087,view_item,2026-05-23T17:20:00
8989,U-5087,add_to_cart,2026-05-23T17:22:00
8990,U-5087,start_checkout,2026-05-23T17:24:00
8991,U-5088,view_item,2026-05-24T14:23:00
8992,U-5089,view_item,2026-05-24T05:08:00
8993,U-5090,view_item,2026-05-24T21:03:00
8994,U-5091,view_item,2026-05-24T18:47:00
8995,U-5092,view_item,2026-05-24T00:28:00
8996,U-5092,add_to_cart,2026-05-24T00:30:00
8997,U-5093,view_item,2026-05-24T17:47:00
8998,U-5094,view_item,2026-05-24T07:01:00
8999,U-5094,add_to_cart,2026-05-24T07:03:00
9000,U-5095,view_item,2026-05-24T13:35:00
9001,U-5096,view_item,2026-05-24T08:34:00
9002,U-5097,view_item,2026-05-24T14:52:00
9003,U-5098,view_item,2026-05-24T11:11:00
9004,U-5099,view_item,2026-05-24T09:00:00
9005,U-5099,add_to_cart,2026-05-24T09:02:00
9006,U-5099,start_checkout,2026-05-24T09:04:00
9007,U-5100,view_item,2026-05-24T10:21:00
9008,U-5100,add_to_cart,2026-05-24T10:23:00
9009,U-5101,view_item,2026-05-24T02:37:00
9010,U-5102,view_item,2026-05-24T03:19:00
9011,U-5102,add_to_cart,2026-05-24T03:21:00
9012,U-5103,view_item,2026-05-24T23:39:00
9013,U-5103,add_to_cart,2026-05-24T23:41:00
9014,U-5103,start_checkout,2026-05-24T23:43:00
9015,U-5104,view_item,2026-05-24T12:42:00
9016,U-5105,view_item,2026-05-24T10:42:00
9017,U-5105,add_to_cart,2026-05-24T10:44:00
9018,U-5105,start_checkout,2026-05-24T10:46:00
9019,U-5105,purchase,2026-05-24T10:48:00
9020,U-5106,view_item,2026-05-24T14:20:00
9021,U-5106,add_to_cart,2026-05-24T14:22:00
9022,U-5106,start_checkout,2026-05-24T14:24:00
9023,U-5106,purchase,2026-05-24T14:26:00
9024,U-5107,view_item,2026-05-24T02:46:00
9025,U-5108,view_item,2026-05-24T13:12:00
9026,U-5109,view_item,2026-05-24T02:53:00
9027,U-5110,view_item,2026-05-24T05:59:00
9028,U-5111,view_item,2026-05-24T12:54:00
9029,U-5112,view_item,2026-05-24T13:36:00
9030,U-5112,add_to_cart,2026-05-24T13:38:00
9031,U-5113,view_item,2026-05-24T20:26:00
9032,U-5113,add_to_cart,2026-05-24T20:28:00
9033,U-5113,start_checkout,2026-05-24T20:30:00
9034,U-5113,purchase,2026-05-24T20:32:00
9035,U-5114,view_item,2026-05-24T22:27:00
9036,U-5114,add_to_cart,2026-05-24T22:29:00
9037,U-5114,start_checkout,2026-05-24T22:31:00
9038,U-5114,purchase,2026-05-24T22:33:00
9039,U-5115,view_item,2026-05-24T04:44:00
9040,U-5116,view_item,2026-05-24T16:34:00
9041,U-5117,view_item,2026-05-24T03:43:00
9042,U-5118,view_item,2026-05-24T03:25:00
9043,U-5118,add_to_cart,2026-05-24T03:27:00
9044,U-5118,start_checkout,2026-05-24T03:29:00
9045,U-5119,view_item,2026-05-24T07:01:00
9046,U-5119,add_to_cart,2026-05-24T07:03:00
9047,U-5119,start_checkout,2026-05-24T07:05:00
9048,U-5120,view_item,2026-05-24T12:00:00
9049,U-5120,add_to_cart,2026-05-24T12:02:00
9050,U-5121,view_item,2026-05-24T11:59:00
9051,U-5122,view_item,2026-05-24T03:52:00
9052,U-5122,add_to_cart,2026-05-24T03:54:00
9053,U-5122,start_checkout,2026-05-24T03:56:00
9054,U-5122,purchase,2026-05-24T03:58:00
9055,U-5123,view_item,2026-05-24T11:55:00
9056,U-5124,view_item,2026-05-24T13:32:00
9057,U-5125,view_item,2026-05-24T05:30:00
9058,U-5126,view_item,2026-05-24T11:27:00
9059,U-5127,view_item,2026-05-24T23:15:00
9060,U-5127,add_to_cart,2026-05-24T23:17:00
9061,U-5127,start_checkout,2026-05-24T23:19:00
9062,U-5127,purchase,2026-05-24T23:21:00
9063,U-5128,view_item,2026-05-24T18:51:00
9064,U-5128,add_to_cart,2026-05-24T18:53:00
9065,U-5129,view_item,2026-05-24T06:10:00
9066,U-5129,add_to_cart,2026-05-24T06:12:00
9067,U-5129,start_checkout,2026-05-24T06:14:00
9068,U-5129,purchase,2026-05-24T06:16:00
9069,U-5130,view_item,2026-05-24T08:07:00
9070,U-5131,view_item,2026-05-24T23:27:00
9071,U-5131,add_to_cart,2026-05-24T23:29:00
9072,U-5131,start_checkout,2026-05-24T23:31:00
9073,U-5132,view_item,2026-05-24T13:47:00
9074,U-5133,view_item,2026-05-24T01:18:00
9075,U-5134,view_item,2026-05-24T13:22:00
9076,U-5134,add_to_cart,2026-05-24T13:24:00
9077,U-5135,view_item,2026-05-24T16:53:00
9078,U-5135,add_to_cart,2026-05-24T16:55:00
9079,U-5135,start_checkout,2026-05-24T16:57:00
9080,U-5135,purchase,2026-05-24T16:59:00
9081,U-5136,view_item,2026-05-24T05:15:00
9082,U-5136,add_to_cart,2026-05-24T05:17:00
9083,U-5137,view_item,2026-05-24T10:58:00
9084,U-5138,view_item,2026-05-24T08:38:00
9085,U-5139,view_item,2026-05-24T00:19:00
9086,U-5140,view_item,2026-05-24T18:55:00
9087,U-5141,view_item,2026-05-24T00:43:00
9088,U-5142,view_item,2026-05-24T03:59:00
9089,U-5143,view_item,2026-05-24T19:07:00
9090,U-5144,view_item,2026-05-24T17:37:00
9091,U-5144,add_to_cart,2026-05-24T17:39:00
9092,U-5144,start_checkout,2026-05-24T17:41:00
9093,U-5144,purchase,2026-05-24T17:43:00
9094,U-5145,view_item,2026-05-24T16:59:00
9095,U-5145,add_to_cart,2026-05-24T17:01:00
9096,U-5145,start_checkout,2026-05-24T17:03:00
9097,U-5145,purchase,2026-05-24T17:05:00
9098,U-5146,view_item,2026-05-24T09:20:00
9099,U-5147,view_item,2026-05-24T20:17:00
9100,U-5147,add_to_cart,2026-05-24T20:19:00
9101,U-5147,start_checkout,2026-05-24T20:21:00
9102,U-5147,purchase,2026-05-24T20:23:00
9103,U-5148,view_item,2026-05-24T16:39:00
9104,U-5149,view_item,2026-05-24T02:42:00
9105,U-5149,add_to_cart,2026-05-24T02:44:00
9106,U-5150,view_item,2026-05-24T14:08:00
9107,U-5150,add_to_cart,2026-05-24T14:10:00
9108,U-5151,view_item,2026-05-24T06:41:00
9109,U-5151,add_to_cart,2026-05-24T06:43:00
9110,U-5151,start_checkout,2026-05-24T06:45:00
9111,U-5151,purchase,2026-05-24T06:47:00
9112,U-5152,view_item,2026-05-24T14:34:00
9113,U-5152,add_to_cart,2026-05-24T14:36:00
9114,U-5153,view_item,2026-05-24T15:51:00
9115,U-5154,view_item,2026-05-24T17:42:00
9116,U-5155,view_item,2026-05-24T21:07:00
9117,U-5156,view_item,2026-05-24T01:04:00
9118,U-5157,view_item,2026-05-24T16:43:00
9119,U-5158,view_item,2026-05-24T11:34:00
9120,U-5158,add_to_cart,2026-05-24T11:36:00
9121,U-5159,view_item,2026-05-24T15:55:00
9122,U-5159,add_to_cart,2026-05-24T15:57:00
9123,U-5159,start_checkout,2026-05-24T15:59:00
9124,U-5159,purchase,2026-05-24T16:01:00
9125,U-5160,view_item,2026-05-24T07:48:00
9126,U-5160,add_to_cart,2026-05-24T07:50:00
9127,U-5160,start_checkout,2026-05-24T07:52:00
9128,U-5160,purchase,2026-05-24T07:54:00
9129,U-5161,view_item,2026-05-24T00:33:00
9130,U-5161,add_to_cart,2026-05-24T00:35:00
9131,U-5162,view_item,2026-05-24T02:00:00
9132,U-5163,view_item,2026-05-24T09:36:00
9133,U-5164,view_item,2026-05-24T08:59:00
9134,U-5164,add_to_cart,2026-05-24T09:01:00
9135,U-5164,start_checkout,2026-05-24T09:03:00
9136,U-5164,purchase,2026-05-24T09:05:00
9137,U-5165,view_item,2026-05-24T03:31:00
9138,U-5166,view_item,2026-05-24T02:40:00
9139,U-5167,view_item,2026-05-24T16:04:00
9140,U-5167,add_to_cart,2026-05-24T16:06:00
9141,U-5168,view_item,2026-05-24T22:17:00
9142,U-5169,view_item,2026-05-24T06:56:00
9143,U-5170,view_item,2026-05-24T18:58:00
9144,U-5171,view_item,2026-05-24T07:04:00
9145,U-5172,view_item,2026-05-24T16:50:00
9146,U-5172,add_to_cart,2026-05-24T16:52:00
9147,U-5173,view_item,2026-05-24T11:46:00
9148,U-5173,add_to_cart,2026-05-24T11:48:00
9149,U-5173,start_checkout,2026-05-24T11:50:00
9150,U-5174,view_item,2026-05-24T06:36:00
9151,U-5174,add_to_cart,2026-05-24T06:38:00
9152,U-5175,view_item,2026-05-24T10:29:00
9153,U-5175,add_to_cart,2026-05-24T10:31:00
9154,U-5175,start_checkout,2026-05-24T10:33:00
9155,U-5176,view_item,2026-05-24T05:02:00
9156,U-5177,view_item,2026-05-24T02:45:00
9157,U-5178,view_item,2026-05-24T05:42:00
9158,U-5179,view_item,2026-05-24T11:51:00
9159,U-5180,view_item,2026-05-24T01:36:00
9160,U-5180,add_to_cart,2026-05-24T01:38:00
9161,U-5180,start_checkout,2026-05-24T01:40:00
9162,U-5180,purchase,2026-05-24T01:42:00
9163,U-5181,view_item,2026-05-24T21:51:00
9164,U-5182,view_item,2026-05-24T02:49:00
9165,U-5182,add_to_cart,2026-05-24T02:51:00
9166,U-5183,view_item,2026-05-24T19:35:00
9167,U-5183,add_to_cart,2026-05-24T19:37:00
9168,U-5183,start_checkout,2026-05-24T19:39:00
9169,U-5183,purchase,2026-05-24T19:41:00
9170,U-5184,view_item,2026-05-24T12:26:00
9171,U-5185,view_item,2026-05-24T08:32:00
9172,U-5185,add_to_cart,2026-05-24T08:34:00
9173,U-5186,view_item,2026-05-24T20:31:00
9174,U-5186,add_to_cart,2026-05-24T20:33:00
9175,U-5186,start_checkout,2026-05-24T20:35:00
9176,U-5187,view_item,2026-05-24T22:54:00
9177,U-5187,add_to_cart,2026-05-24T22:56:00
9178,U-5188,view_item,2026-05-24T18:02:00
9179,U-5188,add_to_cart,2026-05-24T18:04:00
9180,U-5189,view_item,2026-05-24T13:59:00
9181,U-5190,view_item,2026-05-24T14:05:00
9182,U-5190,add_to_cart,2026-05-24T14:07:00
9183,U-5191,view_item,2026-05-24T04:14:00
9184,U-5192,view_item,2026-05-24T19:06:00
9185,U-5192,add_to_cart,2026-05-24T19:08:00
9186,U-5192,start_checkout,2026-05-24T19:10:00
9187,U-5193,view_item,2026-05-24T09:04:00
9188,U-5193,add_to_cart,2026-05-24T09:06:00
9189,U-5193,start_checkout,2026-05-24T09:08:00
9190,U-5193,purchase,2026-05-24T09:10:00
9191,U-5194,view_item,2026-05-24T22:50:00
9192,U-5195,view_item,2026-05-24T11:10:00
9193,U-5196,view_item,2026-05-24T09:05:00
9194,U-5197,view_item,2026-05-24T03:56:00
9195,U-5198,view_item,2026-05-24T14:23:00
9196,U-5198,add_to_cart,2026-05-24T14:25:00
9197,U-5198,start_checkout,2026-05-24T14:27:00
9198,U-5198,purchase,2026-05-24T14:29:00
9199,U-5199,view_item,2026-05-24T13:05:00
9200,U-5199,add_to_cart,2026-05-24T13:07:00
9201,U-5200,view_item,2026-05-24T03:29:00
9202,U-5200,add_to_cart,2026-05-24T03:31:00
9203,U-5201,view_item,2026-05-24T08:56:00
9204,U-5201,add_to_cart,2026-05-24T08:58:00
9205,U-5201,start_checkout,2026-05-24T09:00:00
9206,U-5202,view_item,2026-05-24T13:09:00
9207,U-5203,view_item,2026-05-24T10:21:00
9208,U-5203,add_to_cart,2026-05-24T10:23:00
9209,U-5204,view_item,2026-05-24T15:11:00
9210,U-5204,add_to_cart,2026-05-24T15:13:00
9211,U-5204,start_checkout,2026-05-24T15:15:00
9212,U-5205,view_item,2026-05-24T19:34:00
9213,U-5206,view_item,2026-05-24T09:57:00
9214,U-5207,view_item,2026-05-24T09:21:00
9215,U-5208,view_item,2026-05-24T07:56:00
9216,U-5209,view_item,2026-05-24T23:10:00
9217,U-5210,view_item,2026-05-24T18:14:00
9218,U-5211,view_item,2026-05-24T17:24:00
9219,U-5212,view_item,2026-05-24T15:13:00
9220,U-5212,add_to_cart,2026-05-24T15:15:00
9221,U-5213,view_item,2026-05-24T14:43:00
9222,U-5213,add_to_cart,2026-05-24T14:45:00
9223,U-5214,view_item,2026-05-24T16:37:00
9224,U-5215,view_item,2026-05-24T15:31:00
9225,U-5215,add_to_cart,2026-05-24T15:33:00
9226,U-5215,start_checkout,2026-05-24T15:35:00
9227,U-5215,purchase,2026-05-24T15:37:00
9228,U-5216,view_item,2026-05-24T18:25:00
9229,U-5217,view_item,2026-05-24T16:12:00
9230,U-5218,view_item,2026-05-24T13:28:00
9231,U-5219,view_item,2026-05-24T06:03:00
9232,U-5220,view_item,2026-05-24T21:38:00
9233,U-5221,view_item,2026-05-24T20:25:00
9234,U-5222,view_item,2026-05-24T03:28:00
9235,U-5222,add_to_cart,2026-05-24T03:30:00
9236,U-5223,view_item,2026-05-24T07:40:00
9237,U-5224,view_item,2026-05-24T02:06:00
9238,U-5225,view_item,2026-05-24T03:02:00
9239,U-5226,view_item,2026-05-24T13:44:00
9240,U-5227,view_item,2026-05-24T03:33:00
9241,U-5228,view_item,2026-05-24T09:26:00
9242,U-5228,add_to_cart,2026-05-24T09:28:00
9243,U-5228,start_checkout,2026-05-24T09:30:00
9244,U-5229,view_item,2026-05-24T23:34:00
9245,U-5230,view_item,2026-05-24T22:04:00
9246,U-5231,view_item,2026-05-24T10:25:00
9247,U-5231,add_to_cart,2026-05-24T10:27:00
9248,U-5232,view_item,2026-05-24T02:11:00
9249,U-5232,add_to_cart,2026-05-24T02:13:00
9250,U-5232,start_checkout,2026-05-24T02:15:00
9251,U-5232,purchase,2026-05-24T02:17:00
9252,U-5233,view_item,2026-05-24T20:37:00
9253,U-5234,view_item,2026-05-24T11:52:00
9254,U-5234,add_to_cart,2026-05-24T11:54:00
9255,U-5235,view_item,2026-05-24T08:14:00
9256,U-5235,add_to_cart,2026-05-24T08:16:00
9257,U-5236,view_item,2026-05-24T14:14:00
9258,U-5237,view_item,2026-05-24T13:25:00
9259,U-5238,view_item,2026-05-24T19:21:00
9260,U-5239,view_item,2026-05-24T16:40:00
9261,U-5240,view_item,2026-05-24T06:20:00
9262,U-5241,view_item,2026-05-24T10:27:00
9263,U-5242,view_item,2026-05-24T22:53:00
9264,U-5243,view_item,2026-05-24T10:50:00
9265,U-5243,add_to_cart,2026-05-24T10:52:00
9266,U-5244,view_item,2026-05-24T21:19:00
9267,U-5245,view_item,2026-05-24T03:11:00
9268,U-5246,view_item,2026-05-24T14:04:00
9269,U-5247,view_item,2026-05-24T01:10:00
9270,U-5247,add_to_cart,2026-05-24T01:12:00
9271,U-5248,view_item,2026-05-24T01:27:00
9272,U-5249,view_item,2026-05-24T22:27:00
9273,U-5250,view_item,2026-05-24T08:50:00
9274,U-5251,view_item,2026-05-24T22:03:00
9275,U-5252,view_item,2026-05-24T11:45:00
9276,U-5253,view_item,2026-05-24T03:50:00
9277,U-5254,view_item,2026-05-24T14:39:00
9278,U-5255,view_item,2026-05-24T07:16:00
9279,U-5256,view_item,2026-05-24T08:38:00
9280,U-5256,add_to_cart,2026-05-24T08:40:00
9281,U-5257,view_item,2026-05-24T21:48:00
9282,U-5258,view_item,2026-05-24T12:19:00
9283,U-5259,view_item,2026-05-24T00:19:00
9284,U-5260,view_item,2026-05-24T10:34:00
9285,U-5261,view_item,2026-05-24T06:35:00
9286,U-5261,add_to_cart,2026-05-24T06:37:00
9287,U-5262,view_item,2026-05-24T14:22:00
9288,U-5263,view_item,2026-05-24T20:47:00
9289,U-5264,view_item,2026-05-24T03:14:00
9290,U-5264,add_to_cart,2026-05-24T03:16:00
9291,U-5265,view_item,2026-05-24T09:38:00
9292,U-5265,add_to_cart,2026-05-24T09:40:00
9293,U-5265,start_checkout,2026-05-24T09:42:00
9294,U-5265,purchase,2026-05-24T09:44:00
9295,U-5266,view_item,2026-05-24T11:17:00
9296,U-5267,view_item,2026-05-24T15:45:00
9297,U-5267,add_to_cart,2026-05-24T15:47:00
9298,U-5267,start_checkout,2026-05-24T15:49:00
9299,U-5267,purchase,2026-05-24T15:51:00
9300,U-5268,view_item,2026-05-24T18:35:00
9301,U-5268,add_to_cart,2026-05-24T18:37:00
9302,U-5269,view_item,2026-05-24T03:50:00
9303,U-5270,view_item,2026-05-24T04:16:00
9304,U-5271,view_item,2026-05-24T01:16:00
9305,U-5272,view_item,2026-05-24T19:12:00
9306,U-5272,add_to_cart,2026-05-24T19:14:00
9307,U-5273,view_item,2026-05-24T09:26:00
9308,U-5273,add_to_cart,2026-05-24T09:28:00
9309,U-5274,view_item,2026-05-24T05:26:00
9310,U-5275,view_item,2026-05-24T19:18:00
9311,U-5275,add_to_cart,2026-05-24T19:20:00
9312,U-5275,start_checkout,2026-05-24T19:22:00
9313,U-5276,view_item,2026-05-24T23:14:00
9314,U-5276,add_to_cart,2026-05-24T23:16:00
9315,U-5277,view_item,2026-05-24T11:24:00
9316,U-5277,add_to_cart,2026-05-24T11:26:00
9317,U-5278,view_item,2026-05-24T16:00:00
9318,U-5279,view_item,2026-05-24T22:40:00
9319,U-5280,view_item,2026-05-24T10:25:00
9320,U-5281,view_item,2026-05-24T23:03:00
9321,U-5281,add_to_cart,2026-05-24T23:05:00
9322,U-5282,view_item,2026-05-24T05:31:00
9323,U-5282,add_to_cart,2026-05-24T05:33:00
9324,U-5283,view_item,2026-05-24T01:25:00
9325,U-5283,add_to_cart,2026-05-24T01:27:00
9326,U-5283,start_checkout,2026-05-24T01:29:00
9327,U-5284,view_item,2026-05-24T07:20:00
9328,U-5285,view_item,2026-05-24T06:51:00
9329,U-5285,add_to_cart,2026-05-24T06:53:00
9330,U-5286,view_item,2026-05-24T00:18:00
9331,U-5286,add_to_cart,2026-05-24T00:20:00
9332,U-5287,view_item,2026-05-24T21:29:00
9333,U-5287,add_to_cart,2026-05-24T21:31:00
9334,U-5287,start_checkout,2026-05-24T21:33:00
9335,U-5287,purchase,2026-05-24T21:35:00
9336,U-5288,view_item,2026-05-24T16:07:00
9337,U-5288,add_to_cart,2026-05-24T16:09:00
9338,U-5289,view_item,2026-05-24T04:57:00
9339,U-5290,view_item,2026-05-24T17:42:00
9340,U-5291,view_item,2026-05-25T21:24:00
9341,U-5291,add_to_cart,2026-05-25T21:26:00
9342,U-5291,start_checkout,2026-05-25T21:28:00
9343,U-5291,purchase,2026-05-25T21:30:00
9344,U-5292,view_item,2026-05-25T10:25:00
9345,U-5293,view_item,2026-05-25T23:23:00
9346,U-5293,add_to_cart,2026-05-25T23:25:00
9347,U-5293,start_checkout,2026-05-25T23:27:00
9348,U-5294,view_item,2026-05-25T06:25:00
9349,U-5295,view_item,2026-05-25T15:46:00
9350,U-5296,view_item,2026-05-25T17:20:00
9351,U-5296,add_to_cart,2026-05-25T17:22:00
9352,U-5296,start_checkout,2026-05-25T17:24:00
9353,U-5297,view_item,2026-05-25T21:36:00
9354,U-5298,view_item,2026-05-25T18:06:00
9355,U-5298,add_to_cart,2026-05-25T18:08:00
9356,U-5298,start_checkout,2026-05-25T18:10:00
9357,U-5298,purchase,2026-05-25T18:12:00
9358,U-5299,view_item,2026-05-25T07:46:00
9359,U-5299,add_to_cart,2026-05-25T07:48:00
9360,U-5300,view_item,2026-05-25T02:43:00
9361,U-5301,view_item,2026-05-25T09:24:00
9362,U-5302,view_item,2026-05-25T17:41:00
9363,U-5303,view_item,2026-05-25T14:05:00
9364,U-5303,add_to_cart,2026-05-25T14:07:00
9365,U-5303,start_checkout,2026-05-25T14:09:00
9366,U-5303,purchase,2026-05-25T14:11:00
9367,U-5304,view_item,2026-05-25T23:06:00
9368,U-5305,view_item,2026-05-25T19:39:00
9369,U-5305,add_to_cart,2026-05-25T19:41:00
9370,U-5305,start_checkout,2026-05-25T19:43:00
9371,U-5306,view_item,2026-05-25T02:27:00
9372,U-5307,view_item,2026-05-25T21:54:00
9373,U-5308,view_item,2026-05-25T18:52:00
9374,U-5309,view_item,2026-05-25T15:26:00
9375,U-5310,view_item,2026-05-25T02:01:00
9376,U-5311,view_item,2026-05-25T12:58:00
9377,U-5312,view_item,2026-05-25T05:21:00
9378,U-5313,view_item,2026-05-25T11:18:00
9379,U-5314,view_item,2026-05-25T20:17:00
9380,U-5314,add_to_cart,2026-05-25T20:19:00
9381,U-5314,start_checkout,2026-05-25T20:21:00
9382,U-5314,purchase,2026-05-25T20:23:00
9383,U-5315,view_item,2026-05-25T07:24:00
9384,U-5316,view_item,2026-05-25T20:58:00
9385,U-5317,view_item,2026-05-25T12:12:00
9386,U-5318,view_item,2026-05-25T20:21:00
9387,U-5318,add_to_cart,2026-05-25T20:23:00
9388,U-5318,start_checkout,2026-05-25T20:25:00
9389,U-5318,purchase,2026-05-25T20:27:00
9390,U-5319,view_item,2026-05-25T06:43:00
9391,U-5319,add_to_cart,2026-05-25T06:45:00
9392,U-5320,view_item,2026-05-25T18:25:00
9393,U-5321,view_item,2026-05-25T17:03:00
9394,U-5322,view_item,2026-05-25T07:29:00
9395,U-5323,view_item,2026-05-25T01:59:00
9396,U-5323,add_to_cart,2026-05-25T02:01:00
9397,U-5323,start_checkout,2026-05-25T02:03:00
9398,U-5323,purchase,2026-05-25T02:05:00
9399,U-5324,view_item,2026-05-25T17:35:00
9400,U-5325,view_item,2026-05-25T22:59:00
9401,U-5326,view_item,2026-05-25T18:15:00
9402,U-5327,view_item,2026-05-25T09:40:00
9403,U-5328,view_item,2026-05-25T02:05:00
9404,U-5328,add_to_cart,2026-05-25T02:07:00
9405,U-5328,start_checkout,2026-05-25T02:09:00
9406,U-5329,view_item,2026-05-25T01:16:00
9407,U-5330,view_item,2026-05-25T21:44:00
9408,U-5331,view_item,2026-05-25T05:27:00
9409,U-5331,add_to_cart,2026-05-25T05:29:00
9410,U-5331,start_checkout,2026-05-25T05:31:00
9411,U-5331,purchase,2026-05-25T05:33:00
9412,U-5332,view_item,2026-05-25T04:55:00
9413,U-5333,view_item,2026-05-25T05:21:00
9414,U-5334,view_item,2026-05-25T02:37:00
9415,U-5335,view_item,2026-05-25T08:51:00
9416,U-5335,add_to_cart,2026-05-25T08:53:00
9417,U-5335,start_checkout,2026-05-25T08:55:00
9418,U-5336,view_item,2026-05-25T17:21:00
9419,U-5337,view_item,2026-05-25T19:13:00
9420,U-5337,add_to_cart,2026-05-25T19:15:00
9421,U-5338,view_item,2026-05-25T06:29:00
9422,U-5339,view_item,2026-05-25T14:29:00
9423,U-5340,view_item,2026-05-25T04:49:00
9424,U-5341,view_item,2026-05-25T02:08:00
9425,U-5341,add_to_cart,2026-05-25T02:10:00
9426,U-5342,view_item,2026-05-25T03:01:00
9427,U-5343,view_item,2026-05-25T08:50:00
9428,U-5344,view_item,2026-05-25T04:35:00
9429,U-5345,view_item,2026-05-25T00:39:00
9430,U-5345,add_to_cart,2026-05-25T00:41:00
9431,U-5345,start_checkout,2026-05-25T00:43:00
9432,U-5345,purchase,2026-05-25T00:45:00
9433,U-5346,view_item,2026-05-25T15:19:00
9434,U-5347,view_item,2026-05-25T01:06:00
9435,U-5348,view_item,2026-05-25T14:57:00
9436,U-5348,add_to_cart,2026-05-25T14:59:00
9437,U-5349,view_item,2026-05-25T22:11:00
9438,U-5350,view_item,2026-05-25T11:38:00
9439,U-5350,add_to_cart,2026-05-25T11:40:00
9440,U-5351,view_item,2026-05-25T17:44:00
9441,U-5351,add_to_cart,2026-05-25T17:46:00
9442,U-5352,view_item,2026-05-25T00:51:00
9443,U-5352,add_to_cart,2026-05-25T00:53:00
9444,U-5352,start_checkout,2026-05-25T00:55:00
9445,U-5353,view_item,2026-05-25T00:47:00
9446,U-5354,view_item,2026-05-25T06:22:00
9447,U-5355,view_item,2026-05-25T23:41:00
9448,U-5355,add_to_cart,2026-05-25T23:43:00
9449,U-5356,view_item,2026-05-25T17:54:00
9450,U-5357,view_item,2026-05-25T09:24:00
9451,U-5358,view_item,2026-05-25T08:24:00
9452,U-5359,view_item,2026-05-25T01:29:00
9453,U-5359,add_to_cart,2026-05-25T01:31:00
9454,U-5360,view_item,2026-05-25T03:31:00
9455,U-5361,view_item,2026-05-25T23:59:00
9456,U-5361,add_to_cart,2026-05-26T00:01:00
9457,U-5361,start_checkout,2026-05-26T00:03:00
9458,U-5362,view_item,2026-05-25T19:05:00
9459,U-5363,view_item,2026-05-25T22:32:00
9460,U-5364,view_item,2026-05-25T02:16:00
9461,U-5364,add_to_cart,2026-05-25T02:18:00
9462,U-5364,start_checkout,2026-05-25T02:20:00
9463,U-5364,purchase,2026-05-25T02:22:00
9464,U-5365,view_item,2026-05-25T22:52:00
9465,U-5366,view_item,2026-05-25T06:41:00
9466,U-5366,add_to_cart,2026-05-25T06:43:00
9467,U-5366,start_checkout,2026-05-25T06:45:00
9468,U-5366,purchase,2026-05-25T06:47:00
9469,U-5367,view_item,2026-05-25T13:22:00
9470,U-5368,view_item,2026-05-25T19:52:00
9471,U-5368,add_to_cart,2026-05-25T19:54:00
9472,U-5368,start_checkout,2026-05-25T19:56:00
9473,U-5369,view_item,2026-05-25T18:54:00
9474,U-5370,view_item,2026-05-25T03:24:00
9475,U-5371,view_item,2026-05-25T05:52:00
9476,U-5371,add_to_cart,2026-05-25T05:54:00
9477,U-5371,start_checkout,2026-05-25T05:56:00
9478,U-5371,purchase,2026-05-25T05:58:00
9479,U-5372,view_item,2026-05-25T21:08:00
9480,U-5372,add_to_cart,2026-05-25T21:10:00
9481,U-5372,start_checkout,2026-05-25T21:12:00
9482,U-5373,view_item,2026-05-25T18:54:00
9483,U-5373,add_to_cart,2026-05-25T18:56:00
9484,U-5373,start_checkout,2026-05-25T18:58:00
9485,U-5373,purchase,2026-05-25T19:00:00
9486,U-5374,view_item,2026-05-25T05:58:00
9487,U-5375,view_item,2026-05-25T22:32:00
9488,U-5376,view_item,2026-05-25T01:38:00
9489,U-5377,view_item,2026-05-25T01:12:00
9490,U-5378,view_item,2026-05-25T05:06:00
9491,U-5378,add_to_cart,2026-05-25T05:08:00
9492,U-5378,start_checkout,2026-05-25T05:10:00
9493,U-5379,view_item,2026-05-25T07:58:00
9494,U-5379,add_to_cart,2026-05-25T08:00:00
9495,U-5379,start_checkout,2026-05-25T08:02:00
9496,U-5379,purchase,2026-05-25T08:04:00
9497,U-5380,view_item,2026-05-25T21:24:00
9498,U-5381,view_item,2026-05-25T13:26:00
9499,U-5381,add_to_cart,2026-05-25T13:28:00
9500,U-5382,view_item,2026-05-25T16:21:00
9501,U-5383,view_item,2026-05-25T23:30:00
9502,U-5384,view_item,2026-05-25T02:19:00
9503,U-5385,view_item,2026-05-25T19:08:00
9504,U-5386,view_item,2026-05-25T07:30:00
9505,U-5387,view_item,2026-05-25T14:13:00
9506,U-5387,add_to_cart,2026-05-25T14:15:00
9507,U-5388,view_item,2026-05-25T23:14:00
9508,U-5389,view_item,2026-05-25T18:31:00
9509,U-5389,add_to_cart,2026-05-25T18:33:00
9510,U-5389,start_checkout,2026-05-25T18:35:00
9511,U-5390,view_item,2026-05-25T23:42:00
9512,U-5390,add_to_cart,2026-05-25T23:44:00
9513,U-5390,start_checkout,2026-05-25T23:46:00
9514,U-5390,purchase,2026-05-25T23:48:00
9515,U-5391,view_item,2026-05-25T21:52:00
9516,U-5392,view_item,2026-05-25T12:38:00
9517,U-5392,add_to_cart,2026-05-25T12:40:00
9518,U-5393,view_item,2026-05-25T21:13:00
9519,U-5394,view_item,2026-05-25T06:47:00
9520,U-5394,add_to_cart,2026-05-25T06:49:00
9521,U-5394,start_checkout,2026-05-25T06:51:00
9522,U-5395,view_item,2026-05-25T14:25:00
9523,U-5395,add_to_cart,2026-05-25T14:27:00
9524,U-5395,start_checkout,2026-05-25T14:29:00
9525,U-5395,purchase,2026-05-25T14:31:00
9526,U-5396,view_item,2026-05-25T18:43:00
9527,U-5397,view_item,2026-05-25T05:40:00
9528,U-5398,view_item,2026-05-25T06:57:00
9529,U-5398,add_to_cart,2026-05-25T06:59:00
9530,U-5399,view_item,2026-05-25T11:25:00
9531,U-5399,add_to_cart,2026-05-25T11:27:00
9532,U-5400,view_item,2026-05-25T09:09:00
9533,U-5400,add_to_cart,2026-05-25T09:11:00
9534,U-5401,view_item,2026-05-25T19:37:00
9535,U-5401,add_to_cart,2026-05-25T19:39:00
9536,U-5402,view_item,2026-05-25T02:28:00
9537,U-5403,view_item,2026-05-25T01:46:00
9538,U-5404,view_item,2026-05-25T04:32:00
9539,U-5404,add_to_cart,2026-05-25T04:34:00
9540,U-5405,view_item,2026-05-25T22:10:00
9541,U-5406,view_item,2026-05-25T01:11:00
9542,U-5406,add_to_cart,2026-05-25T01:13:00
9543,U-5407,view_item,2026-05-25T20:15:00
9544,U-5408,view_item,2026-05-25T22:27:00
9545,U-5408,add_to_cart,2026-05-25T22:29:00
9546,U-5408,start_checkout,2026-05-25T22:31:00
9547,U-5408,purchase,2026-05-25T22:33:00
9548,U-5409,view_item,2026-05-25T19:25:00
9549,U-5409,add_to_cart,2026-05-25T19:27:00
9550,U-5410,view_item,2026-05-25T20:58:00
9551,U-5410,add_to_cart,2026-05-25T21:00:00
9552,U-5411,view_item,2026-05-25T00:05:00
9553,U-5412,view_item,2026-05-25T12:12:00
9554,U-5413,view_item,2026-05-25T10:58:00
9555,U-5414,view_item,2026-05-25T23:16:00
9556,U-5415,view_item,2026-05-25T00:12:00
9557,U-5416,view_item,2026-05-25T15:14:00
9558,U-5416,add_to_cart,2026-05-25T15:16:00
9559,U-5417,view_item,2026-05-25T21:29:00
9560,U-5417,add_to_cart,2026-05-25T21:31:00
9561,U-5417,start_checkout,2026-05-25T21:33:00
9562,U-5418,view_item,2026-05-25T16:48:00
9563,U-5418,add_to_cart,2026-05-25T16:50:00
9564,U-5419,view_item,2026-05-25T11:58:00
9565,U-5419,add_to_cart,2026-05-25T12:00:00
9566,U-5419,start_checkout,2026-05-25T12:02:00
9567,U-5419,purchase,2026-05-25T12:04:00
9568,U-5420,view_item,2026-05-25T17:13:00
9569,U-5420,add_to_cart,2026-05-25T17:15:00
9570,U-5421,view_item,2026-05-25T11:27:00
9571,U-5422,view_item,2026-05-25T17:51:00
9572,U-5422,add_to_cart,2026-05-25T17:53:00
9573,U-5423,view_item,2026-05-25T09:53:00
9574,U-5424,view_item,2026-05-25T07:32:00
9575,U-5424,add_to_cart,2026-05-25T07:34:00
9576,U-5425,view_item,2026-05-25T04:08:00
9577,U-5425,add_to_cart,2026-05-25T04:10:00
9578,U-5426,view_item,2026-05-25T13:10:00
9579,U-5426,add_to_cart,2026-05-25T13:12:00
9580,U-5426,start_checkout,2026-05-25T13:14:00
9581,U-5427,view_item,2026-05-25T04:51:00
9582,U-5427,add_to_cart,2026-05-25T04:53:00
9583,U-5427,start_checkout,2026-05-25T04:55:00
9584,U-5427,purchase,2026-05-25T04:57:00
9585,U-5428,view_item,2026-05-25T12:20:00
9586,U-5429,view_item,2026-05-25T14:09:00
9587,U-5429,add_to_cart,2026-05-25T14:11:00
9588,U-5429,start_checkout,2026-05-25T14:13:00
9589,U-5430,view_item,2026-05-25T13:40:00
9590,U-5431,view_item,2026-05-25T06:23:00
9591,U-5432,view_item,2026-05-25T01:39:00
9592,U-5432,add_to_cart,2026-05-25T01:41:00
9593,U-5432,start_checkout,2026-05-25T01:43:00
9594,U-5433,view_item,2026-05-25T06:07:00
9595,U-5433,add_to_cart,2026-05-25T06:09:00
9596,U-5434,view_item,2026-05-25T21:29:00
9597,U-5435,view_item,2026-05-25T09:34:00
9598,U-5436,view_item,2026-05-25T18:37:00
9599,U-5437,view_item,2026-05-25T23:12:00
9600,U-5437,add_to_cart,2026-05-25T23:14:00
9601,U-5437,start_checkout,2026-05-25T23:16:00
9602,U-5437,purchase,2026-05-25T23:18:00
9603,U-5438,view_item,2026-05-25T22:43:00
9604,U-5439,view_item,2026-05-25T22:46:00
9605,U-5440,view_item,2026-05-25T01:59:00
9606,U-5441,view_item,2026-05-25T08:14:00
9607,U-5441,add_to_cart,2026-05-25T08:16:00
9608,U-5441,start_checkout,2026-05-25T08:18:00
9609,U-5442,view_item,2026-05-25T07:29:00
9610,U-5442,add_to_cart,2026-05-25T07:31:00
9611,U-5442,start_checkout,2026-05-25T07:33:00
9612,U-5442,purchase,2026-05-25T07:35:00
9613,U-5443,view_item,2026-05-25T11:00:00
9614,U-5444,view_item,2026-05-25T22:34:00
9615,U-5444,add_to_cart,2026-05-25T22:36:00
9616,U-5445,view_item,2026-05-25T06:09:00
9617,U-5446,view_item,2026-05-25T20:16:00
9618,U-5447,view_item,2026-05-25T14:26:00
9619,U-5448,view_item,2026-05-25T01:40:00
9620,U-5449,view_item,2026-05-25T12:12:00
9621,U-5449,add_to_cart,2026-05-25T12:14:00
9622,U-5449,start_checkout,2026-05-25T12:16:00
9623,U-5449,purchase,2026-05-25T12:18:00
9624,U-5450,view_item,2026-05-25T07:26:00
9625,U-5450,add_to_cart,2026-05-25T07:28:00
9626,U-5451,view_item,2026-05-25T22:25:00
9627,U-5451,add_to_cart,2026-05-25T22:27:00
9628,U-5451,start_checkout,2026-05-25T22:29:00
9629,U-5451,purchase,2026-05-25T22:31:00
9630,U-5452,view_item,2026-05-25T19:40:00
9631,U-5452,add_to_cart,2026-05-25T19:42:00
9632,U-5453,view_item,2026-05-25T17:09:00
9633,U-5454,view_item,2026-05-25T15:13:00
9634,U-5455,view_item,2026-05-25T17:26:00
9635,U-5456,view_item,2026-05-25T04:51:00
9636,U-5457,view_item,2026-05-25T01:26:00
9637,U-5457,add_to_cart,2026-05-25T01:28:00
9638,U-5457,start_checkout,2026-05-25T01:30:00
9639,U-5458,view_item,2026-05-25T11:50:00
9640,U-5459,view_item,2026-05-25T12:05:00
9641,U-5459,add_to_cart,2026-05-25T12:07:00
9642,U-5460,view_item,2026-05-25T07:38:00
9643,U-5461,view_item,2026-05-25T19:18:00
9644,U-5461,add_to_cart,2026-05-25T19:20:00
9645,U-5461,start_checkout,2026-05-25T19:22:00
9646,U-5462,view_item,2026-05-25T13:24:00
9647,U-5463,view_item,2026-05-25T05:00:00
9648,U-5464,view_item,2026-05-25T00:14:00
9649,U-5465,view_item,2026-05-25T23:01:00
9650,U-5465,add_to_cart,2026-05-25T23:03:00
9651,U-5466,view_item,2026-05-25T15:39:00
9652,U-5467,view_item,2026-05-25T11:25:00
9653,U-5467,add_to_cart,2026-05-25T11:27:00
9654,U-5467,start_checkout,2026-05-25T11:29:00
9655,U-5467,purchase,2026-05-25T11:31:00
9656,U-5468,view_item,2026-05-25T08:55:00
9657,U-5469,view_item,2026-05-25T01:42:00
9658,U-5469,add_to_cart,2026-05-25T01:44:00
9659,U-5470,view_item,2026-05-25T23:24:00
9660,U-5470,add_to_cart,2026-05-25T23:26:00
9661,U-5471,view_item,2026-05-25T15:14:00
9662,U-5471,add_to_cart,2026-05-25T15:16:00
9663,U-5471,start_checkout,2026-05-25T15:18:00
9664,U-5472,view_item,2026-05-25T16:16:00
9665,U-5472,add_to_cart,2026-05-25T16:18:00
9666,U-5473,view_item,2026-05-25T02:06:00
9667,U-5473,add_to_cart,2026-05-25T02:08:00
9668,U-5474,view_item,2026-05-25T04:53:00
9669,U-5475,view_item,2026-05-25T07:55:00
9670,U-5475,add_to_cart,2026-05-25T07:57:00
9671,U-5475,start_checkout,2026-05-25T07:59:00
9672,U-5475,purchase,2026-05-25T08:01:00
9673,U-5476,view_item,2026-05-25T09:34:00
9674,U-5476,add_to_cart,2026-05-25T09:36:00
9675,U-5476,start_checkout,2026-05-25T09:38:00
9676,U-5476,purchase,2026-05-25T09:40:00
9677,U-5477,view_item,2026-05-25T02:07:00
9678,U-5478,view_item,2026-05-25T21:05:00
9679,U-5478,add_to_cart,2026-05-25T21:07:00
9680,U-5479,view_item,2026-05-25T10:47:00
9681,U-5480,view_item,2026-05-25T20:45:00
9682,U-5481,view_item,2026-05-25T19:13:00
9683,U-5481,add_to_cart,2026-05-25T19:15:00
9684,U-5482,view_item,2026-05-25T04:45:00
9685,U-5483,view_item,2026-05-25T09:10:00
9686,U-5484,view_item,2026-05-25T21:22:00
9687,U-5484,add_to_cart,2026-05-25T21:24:00
9688,U-5484,start_checkout,2026-05-25T21:26:00
9689,U-5485,view_item,2026-05-25T23:09:00
9690,U-5486,view_item,2026-05-25T00:28:00
9691,U-5487,view_item,2026-05-25T17:17:00
9692,U-5487,add_to_cart,2026-05-25T17:19:00
9693,U-5487,start_checkout,2026-05-25T17:21:00
9694,U-5488,view_item,2026-05-25T02:29:00
9695,U-5489,view_item,2026-05-25T19:30:00
9696,U-5489,add_to_cart,2026-05-25T19:32:00
9697,U-5489,start_checkout,2026-05-25T19:34:00
9698,U-5489,purchase,2026-05-25T19:36:00
9699,U-5490,view_item,2026-05-25T01:25:00
9700,U-5490,add_to_cart,2026-05-25T01:27:00
9701,U-5491,view_item,2026-05-25T13:29:00
9702,U-5492,view_item,2026-05-25T00:38:00
9703,U-5493,view_item,2026-05-25T07:06:00
9704,U-5494,view_item,2026-05-25T15:07:00
9705,U-5494,add_to_cart,2026-05-25T15:09:00
9706,U-5495,view_item,2026-05-25T06:15:00
9707,U-5495,add_to_cart,2026-05-25T06:17:00
9708,U-5496,view_item,2026-05-25T09:00:00
9709,U-5496,add_to_cart,2026-05-25T09:02:00
9710,U-5496,start_checkout,2026-05-25T09:04:00
9711,U-5497,view_item,2026-05-25T11:32:00
9712,U-5497,add_to_cart,2026-05-25T11:34:00
9713,U-5497,start_checkout,2026-05-25T11:36:00
9714,U-5497,purchase,2026-05-25T11:38:00
9715,U-5498,view_item,2026-05-25T10:55:00
9716,U-5499,view_item,2026-05-25T09:14:00
9717,U-5499,add_to_cart,2026-05-25T09:16:00
9718,U-5500,view_item,2026-05-25T12:49:00
9719,U-5501,view_item,2026-05-25T21:41:00
9720,U-5502,view_item,2026-05-25T14:02:00
9721,U-5503,view_item,2026-05-25T21:54:00
9722,U-5504,view_item,2026-05-25T21:06:00
9723,U-5504,add_to_cart,2026-05-25T21:08:00
9724,U-5504,start_checkout,2026-05-25T21:10:00
9725,U-5504,purchase,2026-05-25T21:12:00
9726,U-5505,view_item,2026-05-25T12:49:00
9727,U-5505,add_to_cart,2026-05-25T12:51:00
9728,U-5506,view_item,2026-05-25T18:32:00
9729,U-5506,add_to_cart,2026-05-25T18:34:00
9730,U-5507,view_item,2026-05-25T16:50:00
9731,U-5508,view_item,2026-05-25T06:36:00
9732,U-5509,view_item,2026-05-25T22:53:00
9733,U-5510,view_item,2026-05-25T17:58:00
9734,U-5511,view_item,2026-05-25T14:49:00
9735,U-5512,view_item,2026-05-25T17:31:00
9736,U-5513,view_item,2026-05-25T17:01:00
9737,U-5514,view_item,2026-05-25T17:40:00
9738,U-5515,view_item,2026-05-25T05:32:00
9739,U-5516,view_item,2026-05-25T11:40:00
9740,U-5517,view_item,2026-05-25T20:02:00
9741,U-5517,add_to_cart,2026-05-25T20:04:00
9742,U-5518,view_item,2026-05-25T03:36:00
9743,U-5519,view_item,2026-05-25T02:09:00
9744,U-5520,view_item,2026-05-25T14:27:00
9745,U-5521,view_item,2026-05-25T11:35:00
9746,U-5522,view_item,2026-05-25T08:20:00
9747,U-5522,add_to_cart,2026-05-25T08:22:00
9748,U-5523,view_item,2026-05-25T13:46:00
9749,U-5523,add_to_cart,2026-05-25T13:48:00
9750,U-5524,view_item,2026-05-25T21:39:00
9751,U-5525,view_item,2026-05-25T11:27:00
9752,U-5526,view_item,2026-05-25T02:32:00
9753,U-5527,view_item,2026-05-25T00:52:00
9754,U-5527,add_to_cart,2026-05-25T00:54:00
9755,U-5527,start_checkout,2026-05-25T00:56:00
9756,U-5528,view_item,2026-05-25T11:47:00
9757,U-5528,add_to_cart,2026-05-25T11:49:00
9758,U-5528,start_checkout,2026-05-25T11:51:00
9759,U-5529,view_item,2026-05-25T22:21:00
9760,U-5530,view_item,2026-05-25T17:30:00
9761,U-5531,view_item,2026-05-25T13:36:00
9762,U-5531,add_to_cart,2026-05-25T13:38:00
9763,U-5532,view_item,2026-05-25T00:08:00
9764,U-5533,view_item,2026-05-25T01:19:00
9765,U-5534,view_item,2026-05-25T02:42:00
9766,U-5534,add_to_cart,2026-05-25T02:44:00
9767,U-5534,start_checkout,2026-05-25T02:46:00
9768,U-5534,purchase,2026-05-25T02:48:00
9769,U-5535,view_item,2026-05-25T05:58:00
9770,U-5535,add_to_cart,2026-05-25T06:00:00
9771,U-5535,start_checkout,2026-05-25T06:02:00
9772,U-5536,view_item,2026-05-25T15:15:00
9773,U-5537,view_item,2026-05-25T02:14:00
9774,U-5537,add_to_cart,2026-05-25T02:16:00
9775,U-5538,view_item,2026-05-25T11:34:00
9776,U-5538,add_to_cart,2026-05-25T11:36:00
9777,U-5538,start_checkout,2026-05-25T11:38:00
9778,U-5538,purchase,2026-05-25T11:40:00
9779,U-5539,view_item,2026-05-25T20:39:00
9780,U-5539,add_to_cart,2026-05-25T20:41:00
9781,U-5539,start_checkout,2026-05-25T20:43:00
9782,U-5540,view_item,2026-05-25T04:18:00
9783,U-5541,view_item,2026-05-25T08:29:00
9784,U-5541,add_to_cart,2026-05-25T08:31:00
9785,U-5542,view_item,2026-05-25T10:15:00
9786,U-5542,add_to_cart,2026-05-25T10:17:00
9787,U-5542,start_checkout,2026-05-25T10:19:00
9788,U-5543,view_item,2026-05-25T21:05:00
9789,U-5544,view_item,2026-05-25T16:51:00
9790,U-5544,add_to_cart,2026-05-25T16:53:00
9791,U-5544,start_checkout,2026-05-25T16:55:00
9792,U-5544,purchase,2026-05-25T16:57:00
9793,U-5545,view_item,2026-05-25T07:27:00
9794,U-5545,add_to_cart,2026-05-25T07:29:00
9795,U-5545,start_checkout,2026-05-25T07:31:00
9796,U-5545,purchase,2026-05-25T07:33:00
9797,U-5546,view_item,2026-05-25T13:38:00
9798,U-5547,view_item,2026-05-25T16:22:00
9799,U-5547,add_to_cart,2026-05-25T16:24:00
9800,U-5548,view_item,2026-05-25T01:27:00
9801,U-5549,view_item,2026-05-25T12:01:00
9802,U-5550,view_item,2026-05-25T13:52:00
9803,U-5550,add_to_cart,2026-05-25T13:54:00
9804,U-5551,view_item,2026-05-25T08:45:00
9805,U-5552,view_item,2026-05-25T06:00:00
9806,U-5552,add_to_cart,2026-05-25T06:02:00
9807,U-5553,view_item,2026-05-25T21:36:00
9808,U-5553,add_to_cart,2026-05-25T21:38:00
9809,U-5553,start_checkout,2026-05-25T21:40:00
9810,U-5554,view_item,2026-05-25T13:05:00
9811,U-5554,add_to_cart,2026-05-25T13:07:00
9812,U-5555,view_item,2026-05-25T11:52:00
9813,U-5556,view_item,2026-05-25T07:05:00
9814,U-5557,view_item,2026-05-25T18:25:00
9815,U-5558,view_item,2026-05-25T11:17:00
9816,U-5559,view_item,2026-05-25T00:51:00
9817,U-5560,view_item,2026-05-25T14:51:00
9818,U-5561,view_item,2026-05-25T13:26:00
9819,U-5561,add_to_cart,2026-05-25T13:28:00
9820,U-5561,start_checkout,2026-05-25T13:30:00
9821,U-5561,purchase,2026-05-25T13:32:00
9822,U-5562,view_item,2026-05-25T09:38:00
9823,U-5563,view_item,2026-05-25T07:03:00
9824,U-5564,view_item,2026-05-25T00:37:00
9825,U-5564,add_to_cart,2026-05-25T00:39:00
9826,U-5565,view_item,2026-05-25T16:07:00
9827,U-5566,view_item,2026-05-25T17:59:00
9828,U-5567,view_item,2026-05-25T07:07:00
9829,U-5567,add_to_cart,2026-05-25T07:09:00
9830,U-5567,start_checkout,2026-05-25T07:11:00
9831,U-5567,purchase,2026-05-25T07:13:00
9832,U-5568,view_item,2026-05-25T18:41:00
9833,U-5569,view_item,2026-05-25T06:59:00
9834,U-5569,add_to_cart,2026-05-25T07:01:00
9835,U-5569,start_checkout,2026-05-25T07:03:00
9836,U-5569,purchase,2026-05-25T07:05:00
9837,U-5570,view_item,2026-05-25T18:47:00
9838,U-5571,view_item,2026-05-25T01:09:00
9839,U-5572,view_item,2026-05-25T02:37:00
9840,U-5572,add_to_cart,2026-05-25T02:39:00
9841,U-5573,view_item,2026-05-25T06:11:00
9842,U-5573,add_to_cart,2026-05-25T06:13:00
9843,U-5574,view_item,2026-05-25T15:34:00
9844,U-5574,add_to_cart,2026-05-25T15:36:00
9845,U-5575,view_item,2026-05-25T10:26:00
9846,U-5576,view_item,2026-05-25T05:05:00
9847,U-5576,add_to_cart,2026-05-25T05:07:00
9848,U-5577,view_item,2026-05-25T16:55:00
9849,U-5578,view_item,2026-05-25T06:25:00
9850,U-5578,add_to_cart,2026-05-25T06:27:00
9851,U-5578,start_checkout,2026-05-25T06:29:00
9852,U-5579,view_item,2026-05-25T20:58:00
9853,U-5580,view_item,2026-05-25T11:06:00
9854,U-5581,view_item,2026-05-25T14:25:00
9855,U-5582,view_item,2026-05-25T10:25:00
9856,U-5582,add_to_cart,2026-05-25T10:27:00
9857,U-5583,view_item,2026-05-25T19:07:00
9858,U-5584,view_item,2026-05-25T21:02:00
9859,U-5584,add_to_cart,2026-05-25T21:04:00
9860,U-5585,view_item,2026-05-25T00:04:00
9861,U-5585,add_to_cart,2026-05-25T00:06:00
9862,U-5585,start_checkout,2026-05-25T00:08:00
9863,U-5585,purchase,2026-05-25T00:10:00
9864,U-5586,view_item,2026-05-25T18:07:00
9865,U-5587,view_item,2026-05-25T06:52:00
9866,U-5587,add_to_cart,2026-05-25T06:54:00
9867,U-5587,start_checkout,2026-05-25T06:56:00
9868,U-5588,view_item,2026-05-25T17:08:00
9869,U-5589,view_item,2026-05-25T02:06:00
9870,U-5589,add_to_cart,2026-05-25T02:08:00
9871,U-5589,start_checkout,2026-05-25T02:10:00
9872,U-5590,view_item,2026-05-26T04:55:00
9873,U-5590,add_to_cart,2026-05-26T04:57:00
9874,U-5591,view_item,2026-05-26T03:16:00
9875,U-5592,view_item,2026-05-26T03:26:00
9876,U-5592,add_to_cart,2026-05-26T03:28:00
9877,U-5592,start_checkout,2026-05-26T03:30:00
9878,U-5592,purchase,2026-05-26T03:32:00
9879,U-5593,view_item,2026-05-26T03:50:00
9880,U-5593,add_to_cart,2026-05-26T03:52:00
9881,U-5593,start_checkout,2026-05-26T03:54:00
9882,U-5593,purchase,2026-05-26T03:56:00
9883,U-5594,view_item,2026-05-26T17:56:00
9884,U-5595,view_item,2026-05-26T21:09:00
9885,U-5595,add_to_cart,2026-05-26T21:11:00
9886,U-5596,view_item,2026-05-26T16:50:00
9887,U-5597,view_item,2026-05-26T02:14:00
9888,U-5598,view_item,2026-05-26T12:47:00
9889,U-5599,view_item,2026-05-26T14:47:00
9890,U-5599,add_to_cart,2026-05-26T14:49:00
9891,U-5599,start_checkout,2026-05-26T14:51:00
9892,U-5599,purchase,2026-05-26T14:53:00
9893,U-5600,view_item,2026-05-26T17:50:00
9894,U-5601,view_item,2026-05-26T03:12:00
9895,U-5602,view_item,2026-05-26T02:57:00
9896,U-5603,view_item,2026-05-26T04:15:00
9897,U-5604,view_item,2026-05-26T18:18:00
9898,U-5605,view_item,2026-05-26T14:07:00
9899,U-5606,view_item,2026-05-26T20:01:00
9900,U-5607,view_item,2026-05-26T00:15:00
9901,U-5607,add_to_cart,2026-05-26T00:17:00
9902,U-5607,start_checkout,2026-05-26T00:19:00
9903,U-5608,view_item,2026-05-26T20:37:00
9904,U-5608,add_to_cart,2026-05-26T20:39:00
9905,U-5608,start_checkout,2026-05-26T20:41:00
9906,U-5609,view_item,2026-05-26T09:41:00
9907,U-5610,view_item,2026-05-26T19:56:00
9908,U-5611,view_item,2026-05-26T01:40:00
9909,U-5611,add_to_cart,2026-05-26T01:42:00
9910,U-5612,view_item,2026-05-26T05:01:00
9911,U-5612,add_to_cart,2026-05-26T05:03:00
9912,U-5613,view_item,2026-05-26T11:37:00
9913,U-5614,view_item,2026-05-26T04:33:00
9914,U-5614,add_to_cart,2026-05-26T04:35:00
9915,U-5615,view_item,2026-05-26T08:11:00
9916,U-5615,add_to_cart,2026-05-26T08:13:00
9917,U-5615,start_checkout,2026-05-26T08:15:00
9918,U-5615,purchase,2026-05-26T08:17:00
9919,U-5616,view_item,2026-05-26T15:43:00
9920,U-5616,add_to_cart,2026-05-26T15:45:00
9921,U-5616,start_checkout,2026-05-26T15:47:00
9922,U-5616,purchase,2026-05-26T15:49:00
9923,U-5617,view_item,2026-05-26T05:41:00
9924,U-5618,view_item,2026-05-26T01:20:00
9925,U-5618,add_to_cart,2026-05-26T01:22:00
9926,U-5619,view_item,2026-05-26T20:12:00
9927,U-5619,add_to_cart,2026-05-26T20:14:00
9928,U-5619,start_checkout,2026-05-26T20:16:00
9929,U-5619,purchase,2026-05-26T20:18:00
9930,U-5620,view_item,2026-05-26T08:43:00
9931,U-5621,view_item,2026-05-26T06:02:00
9932,U-5621,add_to_cart,2026-05-26T06:04:00
9933,U-5622,view_item,2026-05-26T01:18:00
9934,U-5622,add_to_cart,2026-05-26T01:20:00
9935,U-5623,view_item,2026-05-26T22:02:00
9936,U-5623,add_to_cart,2026-05-26T22:04:00
9937,U-5623,start_checkout,2026-05-26T22:06:00
9938,U-5623,purchase,2026-05-26T22:08:00
9939,U-5624,view_item,2026-05-26T09:12:00
9940,U-5625,view_item,2026-05-26T19:33:00
9941,U-5626,view_item,2026-05-26T01:59:00
9942,U-5626,add_to_cart,2026-05-26T02:01:00
9943,U-5627,view_item,2026-05-26T17:02:00
9944,U-5628,view_item,2026-05-26T05:47:00
9945,U-5629,view_item,2026-05-26T18:59:00
9946,U-5630,view_item,2026-05-26T12:32:00
9947,U-5631,view_item,2026-05-26T04:17:00
9948,U-5632,view_item,2026-05-26T04:21:00
9949,U-5632,add_to_cart,2026-05-26T04:23:00
9950,U-5632,start_checkout,2026-05-26T04:25:00
9951,U-5633,view_item,2026-05-26T15:57:00
9952,U-5634,view_item,2026-05-26T16:15:00
9953,U-5635,view_item,2026-05-26T17:58:00
9954,U-5636,view_item,2026-05-26T00:52:00
9955,U-5636,add_to_cart,2026-05-26T00:54:00
9956,U-5636,start_checkout,2026-05-26T00:56:00
9957,U-5636,purchase,2026-05-26T00:58:00
9958,U-5637,view_item,2026-05-26T21:18:00
9959,U-5637,add_to_cart,2026-05-26T21:20:00
9960,U-5637,start_checkout,2026-05-26T21:22:00
9961,U-5638,view_item,2026-05-26T01:25:00
9962,U-5639,view_item,2026-05-26T01:16:00
9963,U-5639,add_to_cart,2026-05-26T01:18:00
9964,U-5640,view_item,2026-05-26T03:20:00
9965,U-5641,view_item,2026-05-26T04:50:00
9966,U-5642,view_item,2026-05-26T11:49:00
9967,U-5642,add_to_cart,2026-05-26T11:51:00
9968,U-5642,start_checkout,2026-05-26T11:53:00
9969,U-5642,purchase,2026-05-26T11:55:00
9970,U-5643,view_item,2026-05-26T09:15:00
9971,U-5643,add_to_cart,2026-05-26T09:17:00
9972,U-5643,start_checkout,2026-05-26T09:19:00
9973,U-5644,view_item,2026-05-26T07:28:00
9974,U-5644,add_to_cart,2026-05-26T07:30:00
9975,U-5644,start_checkout,2026-05-26T07:32:00
9976,U-5644,purchase,2026-05-26T07:34:00
9977,U-5645,view_item,2026-05-26T05:06:00
9978,U-5646,view_item,2026-05-26T08:21:00
9979,U-5647,view_item,2026-05-26T15:56:00
9980,U-5648,view_item,2026-05-26T10:43:00
9981,U-5648,add_to_cart,2026-05-26T10:45:00
9982,U-5649,view_item,2026-05-26T09:27:00
9983,U-5649,add_to_cart,2026-05-26T09:29:00
9984,U-5650,view_item,2026-05-26T04:22:00
9985,U-5651,view_item,2026-05-26T14:04:00
9986,U-5652,view_item,2026-05-26T04:23:00
9987,U-5653,view_item,2026-05-26T22:17:00
9988,U-5654,view_item,2026-05-26T04:39:00
9989,U-5655,view_item,2026-05-26T21:25:00
9990,U-5656,view_item,2026-05-26T11:01:00
9991,U-5656,add_to_cart,2026-05-26T11:03:00
9992,U-5657,view_item,2026-05-26T06:17:00
9993,U-5657,add_to_cart,2026-05-26T06:19:00
9994,U-5657,start_checkout,2026-05-26T06:21:00
9995,U-5657,purchase,2026-05-26T06:23:00
9996,U-5658,view_item,2026-05-26T03:04:00
9997,U-5659,view_item,2026-05-26T23:28:00
9998,U-5660,view_item,2026-05-26T14:25:00
9999,U-5660,add_to_cart,2026-05-26T14:27:00
10000,U-5661,view_item,2026-05-26T22:01:00
10001,U-5662,view_item,2026-05-26T14:36:00
10002,U-5663,view_item,2026-05-26T11:27:00
10003,U-5664,view_item,2026-05-26T08:12:00
10004,U-5664,add_to_cart,2026-05-26T08:14:00
10005,U-5665,view_item,2026-05-26T04:48:00
10006,U-5665,add_to_cart,2026-05-26T04:50:00
10007,U-5665,start_checkout,2026-05-26T04:52:00
10008,U-5665,purchase,2026-05-26T04:54:00
10009,U-5666,view_item,2026-05-26T07:09:00
10010,U-5667,view_item,2026-05-26T20:12:00
10011,U-5668,view_item,2026-05-26T21:12:00
10012,U-5669,view_item,2026-05-26T11:24:00
10013,U-5670,view_item,2026-05-26T06:25:00
10014,U-5671,view_item,2026-05-26T14:54:00
10015,U-5672,view_item,2026-05-26T01:09:00
10016,U-5672,add_to_cart,2026-05-26T01:11:00
10017,U-5672,start_checkout,2026-05-26T01:13:00
10018,U-5673,view_item,2026-05-26T13:30:00
10019,U-5673,add_to_cart,2026-05-26T13:32:00
10020,U-5674,view_item,2026-05-26T15:09:00
10021,U-5674,add_to_cart,2026-05-26T15:11:00
10022,U-5675,view_item,2026-05-26T07:17:00
10023,U-5675,add_to_cart,2026-05-26T07:19:00
10024,U-5676,view_item,2026-05-26T15:07:00
10025,U-5677,view_item,2026-05-26T23:46:00
10026,U-5677,add_to_cart,2026-05-26T23:48:00
10027,U-5677,start_checkout,2026-05-26T23:50:00
10028,U-5678,view_item,2026-05-26T10:34:00
10029,U-5679,view_item,2026-05-26T03:54:00
10030,U-5680,view_item,2026-05-26T03:52:00
10031,U-5681,view_item,2026-05-26T02:56:00
10032,U-5682,view_item,2026-05-26T04:48:00
10033,U-5682,add_to_cart,2026-05-26T04:50:00
10034,U-5683,view_item,2026-05-26T12:59:00
10035,U-5683,add_to_cart,2026-05-26T13:01:00
10036,U-5684,view_item,2026-05-26T19:38:00
10037,U-5685,view_item,2026-05-26T10:53:00
10038,U-5686,view_item,2026-05-26T13:16:00
10039,U-5687,view_item,2026-05-26T17:42:00
10040,U-5687,add_to_cart,2026-05-26T17:44:00
10041,U-5687,start_checkout,2026-05-26T17:46:00
10042,U-5687,purchase,2026-05-26T17:48:00
10043,U-5688,view_item,2026-05-26T11:07:00
10044,U-5688,add_to_cart,2026-05-26T11:09:00
10045,U-5688,start_checkout,2026-05-26T11:11:00
10046,U-5689,view_item,2026-05-26T22:42:00
10047,U-5689,add_to_cart,2026-05-26T22:44:00
10048,U-5690,view_item,2026-05-26T23:36:00
10049,U-5690,add_to_cart,2026-05-26T23:38:00
10050,U-5691,view_item,2026-05-26T05:50:00
10051,U-5692,view_item,2026-05-26T09:35:00
10052,U-5693,view_item,2026-05-26T22:23:00
10053,U-5693,add_to_cart,2026-05-26T22:25:00
10054,U-5693,start_checkout,2026-05-26T22:27:00
10055,U-5693,purchase,2026-05-26T22:29:00
10056,U-5694,view_item,2026-05-26T15:20:00
10057,U-5694,add_to_cart,2026-05-26T15:22:00
10058,U-5695,view_item,2026-05-26T13:59:00
10059,U-5696,view_item,2026-05-26T16:58:00
10060,U-5697,view_item,2026-05-26T10:10:00
10061,U-5697,add_to_cart,2026-05-26T10:12:00
10062,U-5698,view_item,2026-05-26T02:06:00
10063,U-5699,view_item,2026-05-26T06:28:00
10064,U-5699,add_to_cart,2026-05-26T06:30:00
10065,U-5699,start_checkout,2026-05-26T06:32:00
10066,U-5699,purchase,2026-05-26T06:34:00
10067,U-5700,view_item,2026-05-26T12:06:00
10068,U-5701,view_item,2026-05-26T05:05:00
10069,U-5701,add_to_cart,2026-05-26T05:07:00
10070,U-5702,view_item,2026-05-26T16:20:00
10071,U-5702,add_to_cart,2026-05-26T16:22:00
10072,U-5702,start_checkout,2026-05-26T16:24:00
10073,U-5702,purchase,2026-05-26T16:26:00
10074,U-5703,view_item,2026-05-26T11:48:00
10075,U-5704,view_item,2026-05-26T04:42:00
10076,U-5705,view_item,2026-05-26T02:52:00
10077,U-5705,add_to_cart,2026-05-26T02:54:00
10078,U-5705,start_checkout,2026-05-26T02:56:00
10079,U-5705,purchase,2026-05-26T02:58:00
10080,U-5706,view_item,2026-05-26T19:19:00
10081,U-5707,view_item,2026-05-26T16:26:00
10082,U-5708,view_item,2026-05-26T06:22:00
10083,U-5708,add_to_cart,2026-05-26T06:24:00
10084,U-5709,view_item,2026-05-26T08:47:00
10085,U-5710,view_item,2026-05-26T13:55:00
10086,U-5711,view_item,2026-05-26T19:51:00
10087,U-5712,view_item,2026-05-26T09:05:00
10088,U-5713,view_item,2026-05-26T04:06:00
10089,U-5713,add_to_cart,2026-05-26T04:08:00
10090,U-5714,view_item,2026-05-26T02:48:00
10091,U-5715,view_item,2026-05-26T05:05:00
10092,U-5716,view_item,2026-05-26T12:09:00
10093,U-5717,view_item,2026-05-26T21:02:00
10094,U-5718,view_item,2026-05-26T14:33:00
10095,U-5719,view_item,2026-05-26T20:00:00
10096,U-5720,view_item,2026-05-26T06:02:00
10097,U-5721,view_item,2026-05-26T05:39:00
10098,U-5721,add_to_cart,2026-05-26T05:41:00
10099,U-5722,view_item,2026-05-26T21:26:00
10100,U-5722,add_to_cart,2026-05-26T21:28:00
10101,U-5723,view_item,2026-05-26T04:42:00
10102,U-5724,view_item,2026-05-26T09:18:00
10103,U-5724,add_to_cart,2026-05-26T09:20:00
10104,U-5724,start_checkout,2026-05-26T09:22:00
10105,U-5724,purchase,2026-05-26T09:24:00
10106,U-5725,view_item,2026-05-26T21:30:00
10107,U-5725,add_to_cart,2026-05-26T21:32:00
10108,U-5726,view_item,2026-05-26T01:28:00
10109,U-5727,view_item,2026-05-26T03:34:00
10110,U-5727,add_to_cart,2026-05-26T03:36:00
10111,U-5728,view_item,2026-05-26T23:29:00
10112,U-5728,add_to_cart,2026-05-26T23:31:00
10113,U-5728,start_checkout,2026-05-26T23:33:00
10114,U-5728,purchase,2026-05-26T23:35:00
10115,U-5729,view_item,2026-05-26T19:55:00
10116,U-5730,view_item,2026-05-26T04:36:00
10117,U-5730,add_to_cart,2026-05-26T04:38:00
10118,U-5731,view_item,2026-05-26T01:47:00
10119,U-5732,view_item,2026-05-26T23:26:00
10120,U-5732,add_to_cart,2026-05-26T23:28:00
10121,U-5733,view_item,2026-05-26T17:59:00
10122,U-5733,add_to_cart,2026-05-26T18:01:00
10123,U-5733,start_checkout,2026-05-26T18:03:00
10124,U-5733,purchase,2026-05-26T18:05:00
10125,U-5734,view_item,2026-05-26T18:50:00
10126,U-5735,view_item,2026-05-26T11:17:00
10127,U-5735,add_to_cart,2026-05-26T11:19:00
10128,U-5735,start_checkout,2026-05-26T11:21:00
10129,U-5736,view_item,2026-05-26T03:17:00
10130,U-5737,view_item,2026-05-26T07:00:00
10131,U-5738,view_item,2026-05-26T10:01:00
10132,U-5739,view_item,2026-05-26T01:59:00
10133,U-5740,view_item,2026-05-26T17:00:00
10134,U-5740,add_to_cart,2026-05-26T17:02:00
10135,U-5740,start_checkout,2026-05-26T17:04:00
10136,U-5741,view_item,2026-05-26T19:35:00
10137,U-5742,view_item,2026-05-26T15:09:00
10138,U-5742,add_to_cart,2026-05-26T15:11:00
10139,U-5743,view_item,2026-05-26T06:58:00
10140,U-5744,view_item,2026-05-26T03:33:00
10141,U-5745,view_item,2026-05-26T21:54:00
10142,U-5745,add_to_cart,2026-05-26T21:56:00
10143,U-5746,view_item,2026-05-26T04:20:00
10144,U-5746,add_to_cart,2026-05-26T04:22:00
10145,U-5746,start_checkout,2026-05-26T04:24:00
10146,U-5747,view_item,2026-05-26T02:26:00
10147,U-5747,add_to_cart,2026-05-26T02:28:00
10148,U-5747,start_checkout,2026-05-26T02:30:00
10149,U-5747,purchase,2026-05-26T02:32:00
10150,U-5748,view_item,2026-05-26T12:46:00
10151,U-5749,view_item,2026-05-26T07:47:00
10152,U-5749,add_to_cart,2026-05-26T07:49:00
10153,U-5749,start_checkout,2026-05-26T07:51:00
10154,U-5749,purchase,2026-05-26T07:53:00
10155,U-5750,view_item,2026-05-26T11:38:00
10156,U-5751,view_item,2026-05-26T19:16:00
10157,U-5752,view_item,2026-05-26T00:08:00
10158,U-5752,add_to_cart,2026-05-26T00:10:00
10159,U-5752,start_checkout,2026-05-26T00:12:00
10160,U-5753,view_item,2026-05-26T09:01:00
10161,U-5753,add_to_cart,2026-05-26T09:03:00
10162,U-5753,start_checkout,2026-05-26T09:05:00
10163,U-5754,view_item,2026-05-26T23:24:00
10164,U-5754,add_to_cart,2026-05-26T23:26:00
10165,U-5755,view_item,2026-05-26T22:47:00
10166,U-5756,view_item,2026-05-26T19:38:00
10167,U-5757,view_item,2026-05-26T11:48:00
10168,U-5758,view_item,2026-05-26T13:07:00
10169,U-5759,view_item,2026-05-26T04:25:00
10170,U-5759,add_to_cart,2026-05-26T04:27:00
10171,U-5760,view_item,2026-05-26T17:48:00
10172,U-5761,view_item,2026-05-26T15:39:00
10173,U-5762,view_item,2026-05-26T08:49:00
10174,U-5763,view_item,2026-05-26T18:05:00
10175,U-5763,add_to_cart,2026-05-26T18:07:00
10176,U-5764,view_item,2026-05-26T01:50:00
10177,U-5764,add_to_cart,2026-05-26T01:52:00
10178,U-5764,start_checkout,2026-05-26T01:54:00
10179,U-5764,purchase,2026-05-26T01:56:00
10180,U-5765,view_item,2026-05-26T11:14:00
10181,U-5766,view_item,2026-05-27T08:23:00
10182,U-5766,add_to_cart,2026-05-27T08:25:00
10183,U-5767,view_item,2026-05-27T18:31:00
10184,U-5768,view_item,2026-05-27T22:16:00
10185,U-5769,view_item,2026-05-27T22:01:00
10186,U-5769,add_to_cart,2026-05-27T22:03:00
10187,U-5770,view_item,2026-05-27T09:58:00
10188,U-5771,view_item,2026-05-27T18:26:00
10189,U-5771,add_to_cart,2026-05-27T18:28:00
10190,U-5771,start_checkout,2026-05-27T18:30:00
10191,U-5771,purchase,2026-05-27T18:32:00
10192,U-5772,view_item,2026-05-27T18:18:00
10193,U-5773,view_item,2026-05-27T10:00:00
10194,U-5774,view_item,2026-05-27T05:28:00
10195,U-5774,add_to_cart,2026-05-27T05:30:00
10196,U-5775,view_item,2026-05-27T14:57:00
10197,U-5776,view_item,2026-05-27T09:22:00
10198,U-5777,view_item,2026-05-27T05:28:00
10199,U-5777,add_to_cart,2026-05-27T05:30:00
10200,U-5777,start_checkout,2026-05-27T05:32:00
10201,U-5778,view_item,2026-05-27T03:06:00
10202,U-5779,view_item,2026-05-27T03:17:00
10203,U-5780,view_item,2026-05-27T08:11:00
10204,U-5780,add_to_cart,2026-05-27T08:13:00
10205,U-5781,view_item,2026-05-27T13:05:00
10206,U-5782,view_item,2026-05-27T23:09:00
10207,U-5782,add_to_cart,2026-05-27T23:11:00
10208,U-5782,start_checkout,2026-05-27T23:13:00
10209,U-5783,view_item,2026-05-27T02:22:00
10210,U-5784,view_item,2026-05-27T05:30:00
10211,U-5785,view_item,2026-05-27T17:56:00
10212,U-5786,view_item,2026-05-27T18:33:00
10213,U-5787,view_item,2026-05-27T07:01:00
10214,U-5787,add_to_cart,2026-05-27T07:03:00
10215,U-5788,view_item,2026-05-27T22:17:00
10216,U-5789,view_item,2026-05-27T23:53:00
10217,U-5790,view_item,2026-05-27T18:09:00
10218,U-5791,view_item,2026-05-27T06:50:00
10219,U-5791,add_to_cart,2026-05-27T06:52:00
10220,U-5792,view_item,2026-05-27T07:26:00
10221,U-5793,view_item,2026-05-27T18:22:00
10222,U-5794,view_item,2026-05-27T06:18:00
10223,U-5795,view_item,2026-05-27T15:04:00
10224,U-5796,view_item,2026-05-27T21:17:00
10225,U-5797,view_item,2026-05-27T08:50:00
10226,U-5797,add_to_cart,2026-05-27T08:52:00
10227,U-5798,view_item,2026-05-27T20:59:00
10228,U-5799,view_item,2026-05-27T22:15:00
10229,U-5800,view_item,2026-05-27T22:04:00
10230,U-5801,view_item,2026-05-27T17:17:00
10231,U-5801,add_to_cart,2026-05-27T17:19:00
10232,U-5801,start_checkout,2026-05-27T17:21:00
10233,U-5802,view_item,2026-05-27T07:50:00
10234,U-5803,view_item,2026-05-27T20:49:00
10235,U-5803,add_to_cart,2026-05-27T20:51:00
10236,U-5804,view_item,2026-05-27T00:03:00
10237,U-5804,add_to_cart,2026-05-27T00:05:00
10238,U-5804,start_checkout,2026-05-27T00:07:00
10239,U-5804,purchase,2026-05-27T00:09:00
10240,U-5805,view_item,2026-05-27T04:00:00
10241,U-5806,view_item,2026-05-27T15:18:00
10242,U-5807,view_item,2026-05-27T08:48:00
10243,U-5807,add_to_cart,2026-05-27T08:50:00
10244,U-5808,view_item,2026-05-27T07:33:00
10245,U-5809,view_item,2026-05-27T18:37:00
10246,U-5810,view_item,2026-05-27T08:38:00
10247,U-5811,view_item,2026-05-27T12:04:00
10248,U-5812,view_item,2026-05-27T21:52:00
10249,U-5812,add_to_cart,2026-05-27T21:54:00
10250,U-5812,start_checkout,2026-05-27T21:56:00
10251,U-5813,view_item,2026-05-27T05:47:00
10252,U-5814,view_item,2026-05-27T20:43:00
10253,U-5814,add_to_cart,2026-05-27T20:45:00
10254,U-5814,start_checkout,2026-05-27T20:47:00
10255,U-5814,purchase,2026-05-27T20:49:00
10256,U-5815,view_item,2026-05-27T11:34:00
10257,U-5815,add_to_cart,2026-05-27T11:36:00
10258,U-5816,view_item,2026-05-27T22:02:00
10259,U-5817,view_item,2026-05-27T06:44:00
10260,U-5818,view_item,2026-05-27T21:21:00
10261,U-5818,add_to_cart,2026-05-27T21:23:00
10262,U-5819,view_item,2026-05-27T07:23:00
10263,U-5820,view_item,2026-05-27T20:20:00
10264,U-5821,view_item,2026-05-27T00:19:00
10265,U-5822,view_item,2026-05-27T04:13:00
10266,U-5823,view_item,2026-05-27T17:54:00
10267,U-5824,view_item,2026-05-27T06:32:00
10268,U-5824,add_to_cart,2026-05-27T06:34:00
10269,U-5825,view_item,2026-05-27T10:57:00
10270,U-5825,add_to_cart,2026-05-27T10:59:00
10271,U-5825,start_checkout,2026-05-27T11:01:00
10272,U-5826,view_item,2026-05-27T10:12:00
10273,U-5827,view_item,2026-05-27T15:35:00
10274,U-5827,add_to_cart,2026-05-27T15:37:00
10275,U-5828,view_item,2026-05-27T12:58:00
10276,U-5829,view_item,2026-05-27T08:44:00
10277,U-5830,view_item,2026-05-27T06:31:00
10278,U-5830,add_to_cart,2026-05-27T06:33:00
10279,U-5830,start_checkout,2026-05-27T06:35:00
10280,U-5830,purchase,2026-05-27T06:37:00
10281,U-5831,view_item,2026-05-27T05:07:00
10282,U-5832,view_item,2026-05-27T14:59:00
10283,U-5833,view_item,2026-05-27T20:32:00
10284,U-5834,view_item,2026-05-27T06:18:00
10285,U-5834,add_to_cart,2026-05-27T06:20:00
10286,U-5834,start_checkout,2026-05-27T06:22:00
10287,U-5834,purchase,2026-05-27T06:24:00
10288,U-5835,view_item,2026-05-27T06:06:00
10289,U-5836,view_item,2026-05-27T01:54:00
10290,U-5837,view_item,2026-05-27T20:05:00
10291,U-5838,view_item,2026-05-27T19:41:00
10292,U-5838,add_to_cart,2026-05-27T19:43:00
10293,U-5839,view_item,2026-05-27T20:11:00
10294,U-5840,view_item,2026-05-27T09:30:00
10295,U-5841,view_item,2026-05-27T06:08:00
10296,U-5842,view_item,2026-05-27T04:15:00
10297,U-5843,view_item,2026-05-27T11:01:00
10298,U-5844,view_item,2026-05-27T06:18:00
10299,U-5845,view_item,2026-05-27T05:54:00
10300,U-5845,add_to_cart,2026-05-27T05:56:00
10301,U-5845,start_checkout,2026-05-27T05:58:00
10302,U-5846,view_item,2026-05-27T08:39:00
10303,U-5847,view_item,2026-05-27T20:44:00
10304,U-5847,add_to_cart,2026-05-27T20:46:00
10305,U-5848,view_item,2026-05-27T11:40:00
10306,U-5849,view_item,2026-05-27T17:45:00
10307,U-5850,view_item,2026-05-27T14:24:00
10308,U-5851,view_item,2026-05-27T01:54:00
10309,U-5851,add_to_cart,2026-05-27T01:56:00
10310,U-5851,start_checkout,2026-05-27T01:58:00
10311,U-5852,view_item,2026-05-27T23:01:00
10312,U-5852,add_to_cart,2026-05-27T23:03:00
10313,U-5852,start_checkout,2026-05-27T23:05:00
10314,U-5853,view_item,2026-05-27T06:10:00
10315,U-5853,add_to_cart,2026-05-27T06:12:00
10316,U-5853,start_checkout,2026-05-27T06:14:00
10317,U-5853,purchase,2026-05-27T06:16:00
10318,U-5854,view_item,2026-05-27T15:07:00
10319,U-5854,add_to_cart,2026-05-27T15:09:00
10320,U-5854,start_checkout,2026-05-27T15:11:00
10321,U-5854,purchase,2026-05-27T15:13:00
10322,U-5855,view_item,2026-05-27T03:51:00
10323,U-5855,add_to_cart,2026-05-27T03:53:00
10324,U-5855,start_checkout,2026-05-27T03:55:00
10325,U-5856,view_item,2026-05-27T18:45:00
10326,U-5856,add_to_cart,2026-05-27T18:47:00
10327,U-5856,start_checkout,2026-05-27T18:49:00
10328,U-5856,purchase,2026-05-27T18:51:00
10329,U-5857,view_item,2026-05-27T23:59:00
10330,U-5857,add_to_cart,2026-05-28T00:01:00
10331,U-5857,start_checkout,2026-05-28T00:03:00
10332,U-5857,purchase,2026-05-28T00:05:00
10333,U-5858,view_item,2026-05-27T15:38:00
10334,U-5859,view_item,2026-05-27T12:36:00
10335,U-5860,view_item,2026-05-27T17:23:00
10336,U-5861,view_item,2026-05-27T23:57:00
10337,U-5861,add_to_cart,2026-05-27T23:59:00
10338,U-5861,start_checkout,2026-05-28T00:01:00
10339,U-5861,purchase,2026-05-28T00:03:00
10340,U-5862,view_item,2026-05-27T08:22:00
10341,U-5862,add_to_cart,2026-05-27T08:24:00
10342,U-5862,start_checkout,2026-05-27T08:26:00
10343,U-5863,view_item,2026-05-27T17:09:00
10344,U-5863,add_to_cart,2026-05-27T17:11:00
10345,U-5863,start_checkout,2026-05-27T17:13:00
10346,U-5863,purchase,2026-05-27T17:15:00
10347,U-5864,view_item,2026-05-27T16:36:00
10348,U-5865,view_item,2026-05-27T16:34:00
10349,U-5865,add_to_cart,2026-05-27T16:36:00
10350,U-5865,start_checkout,2026-05-27T16:38:00
10351,U-5866,view_item,2026-05-27T12:14:00
10352,U-5867,view_item,2026-05-27T11:17:00
10353,U-5867,add_to_cart,2026-05-27T11:19:00
10354,U-5867,start_checkout,2026-05-27T11:21:00
10355,U-5867,purchase,2026-05-27T11:23:00
10356,U-5868,view_item,2026-05-27T13:29:00
10357,U-5869,view_item,2026-05-27T15:46:00
10358,U-5869,add_to_cart,2026-05-27T15:48:00
10359,U-5870,view_item,2026-05-27T04:12:00
10360,U-5871,view_item,2026-05-27T10:28:00
10361,U-5872,view_item,2026-05-27T07:38:00
10362,U-5873,view_item,2026-05-27T04:26:00
10363,U-5873,add_to_cart,2026-05-27T04:28:00
10364,U-5874,view_item,2026-05-27T22:58:00
10365,U-5874,add_to_cart,2026-05-27T23:00:00
10366,U-5875,view_item,2026-05-27T22:58:00
10367,U-5876,view_item,2026-05-27T20:20:00
10368,U-5877,view_item,2026-05-27T23:47:00
10369,U-5877,add_to_cart,2026-05-27T23:49:00
10370,U-5877,start_checkout,2026-05-27T23:51:00
10371,U-5877,purchase,2026-05-27T23:53:00
10372,U-5878,view_item,2026-05-27T17:14:00
10373,U-5879,view_item,2026-05-27T18:17:00
10374,U-5880,view_item,2026-05-27T07:15:00
10375,U-5881,view_item,2026-05-27T11:09:00
10376,U-5881,add_to_cart,2026-05-27T11:11:00
10377,U-5882,view_item,2026-05-27T23:19:00
10378,U-5883,view_item,2026-05-27T11:47:00
10379,U-5884,view_item,2026-05-27T23:43:00
10380,U-5884,add_to_cart,2026-05-27T23:45:00
10381,U-5884,start_checkout,2026-05-27T23:47:00
10382,U-5885,view_item,2026-05-27T23:47:00
10383,U-5886,view_item,2026-05-27T17:11:00
10384,U-5887,view_item,2026-05-27T04:33:00
10385,U-5888,view_item,2026-05-27T17:39:00
10386,U-5889,view_item,2026-05-27T18:53:00
10387,U-5889,add_to_cart,2026-05-27T18:55:00
10388,U-5889,start_checkout,2026-05-27T18:57:00
10389,U-5889,purchase,2026-05-27T18:59:00
10390,U-5890,view_item,2026-05-27T21:56:00
10391,U-5891,view_item,2026-05-27T18:02:00
10392,U-5892,view_item,2026-05-27T20:02:00
10393,U-5892,add_to_cart,2026-05-27T20:04:00
10394,U-5892,start_checkout,2026-05-27T20:06:00
10395,U-5892,purchase,2026-05-27T20:08:00
10396,U-5893,view_item,2026-05-27T00:19:00
10397,U-5894,view_item,2026-05-27T19:58:00
10398,U-5894,add_to_cart,2026-05-27T20:00:00
10399,U-5894,start_checkout,2026-05-27T20:02:00
10400,U-5894,purchase,2026-05-27T20:04:00
10401,U-5895,view_item,2026-05-27T01:03:00
10402,U-5896,view_item,2026-05-27T12:55:00
10403,U-5897,view_item,2026-05-27T22:30:00
10404,U-5897,add_to_cart,2026-05-27T22:32:00
10405,U-5897,start_checkout,2026-05-27T22:34:00
10406,U-5897,purchase,2026-05-27T22:36:00
10407,U-5898,view_item,2026-05-27T02:24:00
10408,U-5898,add_to_cart,2026-05-27T02:26:00
10409,U-5898,start_checkout,2026-05-27T02:28:00
10410,U-5898,purchase,2026-05-27T02:30:00
10411,U-5899,view_item,2026-05-27T23:10:00
10412,U-5899,add_to_cart,2026-05-27T23:12:00
10413,U-5900,view_item,2026-05-27T20:07:00
10414,U-5900,add_to_cart,2026-05-27T20:09:00
10415,U-5900,start_checkout,2026-05-27T20:11:00
10416,U-5900,purchase,2026-05-27T20:13:00
10417,U-5901,view_item,2026-05-27T16:56:00
10418,U-5901,add_to_cart,2026-05-27T16:58:00
10419,U-5902,view_item,2026-05-27T00:19:00
10420,U-5903,view_item,2026-05-27T11:39:00
10421,U-5903,add_to_cart,2026-05-27T11:41:00
10422,U-5903,start_checkout,2026-05-27T11:43:00
10423,U-5904,view_item,2026-05-27T01:28:00
10424,U-5904,add_to_cart,2026-05-27T01:30:00
10425,U-5904,start_checkout,2026-05-27T01:32:00
10426,U-5905,view_item,2026-05-27T03:13:00
10427,U-5906,view_item,2026-05-27T20:59:00
10428,U-5906,add_to_cart,2026-05-27T21:01:00
10429,U-5906,start_checkout,2026-05-27T21:03:00
10430,U-5906,purchase,2026-05-27T21:05:00
10431,U-5907,view_item,2026-05-27T23:28:00
10432,U-5908,view_item,2026-05-27T16:07:00
10433,U-5908,add_to_cart,2026-05-27T16:09:00
10434,U-5909,view_item,2026-05-27T02:18:00
10435,U-5910,view_item,2026-05-27T11:06:00
10436,U-5910,add_to_cart,2026-05-27T11:08:00
10437,U-5910,start_checkout,2026-05-27T11:10:00
10438,U-5910,purchase,2026-05-27T11:12:00
10439,U-5911,view_item,2026-05-27T04:35:00
10440,U-5911,add_to_cart,2026-05-27T04:37:00
10441,U-5911,start_checkout,2026-05-27T04:39:00
10442,U-5912,view_item,2026-05-27T17:14:00
10443,U-5913,view_item,2026-05-27T11:16:00
10444,U-5914,view_item,2026-05-27T15:22:00
10445,U-5915,view_item,2026-05-27T15:29:00
10446,U-5915,add_to_cart,2026-05-27T15:31:00
10447,U-5915,start_checkout,2026-05-27T15:33:00
10448,U-5915,purchase,2026-05-27T15:35:00
10449,U-5916,view_item,2026-05-28T20:50:00
10450,U-5917,view_item,2026-05-28T01:05:00
10451,U-5918,view_item,2026-05-28T15:20:00
10452,U-5919,view_item,2026-05-28T04:17:00
10453,U-5920,view_item,2026-05-28T03:06:00
10454,U-5921,view_item,2026-05-28T13:25:00
10455,U-5921,add_to_cart,2026-05-28T13:27:00
10456,U-5921,start_checkout,2026-05-28T13:29:00
10457,U-5921,purchase,2026-05-28T13:31:00
10458,U-5922,view_item,2026-05-28T03:55:00
10459,U-5922,add_to_cart,2026-05-28T03:57:00
10460,U-5923,view_item,2026-05-28T13:03:00
10461,U-5923,add_to_cart,2026-05-28T13:05:00
10462,U-5923,start_checkout,2026-05-28T13:07:00
10463,U-5923,purchase,2026-05-28T13:09:00
10464,U-5924,view_item,2026-05-28T23:06:00
10465,U-5925,view_item,2026-05-28T07:23:00
10466,U-5926,view_item,2026-05-28T15:30:00
10467,U-5927,view_item,2026-05-28T18:15:00
10468,U-5928,view_item,2026-05-28T06:22:00
10469,U-5929,view_item,2026-05-28T10:46:00
10470,U-5929,add_to_cart,2026-05-28T10:48:00
10471,U-5929,start_checkout,2026-05-28T10:50:00
10472,U-5929,purchase,2026-05-28T10:52:00
10473,U-5930,view_item,2026-05-28T06:22:00
10474,U-5930,add_to_cart,2026-05-28T06:24:00
10475,U-5931,view_item,2026-05-28T16:18:00
10476,U-5931,add_to_cart,2026-05-28T16:20:00
10477,U-5931,start_checkout,2026-05-28T16:22:00
10478,U-5931,purchase,2026-05-28T16:24:00
10479,U-5932,view_item,2026-05-28T10:00:00
10480,U-5932,add_to_cart,2026-05-28T10:02:00
10481,U-5933,view_item,2026-05-28T06:58:00
10482,U-5933,add_to_cart,2026-05-28T07:00:00
10483,U-5933,start_checkout,2026-05-28T07:02:00
10484,U-5933,purchase,2026-05-28T07:04:00
10485,U-5934,view_item,2026-05-28T09:49:00
10486,U-5935,view_item,2026-05-28T07:57:00
10487,U-5935,add_to_cart,2026-05-28T07:59:00
10488,U-5936,view_item,2026-05-28T03:28:00
10489,U-5937,view_item,2026-05-28T11:04:00
10490,U-5938,view_item,2026-05-28T23:54:00
10491,U-5939,view_item,2026-05-28T00:38:00
10492,U-5940,view_item,2026-05-28T02:26:00
10493,U-5941,view_item,2026-05-28T08:25:00
10494,U-5941,add_to_cart,2026-05-28T08:27:00
10495,U-5942,view_item,2026-05-28T19:36:00
10496,U-5942,add_to_cart,2026-05-28T19:38:00
10497,U-5942,start_checkout,2026-05-28T19:40:00
10498,U-5943,view_item,2026-05-28T22:28:00
10499,U-5943,add_to_cart,2026-05-28T22:30:00
10500,U-5944,view_item,2026-05-28T15:25:00
10501,U-5944,add_to_cart,2026-05-28T15:27:00
10502,U-5944,start_checkout,2026-05-28T15:29:00
10503,U-5945,view_item,2026-05-28T03:05:00
10504,U-5946,view_item,2026-05-28T02:32:00
10505,U-5946,add_to_cart,2026-05-28T02:34:00
10506,U-5946,start_checkout,2026-05-28T02:36:00
10507,U-5946,purchase,2026-05-28T02:38:00
10508,U-5947,view_item,2026-05-28T14:36:00
10509,U-5947,add_to_cart,2026-05-28T14:38:00
10510,U-5947,start_checkout,2026-05-28T14:40:00
10511,U-5947,purchase,2026-05-28T14:42:00
10512,U-5948,view_item,2026-05-28T03:27:00
10513,U-5948,add_to_cart,2026-05-28T03:29:00
10514,U-5949,view_item,2026-05-28T04:58:00
10515,U-5949,add_to_cart,2026-05-28T05:00:00
10516,U-5950,view_item,2026-05-28T18:31:00
10517,U-5950,add_to_cart,2026-05-28T18:33:00
10518,U-5951,view_item,2026-05-28T08:24:00
10519,U-5952,view_item,2026-05-28T08:16:00
10520,U-5953,view_item,2026-05-28T19:37:00
10521,U-5953,add_to_cart,2026-05-28T19:39:00
10522,U-5954,view_item,2026-05-28T19:18:00
10523,U-5955,view_item,2026-05-28T09:44:00
10524,U-5955,add_to_cart,2026-05-28T09:46:00
10525,U-5955,start_checkout,2026-05-28T09:48:00
10526,U-5955,purchase,2026-05-28T09:50:00
10527,U-5956,view_item,2026-05-28T23:10:00
10528,U-5956,add_to_cart,2026-05-28T23:12:00
10529,U-5957,view_item,2026-05-28T18:45:00
10530,U-5957,add_to_cart,2026-05-28T18:47:00
10531,U-5957,start_checkout,2026-05-28T18:49:00
10532,U-5957,purchase,2026-05-28T18:51:00
10533,U-5958,view_item,2026-05-28T03:03:00
10534,U-5959,view_item,2026-05-28T16:39:00
10535,U-5960,view_item,2026-05-28T01:27:00
10536,U-5961,view_item,2026-05-28T08:48:00
10537,U-5961,add_to_cart,2026-05-28T08:50:00
10538,U-5962,view_item,2026-05-28T10:01:00
10539,U-5962,add_to_cart,2026-05-28T10:03:00
10540,U-5963,view_item,2026-05-28T17:36:00
10541,U-5964,view_item,2026-05-28T15:22:00
10542,U-5964,add_to_cart,2026-05-28T15:24:00
10543,U-5964,start_checkout,2026-05-28T15:26:00
10544,U-5965,view_item,2026-05-28T02:49:00
10545,U-5966,view_item,2026-05-28T15:57:00
10546,U-5966,add_to_cart,2026-05-28T15:59:00
10547,U-5966,start_checkout,2026-05-28T16:01:00
10548,U-5966,purchase,2026-05-28T16:03:00
10549,U-5967,view_item,2026-05-28T10:47:00
10550,U-5967,add_to_cart,2026-05-28T10:49:00
10551,U-5967,start_checkout,2026-05-28T10:51:00
10552,U-5967,purchase,2026-05-28T10:53:00
10553,U-5968,view_item,2026-05-28T08:50:00
10554,U-5969,view_item,2026-05-28T14:27:00
10555,U-5969,add_to_cart,2026-05-28T14:29:00
10556,U-5970,view_item,2026-05-28T12:33:00
10557,U-5970,add_to_cart,2026-05-28T12:35:00
10558,U-5971,view_item,2026-05-28T03:29:00
10559,U-5972,view_item,2026-05-28T07:21:00
10560,U-5972,add_to_cart,2026-05-28T07:23:00
10561,U-5973,view_item,2026-05-28T00:49:00
10562,U-5973,add_to_cart,2026-05-28T00:51:00
10563,U-5974,view_item,2026-05-28T15:16:00
10564,U-5974,add_to_cart,2026-05-28T15:18:00
10565,U-5974,start_checkout,2026-05-28T15:20:00
10566,U-5975,view_item,2026-05-28T10:12:00
10567,U-5976,view_item,2026-05-28T22:18:00
10568,U-5977,view_item,2026-05-28T22:16:00
10569,U-5977,add_to_cart,2026-05-28T22:18:00
10570,U-5977,start_checkout,2026-05-28T22:20:00
10571,U-5977,purchase,2026-05-28T22:22:00
10572,U-5978,view_item,2026-05-28T01:39:00
10573,U-5979,view_item,2026-05-28T14:35:00
10574,U-5979,add_to_cart,2026-05-28T14:37:00
10575,U-5980,view_item,2026-05-28T07:36:00
10576,U-5981,view_item,2026-05-28T07:22:00
10577,U-5982,view_item,2026-05-28T01:46:00
10578,U-5982,add_to_cart,2026-05-28T01:48:00
10579,U-5982,start_checkout,2026-05-28T01:50:00
10580,U-5983,view_item,2026-05-28T02:21:00
10581,U-5983,add_to_cart,2026-05-28T02:23:00
10582,U-5984,view_item,2026-05-28T06:00:00
10583,U-5985,view_item,2026-05-28T11:28:00
10584,U-5986,view_item,2026-05-28T15:51:00
10585,U-5987,view_item,2026-05-28T10:34:00
10586,U-5988,view_item,2026-05-28T01:08:00
10587,U-5988,add_to_cart,2026-05-28T01:10:00
10588,U-5988,start_checkout,2026-05-28T01:12:00
10589,U-5989,view_item,2026-05-28T02:26:00
10590,U-5989,add_to_cart,2026-05-28T02:28:00
10591,U-5989,start_checkout,2026-05-28T02:30:00
10592,U-5989,purchase,2026-05-28T02:32:00
10593,U-5990,view_item,2026-05-28T06:25:00
10594,U-5991,view_item,2026-05-28T14:57:00
10595,U-5992,view_item,2026-05-28T14:53:00
10596,U-5992,add_to_cart,2026-05-28T14:55:00
10597,U-5992,start_checkout,2026-05-28T14:57:00
10598,U-5992,purchase,2026-05-28T14:59:00
10599,U-5993,view_item,2026-05-28T23:37:00
10600,U-5993,add_to_cart,2026-05-28T23:39:00
10601,U-5994,view_item,2026-05-28T08:46:00
10602,U-5994,add_to_cart,2026-05-28T08:48:00
10603,U-5995,view_item,2026-05-28T19:02:00
10604,U-5995,add_to_cart,2026-05-28T19:04:00
10605,U-5996,view_item,2026-05-28T08:41:00
10606,U-5997,view_item,2026-05-28T09:13:00
10607,U-5997,add_to_cart,2026-05-28T09:15:00
10608,U-5998,view_item,2026-05-28T14:39:00
10609,U-5999,view_item,2026-05-28T22:29:00
10610,U-6000,view_item,2026-05-28T21:25:00
10611,U-6001,view_item,2026-05-28T15:14:00
10612,U-6002,view_item,2026-05-28T13:23:00
10613,U-6003,view_item,2026-05-28T14:08:00
10614,U-6004,view_item,2026-05-28T06:50:00
10615,U-6005,view_item,2026-05-28T04:42:00
10616,U-6005,add_to_cart,2026-05-28T04:44:00
10617,U-6005,start_checkout,2026-05-28T04:46:00
10618,U-6006,view_item,2026-05-28T02:18:00
10619,U-6006,add_to_cart,2026-05-28T02:20:00
10620,U-6007,view_item,2026-05-28T05:07:00
10621,U-6008,view_item,2026-05-28T00:30:00
10622,U-6009,view_item,2026-05-28T01:27:00
10623,U-6009,add_to_cart,2026-05-28T01:29:00
10624,U-6009,start_checkout,2026-05-28T01:31:00
10625,U-6009,purchase,2026-05-28T01:33:00
10626,U-6010,view_item,2026-05-28T04:49:00
10627,U-6011,view_item,2026-05-28T03:17:00
10628,U-6012,view_item,2026-05-28T16:05:00
10629,U-6013,view_item,2026-05-28T20:14:00
10630,U-6014,view_item,2026-05-28T23:11:00
10631,U-6014,add_to_cart,2026-05-28T23:13:00
10632,U-6015,view_item,2026-05-28T17:57:00
10633,U-6016,view_item,2026-05-28T01:49:00
10634,U-6016,add_to_cart,2026-05-28T01:51:00
10635,U-6016,start_checkout,2026-05-28T01:53:00
10636,U-6016,purchase,2026-05-28T01:55:00
10637,U-6017,view_item,2026-05-28T06:31:00
10638,U-6018,view_item,2026-05-28T02:41:00
10639,U-6018,add_to_cart,2026-05-28T02:43:00
10640,U-6018,start_checkout,2026-05-28T02:45:00
10641,U-6019,view_item,2026-05-28T11:38:00
10642,U-6019,add_to_cart,2026-05-28T11:40:00
10643,U-6019,start_checkout,2026-05-28T11:42:00
10644,U-6020,view_item,2026-05-28T06:49:00
10645,U-6021,view_item,2026-05-28T20:23:00
10646,U-6022,view_item,2026-05-28T10:25:00
10647,U-6023,view_item,2026-05-28T05:44:00
10648,U-6024,view_item,2026-05-28T17:14:00
10649,U-6024,add_to_cart,2026-05-28T17:16:00
10650,U-6025,view_item,2026-05-28T17:16:00
10651,U-6025,add_to_cart,2026-05-28T17:18:00
10652,U-6025,start_checkout,2026-05-28T17:20:00
10653,U-6026,view_item,2026-05-28T23:37:00
10654,U-6026,add_to_cart,2026-05-28T23:39:00
10655,U-6027,view_item,2026-05-28T19:06:00
10656,U-6027,add_to_cart,2026-05-28T19:08:00
10657,U-6028,view_item,2026-05-28T01:14:00
10658,U-6028,add_to_cart,2026-05-28T01:16:00
10659,U-6029,view_item,2026-05-28T03:37:00
10660,U-6029,add_to_cart,2026-05-28T03:39:00
10661,U-6030,view_item,2026-05-28T14:23:00
10662,U-6031,view_item,2026-05-28T07:52:00
10663,U-6031,add_to_cart,2026-05-28T07:54:00
10664,U-6032,view_item,2026-05-28T13:40:00
10665,U-6033,view_item,2026-05-28T21:49:00
10666,U-6033,add_to_cart,2026-05-28T21:51:00
10667,U-6034,view_item,2026-05-28T16:53:00
10668,U-6034,add_to_cart,2026-05-28T16:55:00
10669,U-6035,view_item,2026-05-28T17:06:00
10670,U-6036,view_item,2026-05-28T23:31:00
10671,U-6036,add_to_cart,2026-05-28T23:33:00
10672,U-6036,start_checkout,2026-05-28T23:35:00
10673,U-6037,view_item,2026-05-28T18:02:00
10674,U-6038,view_item,2026-05-28T11:45:00
10675,U-6039,view_item,2026-05-28T12:12:00
10676,U-6039,add_to_cart,2026-05-28T12:14:00
10677,U-6039,start_checkout,2026-05-28T12:16:00
10678,U-6040,view_item,2026-05-28T09:10:00
10679,U-6041,view_item,2026-05-28T17:06:00
10680,U-6042,view_item,2026-05-28T15:28:00
10681,U-6042,add_to_cart,2026-05-28T15:30:00
10682,U-6042,start_checkout,2026-05-28T15:32:00
10683,U-6043,view_item,2026-05-28T07:30:00
10684,U-6043,add_to_cart,2026-05-28T07:32:00
10685,U-6043,start_checkout,2026-05-28T07:34:00
10686,U-6043,purchase,2026-05-28T07:36:00
10687,U-6044,view_item,2026-05-28T07:50:00
10688,U-6044,add_to_cart,2026-05-28T07:52:00
10689,U-6045,view_item,2026-05-28T03:13:00
10690,U-6045,add_to_cart,2026-05-28T03:15:00
10691,U-6046,view_item,2026-05-28T02:50:00
10692,U-6046,add_to_cart,2026-05-28T02:52:00
10693,U-6047,view_item,2026-05-28T21:49:00
10694,U-6047,add_to_cart,2026-05-28T21:51:00
10695,U-6047,start_checkout,2026-05-28T21:53:00
10696,U-6047,purchase,2026-05-28T21:55:00
10697,U-6048,view_item,2026-05-28T19:21:00
10698,U-6049,view_item,2026-05-28T19:24:00
10699,U-6049,add_to_cart,2026-05-28T19:26:00
10700,U-6050,view_item,2026-05-28T05:47:00
10701,U-6051,view_item,2026-05-28T16:59:00
10702,U-6052,view_item,2026-05-28T01:26:00
10703,U-6053,view_item,2026-05-28T19:39:00
10704,U-6053,add_to_cart,2026-05-28T19:41:00
10705,U-6054,view_item,2026-05-28T15:41:00
10706,U-6055,view_item,2026-05-28T07:46:00
10707,U-6056,view_item,2026-05-28T04:04:00
10708,U-6056,add_to_cart,2026-05-28T04:06:00
10709,U-6057,view_item,2026-05-28T08:03:00
10710,U-6058,view_item,2026-05-28T17:12:00
10711,U-6059,view_item,2026-05-28T20:07:00
10712,U-6059,add_to_cart,2026-05-28T20:09:00
10713,U-6059,start_checkout,2026-05-28T20:11:00
10714,U-6060,view_item,2026-05-28T12:35:00
10715,U-6061,view_item,2026-05-28T09:51:00
10716,U-6061,add_to_cart,2026-05-28T09:53:00
10717,U-6061,start_checkout,2026-05-28T09:55:00
10718,U-6061,purchase,2026-05-28T09:57:00
10719,U-6062,view_item,2026-05-28T19:25:00
10720,U-6063,view_item,2026-05-28T14:25:00
10721,U-6063,add_to_cart,2026-05-28T14:27:00
10722,U-6064,view_item,2026-05-28T15:51:00
10723,U-6065,view_item,2026-05-28T11:41:00
10724,U-6066,view_item,2026-05-28T09:30:00
10725,U-6067,view_item,2026-05-28T09:59:00
10726,U-6068,view_item,2026-05-28T15:31:00
10727,U-6069,view_item,2026-05-28T12:15:00
10728,U-6069,add_to_cart,2026-05-28T12:17:00
10729,U-6070,view_item,2026-05-28T09:36:00
10730,U-6070,add_to_cart,2026-05-28T09:38:00
10731,U-6071,view_item,2026-05-28T08:02:00
10732,U-6071,add_to_cart,2026-05-28T08:04:00
10733,U-6072,view_item,2026-05-28T05:26:00
10734,U-6072,add_to_cart,2026-05-28T05:28:00
10735,U-6072,start_checkout,2026-05-28T05:30:00
10736,U-6072,purchase,2026-05-28T05:32:00
10737,U-6073,view_item,2026-05-28T10:05:00
10738,U-6073,add_to_cart,2026-05-28T10:07:00
10739,U-6073,start_checkout,2026-05-28T10:09:00
10740,U-6073,purchase,2026-05-28T10:11:00
10741,U-6074,view_item,2026-05-28T07:58:00
10742,U-6075,view_item,2026-05-28T07:27:00
10743,U-6075,add_to_cart,2026-05-28T07:29:00
10744,U-6075,start_checkout,2026-05-28T07:31:00
10745,U-6075,purchase,2026-05-28T07:33:00
10746,U-6076,view_item,2026-05-28T00:29:00
10747,U-6076,add_to_cart,2026-05-28T00:31:00
10748,U-6076,start_checkout,2026-05-28T00:33:00
10749,U-6076,purchase,2026-05-28T00:35:00
10750,U-6077,view_item,2026-05-28T04:22:00
10751,U-6078,view_item,2026-05-28T11:09:00
10752,U-6078,add_to_cart,2026-05-28T11:11:00
10753,U-6079,view_item,2026-05-28T06:16:00
10754,U-6080,view_item,2026-05-28T12:07:00
10755,U-6081,view_item,2026-05-28T01:08:00
10756,U-6082,view_item,2026-05-28T02:37:00
10757,U-6083,view_item,2026-05-28T23:27:00
10758,U-6084,view_item,2026-05-28T06:55:00
10759,U-6084,add_to_cart,2026-05-28T06:57:00
10760,U-6085,view_item,2026-05-28T16:27:00
10761,U-6086,view_item,2026-05-28T18:40:00
10762,U-6086,add_to_cart,2026-05-28T18:42:00
10763,U-6087,view_item,2026-05-28T07:48:00
10764,U-6088,view_item,2026-05-28T06:58:00
10765,U-6088,add_to_cart,2026-05-28T07:00:00
10766,U-6089,view_item,2026-05-28T19:29:00
10767,U-6089,add_to_cart,2026-05-28T19:31:00
10768,U-6090,view_item,2026-05-28T16:27:00
10769,U-6090,add_to_cart,2026-05-28T16:29:00
10770,U-6090,start_checkout,2026-05-28T16:31:00
10771,U-6090,purchase,2026-05-28T16:33:00
10772,U-6091,view_item,2026-05-28T09:31:00
10773,U-6091,add_to_cart,2026-05-28T09:33:00
10774,U-6092,view_item,2026-05-28T21:11:00
10775,U-6093,view_item,2026-05-28T05:27:00
10776,U-6094,view_item,2026-05-28T03:13:00
10777,U-6095,view_item,2026-05-28T00:48:00
10778,U-6096,view_item,2026-05-28T16:33:00
10779,U-6097,view_item,2026-05-28T19:06:00
10780,U-6098,view_item,2026-05-28T18:07:00
10781,U-6098,add_to_cart,2026-05-28T18:09:00
10782,U-6098,start_checkout,2026-05-28T18:11:00
10783,U-6099,view_item,2026-05-28T23:50:00
10784,U-6099,add_to_cart,2026-05-28T23:52:00
10785,U-6100,view_item,2026-05-28T08:42:00
10786,U-6100,add_to_cart,2026-05-28T08:44:00
10787,U-6101,view_item,2026-05-28T09:24:00
10788,U-6101,add_to_cart,2026-05-28T09:26:00
10789,U-6101,start_checkout,2026-05-28T09:28:00
10790,U-6102,view_item,2026-05-28T15:25:00
10791,U-6103,view_item,2026-05-28T18:46:00
10792,U-6103,add_to_cart,2026-05-28T18:48:00
10793,U-6104,view_item,2026-05-28T14:22:00
10794,U-6105,view_item,2026-05-28T14:37:00
10795,U-6105,add_to_cart,2026-05-28T14:39:00
10796,U-6105,start_checkout,2026-05-28T14:41:00
10797,U-6105,purchase,2026-05-28T14:43:00
10798,U-6106,view_item,2026-05-28T03:18:00
10799,U-6106,add_to_cart,2026-05-28T03:20:00
10800,U-6106,start_checkout,2026-05-28T03:22:00
10801,U-6107,view_item,2026-05-28T13:50:00
10802,U-6107,add_to_cart,2026-05-28T13:52:00
10803,U-6107,start_checkout,2026-05-28T13:54:00
10804,U-6107,purchase,2026-05-28T13:56:00
10805,U-6108,view_item,2026-05-28T20:22:00
10806,U-6109,view_item,2026-05-28T20:53:00
10807,U-6110,view_item,2026-05-28T21:06:00
10808,U-6111,view_item,2026-05-28T22:39:00
10809,U-6111,add_to_cart,2026-05-28T22:41:00
10810,U-6112,view_item,2026-05-28T09:24:00
10811,U-6112,add_to_cart,2026-05-28T09:26:00
10812,U-6113,view_item,2026-05-28T23:04:00
10813,U-6113,add_to_cart,2026-05-28T23:06:00
10814,U-6114,view_item,2026-05-28T20:41:00
10815,U-6115,view_item,2026-05-28T15:22:00
10816,U-6116,view_item,2026-05-28T23:38:00
10817,U-6117,view_item,2026-05-28T00:24:00
10818,U-6118,view_item,2026-05-28T16:16:00
10819,U-6118,add_to_cart,2026-05-28T16:18:00
10820,U-6119,view_item,2026-05-28T05:34:00
10821,U-6120,view_item,2026-05-28T03:14:00
10822,U-6120,add_to_cart,2026-05-28T03:16:00
10823,U-6120,start_checkout,2026-05-28T03:18:00
10824,U-6121,view_item,2026-05-28T01:08:00
10825,U-6122,view_item,2026-05-28T12:10:00
10826,U-6123,view_item,2026-05-28T11:41:00
10827,U-6123,add_to_cart,2026-05-28T11:43:00
10828,U-6124,view_item,2026-05-28T15:29:00
10829,U-6124,add_to_cart,2026-05-28T15:31:00
10830,U-6125,view_item,2026-05-28T08:49:00
10831,U-6126,view_item,2026-05-28T21:31:00
10832,U-6126,add_to_cart,2026-05-28T21:33:00
10833,U-6126,start_checkout,2026-05-28T21:35:00
10834,U-6126,purchase,2026-05-28T21:37:00
10835,U-6127,view_item,2026-05-28T22:41:00
10836,U-6128,view_item,2026-05-28T17:14:00
10837,U-6129,view_item,2026-05-28T05:28:00
10838,U-6130,view_item,2026-05-28T10:47:00
10839,U-6131,view_item,2026-05-28T11:50:00
10840,U-6131,add_to_cart,2026-05-28T11:52:00
10841,U-6131,start_checkout,2026-05-28T11:54:00
10842,U-6131,purchase,2026-05-28T11:56:00
10843,U-6132,view_item,2026-05-28T09:53:00
10844,U-6133,view_item,2026-05-28T21:23:00
10845,U-6133,add_to_cart,2026-05-28T21:25:00
10846,U-6133,start_checkout,2026-05-28T21:27:00
10847,U-6133,purchase,2026-05-28T21:29:00
10848,U-6134,view_item,2026-05-28T05:22:00
10849,U-6135,view_item,2026-05-28T22:31:00
10850,U-6136,view_item,2026-05-28T18:04:00
10851,U-6136,add_to_cart,2026-05-28T18:06:00
10852,U-6137,view_item,2026-05-28T20:10:00
10853,U-6138,view_item,2026-05-28T23:50:00
10854,U-6139,view_item,2026-05-28T05:23:00
10855,U-6140,view_item,2026-05-28T01:10:00
10856,U-6140,add_to_cart,2026-05-28T01:12:00
10857,U-6141,view_item,2026-05-28T21:32:00
10858,U-6142,view_item,2026-05-28T19:59:00
10859,U-6142,add_to_cart,2026-05-28T20:01:00
10860,U-6142,start_checkout,2026-05-28T20:03:00
10861,U-6143,view_item,2026-05-28T22:09:00
10862,U-6143,add_to_cart,2026-05-28T22:11:00
10863,U-6143,start_checkout,2026-05-28T22:13:00
10864,U-6144,view_item,2026-05-28T13:24:00
10865,U-6145,view_item,2026-05-28T00:41:00
10866,U-6146,view_item,2026-05-28T20:37:00
10867,U-6147,view_item,2026-05-28T10:33:00
10868,U-6147,add_to_cart,2026-05-28T10:35:00
10869,U-6147,start_checkout,2026-05-28T10:37:00
10870,U-6147,purchase,2026-05-28T10:39:00
10871,U-6148,view_item,2026-05-28T06:24:00
10872,U-6148,add_to_cart,2026-05-28T06:26:00
10873,U-6149,view_item,2026-05-28T08:35:00
10874,U-6150,view_item,2026-05-28T02:36:00
10875,U-6150,add_to_cart,2026-05-28T02:38:00
10876,U-6151,view_item,2026-05-28T00:31:00
10877,U-6152,view_item,2026-05-28T09:48:00
10878,U-6152,add_to_cart,2026-05-28T09:50:00
10879,U-6152,start_checkout,2026-05-28T09:52:00
10880,U-6152,purchase,2026-05-28T09:54:00
10881,U-6153,view_item,2026-05-28T07:07:00
10882,U-6153,add_to_cart,2026-05-28T07:09:00
10883,U-6154,view_item,2026-05-28T00:01:00
10884,U-6155,view_item,2026-05-28T07:12:00
10885,U-6156,view_item,2026-05-28T09:51:00
10886,U-6157,view_item,2026-05-28T05:04:00
10887,U-6158,view_item,2026-05-28T00:25:00
10888,U-6159,view_item,2026-05-28T20:53:00
10889,U-6160,view_item,2026-05-28T05:40:00
10890,U-6161,view_item,2026-05-28T05:41:00
10891,U-6162,view_item,2026-05-29T10:04:00
10892,U-6162,add_to_cart,2026-05-29T10:06:00
10893,U-6162,start_checkout,2026-05-29T10:08:00
10894,U-6162,purchase,2026-05-29T10:10:00
10895,U-6163,view_item,2026-05-29T15:55:00
10896,U-6164,view_item,2026-05-29T07:39:00
10897,U-6165,view_item,2026-05-29T13:20:00
10898,U-6165,add_to_cart,2026-05-29T13:22:00
10899,U-6165,start_checkout,2026-05-29T13:24:00
10900,U-6165,purchase,2026-05-29T13:26:00
10901,U-6166,view_item,2026-05-29T04:16:00
10902,U-6167,view_item,2026-05-29T14:54:00
10903,U-6168,view_item,2026-05-29T00:08:00
10904,U-6169,view_item,2026-05-29T01:44:00
10905,U-6170,view_item,2026-05-29T11:46:00
10906,U-6171,view_item,2026-05-29T07:02:00
10907,U-6171,add_to_cart,2026-05-29T07:04:00
10908,U-6172,view_item,2026-05-29T23:51:00
10909,U-6172,add_to_cart,2026-05-29T23:53:00
10910,U-6172,start_checkout,2026-05-29T23:55:00
10911,U-6173,view_item,2026-05-29T22:47:00
10912,U-6173,add_to_cart,2026-05-29T22:49:00
10913,U-6173,start_checkout,2026-05-29T22:51:00
10914,U-6173,purchase,2026-05-29T22:53:00
10915,U-6174,view_item,2026-05-29T08:53:00
10916,U-6174,add_to_cart,2026-05-29T08:55:00
10917,U-6174,start_checkout,2026-05-29T08:57:00
10918,U-6174,purchase,2026-05-29T08:59:00
10919,U-6175,view_item,2026-05-29T21:53:00
10920,U-6175,add_to_cart,2026-05-29T21:55:00
10921,U-6176,view_item,2026-05-29T19:31:00
10922,U-6177,view_item,2026-05-29T11:21:00
10923,U-6178,view_item,2026-05-29T18:09:00
10924,U-6179,view_item,2026-05-29T00:53:00
10925,U-6180,view_item,2026-05-29T02:14:00
10926,U-6181,view_item,2026-05-29T20:54:00
10927,U-6181,add_to_cart,2026-05-29T20:56:00
10928,U-6182,view_item,2026-05-29T17:15:00
10929,U-6183,view_item,2026-05-29T02:28:00
10930,U-6184,view_item,2026-05-29T06:35:00
10931,U-6185,view_item,2026-05-29T01:56:00
10932,U-6185,add_to_cart,2026-05-29T01:58:00
10933,U-6185,start_checkout,2026-05-29T02:00:00
10934,U-6185,purchase,2026-05-29T02:02:00
10935,U-6186,view_item,2026-05-29T12:34:00
10936,U-6186,add_to_cart,2026-05-29T12:36:00
10937,U-6187,view_item,2026-05-29T23:13:00
10938,U-6188,view_item,2026-05-29T10:23:00
10939,U-6189,view_item,2026-05-29T13:30:00
10940,U-6190,view_item,2026-05-29T19:18:00
10941,U-6190,add_to_cart,2026-05-29T19:20:00
10942,U-6191,view_item,2026-05-29T00:42:00
10943,U-6192,view_item,2026-05-29T01:39:00
10944,U-6192,add_to_cart,2026-05-29T01:41:00
10945,U-6192,start_checkout,2026-05-29T01:43:00
10946,U-6193,view_item,2026-05-29T21:52:00
10947,U-6193,add_to_cart,2026-05-29T21:54:00
10948,U-6193,start_checkout,2026-05-29T21:56:00
10949,U-6193,purchase,2026-05-29T21:58:00
10950,U-6194,view_item,2026-05-29T10:03:00
10951,U-6195,view_item,2026-05-29T11:32:00
10952,U-6196,view_item,2026-05-29T20:43:00
10953,U-6197,view_item,2026-05-29T03:14:00
10954,U-6197,add_to_cart,2026-05-29T03:16:00
10955,U-6197,start_checkout,2026-05-29T03:18:00
10956,U-6198,view_item,2026-05-29T02:24:00
10957,U-6199,view_item,2026-05-29T17:47:00
10958,U-6200,view_item,2026-05-29T18:51:00
10959,U-6201,view_item,2026-05-29T23:20:00
10960,U-6201,add_to_cart,2026-05-29T23:22:00
10961,U-6202,view_item,2026-05-29T23:03:00
10962,U-6203,view_item,2026-05-29T05:58:00
10963,U-6204,view_item,2026-05-29T03:21:00
10964,U-6205,view_item,2026-05-29T06:30:00
10965,U-6205,add_to_cart,2026-05-29T06:32:00
10966,U-6205,start_checkout,2026-05-29T06:34:00
10967,U-6206,view_item,2026-05-29T18:42:00
10968,U-6206,add_to_cart,2026-05-29T18:44:00
10969,U-6206,start_checkout,2026-05-29T18:46:00
10970,U-6206,purchase,2026-05-29T18:48:00
10971,U-6207,view_item,2026-05-29T09:54:00
10972,U-6208,view_item,2026-05-29T00:07:00
10973,U-6209,view_item,2026-05-29T06:28:00
10974,U-6210,view_item,2026-05-29T01:52:00
10975,U-6210,add_to_cart,2026-05-29T01:54:00
10976,U-6210,start_checkout,2026-05-29T01:56:00
10977,U-6210,purchase,2026-05-29T01:58:00
10978,U-6211,view_item,2026-05-29T17:52:00
10979,U-6211,add_to_cart,2026-05-29T17:54:00
10980,U-6212,view_item,2026-05-29T11:59:00
10981,U-6212,add_to_cart,2026-05-29T12:01:00
10982,U-6213,view_item,2026-05-29T18:21:00
10983,U-6214,view_item,2026-05-29T08:23:00
10984,U-6215,view_item,2026-05-29T14:57:00
10985,U-6216,view_item,2026-05-29T03:50:00
10986,U-6217,view_item,2026-05-29T12:37:00
10987,U-6218,view_item,2026-05-29T01:34:00
10988,U-6219,view_item,2026-05-29T08:25:00
10989,U-6220,view_item,2026-05-29T02:45:00
10990,U-6220,add_to_cart,2026-05-29T02:47:00
10991,U-6221,view_item,2026-05-29T14:31:00
10992,U-6222,view_item,2026-05-29T21:34:00
10993,U-6223,view_item,2026-05-29T08:18:00
10994,U-6223,add_to_cart,2026-05-29T08:20:00
10995,U-6223,start_checkout,2026-05-29T08:22:00
10996,U-6224,view_item,2026-05-29T16:54:00
10997,U-6224,add_to_cart,2026-05-29T16:56:00
10998,U-6225,view_item,2026-05-29T17:23:00
10999,U-6225,add_to_cart,2026-05-29T17:25:00
11000,U-6225,start_checkout,2026-05-29T17:27:00
11001,U-6225,purchase,2026-05-29T17:29:00
11002,U-6226,view_item,2026-05-29T01:12:00
11003,U-6226,add_to_cart,2026-05-29T01:14:00
11004,U-6226,start_checkout,2026-05-29T01:16:00
11005,U-6227,view_item,2026-05-29T01:13:00
11006,U-6228,view_item,2026-05-29T19:03:00
11007,U-6228,add_to_cart,2026-05-29T19:05:00
11008,U-6228,start_checkout,2026-05-29T19:07:00
11009,U-6229,view_item,2026-05-29T17:29:00
11010,U-6230,view_item,2026-05-29T00:31:00
11011,U-6231,view_item,2026-05-29T19:01:00
11012,U-6232,view_item,2026-05-29T01:58:00
11013,U-6232,add_to_cart,2026-05-29T02:00:00
11014,U-6232,start_checkout,2026-05-29T02:02:00
11015,U-6232,purchase,2026-05-29T02:04:00
11016,U-6233,view_item,2026-05-29T16:38:00
11017,U-6234,view_item,2026-05-29T22:21:00
11018,U-6235,view_item,2026-05-29T03:20:00
11019,U-6236,view_item,2026-05-29T08:47:00
11020,U-6237,view_item,2026-05-29T02:53:00
11021,U-6238,view_item,2026-05-29T14:23:00
11022,U-6239,view_item,2026-05-29T07:07:00
11023,U-6239,add_to_cart,2026-05-29T07:09:00
11024,U-6240,view_item,2026-05-29T16:21:00
11025,U-6240,add_to_cart,2026-05-29T16:23:00
11026,U-6241,view_item,2026-05-29T07:04:00
11027,U-6241,add_to_cart,2026-05-29T07:06:00
11028,U-6241,start_checkout,2026-05-29T07:08:00
11029,U-6241,purchase,2026-05-29T07:10:00
11030,U-6242,view_item,2026-05-29T09:15:00
11031,U-6242,add_to_cart,2026-05-29T09:17:00
11032,U-6243,view_item,2026-05-29T22:57:00
11033,U-6243,add_to_cart,2026-05-29T22:59:00
11034,U-6243,start_checkout,2026-05-29T23:01:00
11035,U-6244,view_item,2026-05-29T16:22:00
11036,U-6245,view_item,2026-05-29T04:05:00
11037,U-6246,view_item,2026-05-29T09:28:00
11038,U-6246,add_to_cart,2026-05-29T09:30:00
11039,U-6247,view_item,2026-05-29T01:38:00
11040,U-6248,view_item,2026-05-29T18:46:00
11041,U-6248,add_to_cart,2026-05-29T18:48:00
11042,U-6249,view_item,2026-05-29T11:30:00
11043,U-6249,add_to_cart,2026-05-29T11:32:00
11044,U-6249,start_checkout,2026-05-29T11:34:00
11045,U-6250,view_item,2026-05-29T08:13:00
11046,U-6250,add_to_cart,2026-05-29T08:15:00
11047,U-6250,start_checkout,2026-05-29T08:17:00
11048,U-6251,view_item,2026-05-29T22:30:00
11049,U-6252,view_item,2026-05-29T18:12:00
11050,U-6253,view_item,2026-05-29T03:59:00
11051,U-6254,view_item,2026-05-29T04:00:00
11052,U-6254,add_to_cart,2026-05-29T04:02:00
11053,U-6254,start_checkout,2026-05-29T04:04:00
11054,U-6254,purchase,2026-05-29T04:06:00
11055,U-6255,view_item,2026-05-29T04:59:00
11056,U-6255,add_to_cart,2026-05-29T05:01:00
11057,U-6255,start_checkout,2026-05-29T05:03:00
11058,U-6256,view_item,2026-05-29T14:33:00
11059,U-6256,add_to_cart,2026-05-29T14:35:00
11060,U-6257,view_item,2026-05-29T08:18:00
11061,U-6258,view_item,2026-05-29T10:00:00
11062,U-6258,add_to_cart,2026-05-29T10:02:00
11063,U-6258,start_checkout,2026-05-29T10:04:00
11064,U-6259,view_item,2026-05-29T23:19:00
11065,U-6259,add_to_cart,2026-05-29T23:21:00
11066,U-6259,start_checkout,2026-05-29T23:23:00
11067,U-6259,purchase,2026-05-29T23:25:00
11068,U-6260,view_item,2026-05-29T11:24:00
11069,U-6260,add_to_cart,2026-05-29T11:26:00
11070,U-6260,start_checkout,2026-05-29T11:28:00
11071,U-6260,purchase,2026-05-29T11:30:00
11072,U-6261,view_item,2026-05-29T07:51:00
11073,U-6262,view_item,2026-05-29T14:28:00
11074,U-6262,add_to_cart,2026-05-29T14:30:00
11075,U-6263,view_item,2026-05-29T00:25:00
11076,U-6264,view_item,2026-05-29T11:23:00
11077,U-6265,view_item,2026-05-29T09:44:00
11078,U-6265,add_to_cart,2026-05-29T09:46:00
11079,U-6266,view_item,2026-05-29T14:49:00
11080,U-6267,view_item,2026-05-29T20:20:00
11081,U-6268,view_item,2026-05-29T06:45:00
11082,U-6269,view_item,2026-05-29T12:30:00
11083,U-6270,view_item,2026-05-29T22:05:00
11084,U-6270,add_to_cart,2026-05-29T22:07:00
11085,U-6271,view_item,2026-05-29T21:30:00
11086,U-6272,view_item,2026-05-29T02:14:00
11087,U-6273,view_item,2026-05-29T10:25:00
11088,U-6273,add_to_cart,2026-05-29T10:27:00
11089,U-6273,start_checkout,2026-05-29T10:29:00
11090,U-6274,view_item,2026-05-29T15:22:00
11091,U-6274,add_to_cart,2026-05-29T15:24:00
11092,U-6274,start_checkout,2026-05-29T15:26:00
11093,U-6274,purchase,2026-05-29T15:28:00
11094,U-6275,view_item,2026-05-29T05:59:00
11095,U-6276,view_item,2026-05-29T20:35:00
11096,U-6277,view_item,2026-05-29T14:16:00
11097,U-6278,view_item,2026-05-29T12:21:00
11098,U-6279,view_item,2026-05-29T21:17:00
11099,U-6279,add_to_cart,2026-05-29T21:19:00
11100,U-6279,start_checkout,2026-05-29T21:21:00
11101,U-6280,view_item,2026-05-29T02:14:00
11102,U-6281,view_item,2026-05-29T09:25:00
11103,U-6282,view_item,2026-05-29T18:13:00
11104,U-6283,view_item,2026-05-29T00:54:00
11105,U-6284,view_item,2026-05-29T23:41:00
11106,U-6284,add_to_cart,2026-05-29T23:43:00
11107,U-6284,start_checkout,2026-05-29T23:45:00
11108,U-6284,purchase,2026-05-29T23:47:00
11109,U-6285,view_item,2026-05-29T08:41:00
11110,U-6286,view_item,2026-05-29T18:29:00
11111,U-6286,add_to_cart,2026-05-29T18:31:00
11112,U-6287,view_item,2026-05-29T03:02:00
11113,U-6287,add_to_cart,2026-05-29T03:04:00
11114,U-6288,view_item,2026-05-29T10:45:00
11115,U-6289,view_item,2026-05-29T00:55:00
11116,U-6289,add_to_cart,2026-05-29T00:57:00
11117,U-6290,view_item,2026-05-29T06:48:00
11118,U-6291,view_item,2026-05-29T18:28:00
11119,U-6292,view_item,2026-05-29T03:51:00
11120,U-6293,view_item,2026-05-29T11:30:00
11121,U-6294,view_item,2026-05-29T00:00:00
11122,U-6295,view_item,2026-05-29T02:10:00
11123,U-6295,add_to_cart,2026-05-29T02:12:00
11124,U-6295,start_checkout,2026-05-29T02:14:00
11125,U-6295,purchase,2026-05-29T02:16:00
11126,U-6296,view_item,2026-05-29T07:58:00
11127,U-6297,view_item,2026-05-29T03:15:00
11128,U-6298,view_item,2026-05-29T11:15:00
11129,U-6298,add_to_cart,2026-05-29T11:17:00
11130,U-6299,view_item,2026-05-29T06:00:00
11131,U-6300,view_item,2026-05-29T13:10:00
11132,U-6301,view_item,2026-05-29T20:40:00
11133,U-6302,view_item,2026-05-29T12:16:00
11134,U-6303,view_item,2026-05-29T01:02:00
11135,U-6304,view_item,2026-05-29T22:24:00
11136,U-6304,add_to_cart,2026-05-29T22:26:00
11137,U-6304,start_checkout,2026-05-29T22:28:00
11138,U-6304,purchase,2026-05-29T22:30:00
11139,U-6305,view_item,2026-05-29T11:23:00
11140,U-6305,add_to_cart,2026-05-29T11:25:00
11141,U-6305,start_checkout,2026-05-29T11:27:00
11142,U-6305,purchase,2026-05-29T11:29:00
11143,U-6306,view_item,2026-05-29T17:36:00
11144,U-6306,add_to_cart,2026-05-29T17:38:00
11145,U-6307,view_item,2026-05-29T07:42:00
11146,U-6308,view_item,2026-05-29T05:30:00
11147,U-6308,add_to_cart,2026-05-29T05:32:00
11148,U-6309,view_item,2026-05-29T11:33:00
11149,U-6309,add_to_cart,2026-05-29T11:35:00
11150,U-6309,start_checkout,2026-05-29T11:37:00
11151,U-6310,view_item,2026-05-29T13:03:00
11152,U-6311,view_item,2026-05-29T20:05:00
11153,U-6312,view_item,2026-05-29T01:20:00
11154,U-6312,add_to_cart,2026-05-29T01:22:00
11155,U-6312,start_checkout,2026-05-29T01:24:00
11156,U-6312,purchase,2026-05-29T01:26:00
11157,U-6313,view_item,2026-05-29T01:19:00
11158,U-6313,add_to_cart,2026-05-29T01:21:00
11159,U-6313,start_checkout,2026-05-29T01:23:00
11160,U-6313,purchase,2026-05-29T01:25:00
11161,U-6314,view_item,2026-05-29T11:40:00
11162,U-6314,add_to_cart,2026-05-29T11:42:00
11163,U-6315,view_item,2026-05-29T01:56:00
11164,U-6315,add_to_cart,2026-05-29T01:58:00
11165,U-6315,start_checkout,2026-05-29T02:00:00
11166,U-6316,view_item,2026-05-29T15:41:00
11167,U-6317,view_item,2026-05-29T10:26:00
11168,U-6317,add_to_cart,2026-05-29T10:28:00
11169,U-6317,start_checkout,2026-05-29T10:30:00
11170,U-6317,purchase,2026-05-29T10:32:00
11171,U-6318,view_item,2026-05-29T20:00:00
11172,U-6319,view_item,2026-05-29T13:09:00
11173,U-6319,add_to_cart,2026-05-29T13:11:00
11174,U-6319,start_checkout,2026-05-29T13:13:00
11175,U-6320,view_item,2026-05-29T11:39:00
11176,U-6320,add_to_cart,2026-05-29T11:41:00
11177,U-6321,view_item,2026-05-29T22:01:00
11178,U-6321,add_to_cart,2026-05-29T22:03:00
11179,U-6321,start_checkout,2026-05-29T22:05:00
11180,U-6322,view_item,2026-05-29T07:04:00
11181,U-6322,add_to_cart,2026-05-29T07:06:00
11182,U-6322,start_checkout,2026-05-29T07:08:00
11183,U-6323,view_item,2026-05-29T08:21:00
11184,U-6323,add_to_cart,2026-05-29T08:23:00
11185,U-6323,start_checkout,2026-05-29T08:25:00
11186,U-6324,view_item,2026-05-29T03:18:00
11187,U-6324,add_to_cart,2026-05-29T03:20:00
11188,U-6325,view_item,2026-05-29T20:10:00
11189,U-6326,view_item,2026-05-29T17:56:00
11190,U-6326,add_to_cart,2026-05-29T17:58:00
11191,U-6327,view_item,2026-05-29T11:32:00
11192,U-6328,view_item,2026-05-29T20:47:00
11193,U-6328,add_to_cart,2026-05-29T20:49:00
11194,U-6329,view_item,2026-05-29T05:20:00
11195,U-6330,view_item,2026-05-29T16:53:00
11196,U-6330,add_to_cart,2026-05-29T16:55:00
11197,U-6331,view_item,2026-05-29T23:38:00
11198,U-6332,view_item,2026-05-29T16:32:00
11199,U-6333,view_item,2026-05-29T14:19:00
11200,U-6333,add_to_cart,2026-05-29T14:21:00
11201,U-6333,start_checkout,2026-05-29T14:23:00
11202,U-6333,purchase,2026-05-29T14:25:00
11203,U-6334,view_item,2026-05-29T20:27:00
11204,U-6335,view_item,2026-05-29T15:34:00
11205,U-6336,view_item,2026-05-29T03:09:00
11206,U-6337,view_item,2026-05-29T23:24:00
11207,U-6338,view_item,2026-05-29T21:28:00
11208,U-6339,view_item,2026-05-29T23:10:00
11209,U-6340,view_item,2026-05-29T02:47:00
11210,U-6341,view_item,2026-05-29T07:28:00
11211,U-6341,add_to_cart,2026-05-29T07:30:00
11212,U-6341,start_checkout,2026-05-29T07:32:00
11213,U-6342,view_item,2026-05-29T18:47:00
11214,U-6343,view_item,2026-05-29T02:34:00
11215,U-6344,view_item,2026-05-29T20:12:00
11216,U-6345,view_item,2026-05-30T12:11:00
11217,U-6346,view_item,2026-05-30T05:02:00
11218,U-6346,add_to_cart,2026-05-30T05:04:00
11219,U-6346,start_checkout,2026-05-30T05:06:00
11220,U-6347,view_item,2026-05-30T17:17:00
11221,U-6347,add_to_cart,2026-05-30T17:19:00
11222,U-6348,view_item,2026-05-30T22:04:00
11223,U-6349,view_item,2026-05-30T03:28:00
11224,U-6349,add_to_cart,2026-05-30T03:30:00
11225,U-6350,view_item,2026-05-30T19:28:00
11226,U-6350,add_to_cart,2026-05-30T19:30:00
11227,U-6350,start_checkout,2026-05-30T19:32:00
11228,U-6351,view_item,2026-05-30T13:32:00
11229,U-6352,view_item,2026-05-30T08:40:00
11230,U-6353,view_item,2026-05-30T23:49:00
11231,U-6354,view_item,2026-05-30T14:05:00
11232,U-6355,view_item,2026-05-30T13:31:00
11233,U-6356,view_item,2026-05-30T20:53:00
11234,U-6357,view_item,2026-05-30T09:39:00
11235,U-6358,view_item,2026-05-30T05:07:00
11236,U-6358,add_to_cart,2026-05-30T05:09:00
11237,U-6359,view_item,2026-05-30T11:29:00
11238,U-6360,view_item,2026-05-30T21:04:00
11239,U-6361,view_item,2026-05-30T08:58:00
11240,U-6362,view_item,2026-05-30T13:25:00
11241,U-6363,view_item,2026-05-30T07:13:00
11242,U-6363,add_to_cart,2026-05-30T07:15:00
11243,U-6364,view_item,2026-05-30T04:10:00
11244,U-6365,view_item,2026-05-30T00:04:00
11245,U-6365,add_to_cart,2026-05-30T00:06:00
11246,U-6366,view_item,2026-05-30T17:15:00
11247,U-6366,add_to_cart,2026-05-30T17:17:00
11248,U-6367,view_item,2026-05-30T18:13:00
11249,U-6368,view_item,2026-05-30T13:14:00
11250,U-6369,view_item,2026-05-30T12:33:00
11251,U-6370,view_item,2026-05-30T18:21:00
11252,U-6371,view_item,2026-05-30T16:43:00
11253,U-6371,add_to_cart,2026-05-30T16:45:00
11254,U-6371,start_checkout,2026-05-30T16:47:00
11255,U-6371,purchase,2026-05-30T16:49:00
11256,U-6372,view_item,2026-05-30T21:32:00
11257,U-6373,view_item,2026-05-30T08:18:00
11258,U-6373,add_to_cart,2026-05-30T08:20:00
11259,U-6374,view_item,2026-05-30T03:16:00
11260,U-6374,add_to_cart,2026-05-30T03:18:00
11261,U-6375,view_item,2026-05-30T01:09:00
11262,U-6375,add_to_cart,2026-05-30T01:11:00
11263,U-6376,view_item,2026-05-30T01:10:00
11264,U-6377,view_item,2026-05-30T18:19:00
11265,U-6378,view_item,2026-05-30T23:08:00
11266,U-6378,add_to_cart,2026-05-30T23:10:00
11267,U-6379,view_item,2026-05-30T22:54:00
11268,U-6379,add_to_cart,2026-05-30T22:56:00
11269,U-6379,start_checkout,2026-05-30T22:58:00
11270,U-6380,view_item,2026-05-30T21:29:00
11271,U-6381,view_item,2026-05-30T17:05:00
11272,U-6382,view_item,2026-05-30T14:04:00
11273,U-6383,view_item,2026-05-30T18:39:00
11274,U-6383,add_to_cart,2026-05-30T18:41:00
11275,U-6383,start_checkout,2026-05-30T18:43:00
11276,U-6383,purchase,2026-05-30T18:45:00
11277,U-6384,view_item,2026-05-30T21:33:00
11278,U-6384,add_to_cart,2026-05-30T21:35:00
11279,U-6384,start_checkout,2026-05-30T21:37:00
11280,U-6384,purchase,2026-05-30T21:39:00
11281,U-6385,view_item,2026-05-30T17:10:00
11282,U-6386,view_item,2026-05-30T15:47:00
11283,U-6386,add_to_cart,2026-05-30T15:49:00
11284,U-6386,start_checkout,2026-05-30T15:51:00
11285,U-6386,purchase,2026-05-30T15:53:00
11286,U-6387,view_item,2026-05-30T09:22:00
11287,U-6388,view_item,2026-05-30T15:30:00
11288,U-6388,add_to_cart,2026-05-30T15:32:00
11289,U-6388,start_checkout,2026-05-30T15:34:00
11290,U-6388,purchase,2026-05-30T15:36:00
11291,U-6389,view_item,2026-05-30T22:18:00
11292,U-6390,view_item,2026-05-30T13:43:00
11293,U-6390,add_to_cart,2026-05-30T13:45:00
11294,U-6391,view_item,2026-05-30T07:53:00
11295,U-6392,view_item,2026-05-30T20:37:00
11296,U-6393,view_item,2026-05-30T10:31:00
11297,U-6393,add_to_cart,2026-05-30T10:33:00
11298,U-6393,start_checkout,2026-05-30T10:35:00
11299,U-6393,purchase,2026-05-30T10:37:00
11300,U-6394,view_item,2026-05-30T07:35:00
11301,U-6394,add_to_cart,2026-05-30T07:37:00
11302,U-6394,start_checkout,2026-05-30T07:39:00
11303,U-6394,purchase,2026-05-30T07:41:00
11304,U-6395,view_item,2026-05-30T17:43:00
11305,U-6395,add_to_cart,2026-05-30T17:45:00
11306,U-6395,start_checkout,2026-05-30T17:47:00
11307,U-6395,purchase,2026-05-30T17:49:00
11308,U-6396,view_item,2026-05-30T03:24:00
11309,U-6397,view_item,2026-05-30T13:53:00
11310,U-6398,view_item,2026-05-30T22:57:00
11311,U-6398,add_to_cart,2026-05-30T22:59:00
11312,U-6398,start_checkout,2026-05-30T23:01:00
11313,U-6399,view_item,2026-05-30T18:04:00
11314,U-6400,view_item,2026-05-30T08:53:00
11315,U-6400,add_to_cart,2026-05-30T08:55:00
11316,U-6400,start_checkout,2026-05-30T08:57:00
11317,U-6400,purchase,2026-05-30T08:59:00
11318,U-6401,view_item,2026-05-30T11:26:00
11319,U-6402,view_item,2026-05-30T10:06:00
11320,U-6402,add_to_cart,2026-05-30T10:08:00
11321,U-6402,start_checkout,2026-05-30T10:10:00
11322,U-6402,purchase,2026-05-30T10:12:00
11323,U-6403,view_item,2026-05-30T14:14:00
11324,U-6403,add_to_cart,2026-05-30T14:16:00
11325,U-6403,start_checkout,2026-05-30T14:18:00
11326,U-6403,purchase,2026-05-30T14:20:00
11327,U-6404,view_item,2026-05-30T07:02:00
11328,U-6405,view_item,2026-05-30T21:10:00
11329,U-6406,view_item,2026-05-30T10:32:00
11330,U-6407,view_item,2026-05-30T20:42:00
11331,U-6408,view_item,2026-05-30T17:52:00
11332,U-6408,add_to_cart,2026-05-30T17:54:00
11333,U-6408,start_checkout,2026-05-30T17:56:00
11334,U-6409,view_item,2026-05-30T07:28:00
11335,U-6410,view_item,2026-05-30T23:56:00
11336,U-6411,view_item,2026-05-30T02:06:00
11337,U-6412,view_item,2026-05-30T12:10:00
11338,U-6413,view_item,2026-05-30T15:05:00
11339,U-6413,add_to_cart,2026-05-30T15:07:00
11340,U-6413,start_checkout,2026-05-30T15:09:00
11341,U-6413,purchase,2026-05-30T15:11:00
11342,U-6414,view_item,2026-05-30T17:32:00
11343,U-6414,add_to_cart,2026-05-30T17:34:00
11344,U-6414,start_checkout,2026-05-30T17:36:00
11345,U-6414,purchase,2026-05-30T17:38:00
11346,U-6415,view_item,2026-05-30T14:31:00
11347,U-6416,view_item,2026-05-30T02:01:00
11348,U-6417,view_item,2026-05-30T08:49:00
11349,U-6417,add_to_cart,2026-05-30T08:51:00
11350,U-6418,view_item,2026-05-30T03:45:00
11351,U-6418,add_to_cart,2026-05-30T03:47:00
11352,U-6419,view_item,2026-05-30T00:00:00
11353,U-6420,view_item,2026-05-30T20:05:00
11354,U-6421,view_item,2026-05-30T15:28:00
11355,U-6421,add_to_cart,2026-05-30T15:30:00
11356,U-6422,view_item,2026-05-30T13:55:00
11357,U-6423,view_item,2026-05-30T03:43:00
11358,U-6424,view_item,2026-05-30T03:14:00
11359,U-6425,view_item,2026-05-30T20:35:00
11360,U-6426,view_item,2026-05-30T06:11:00
11361,U-6426,add_to_cart,2026-05-30T06:13:00
11362,U-6427,view_item,2026-05-30T12:30:00
11363,U-6428,view_item,2026-05-30T06:48:00
11364,U-6429,view_item,2026-05-30T10:26:00
11365,U-6429,add_to_cart,2026-05-30T10:28:00
11366,U-6430,view_item,2026-05-30T17:36:00
11367,U-6430,add_to_cart,2026-05-30T17:38:00
11368,U-6430,start_checkout,2026-05-30T17:40:00
11369,U-6431,view_item,2026-05-30T19:27:00
11370,U-6431,add_to_cart,2026-05-30T19:29:00
11371,U-6432,view_item,2026-05-30T00:20:00
11372,U-6432,add_to_cart,2026-05-30T00:22:00
11373,U-6432,start_checkout,2026-05-30T00:24:00
11374,U-6433,view_item,2026-05-30T00:13:00
11375,U-6434,view_item,2026-05-30T16:07:00
11376,U-6435,view_item,2026-05-30T20:21:00
11377,U-6436,view_item,2026-05-30T18:32:00
11378,U-6436,add_to_cart,2026-05-30T18:34:00
11379,U-6437,view_item,2026-05-30T05:33:00
11380,U-6437,add_to_cart,2026-05-30T05:35:00
11381,U-6438,view_item,2026-05-30T19:48:00
11382,U-6439,view_item,2026-05-30T21:04:00
11383,U-6440,view_item,2026-05-30T11:51:00
11384,U-6441,view_item,2026-05-30T22:49:00
11385,U-6442,view_item,2026-05-30T10:53:00
11386,U-6443,view_item,2026-05-30T10:27:00
11387,U-6443,add_to_cart,2026-05-30T10:29:00
11388,U-6444,view_item,2026-05-30T14:44:00
11389,U-6445,view_item,2026-05-30T15:18:00
11390,U-6445,add_to_cart,2026-05-30T15:20:00
11391,U-6446,view_item,2026-05-30T01:57:00
11392,U-6447,view_item,2026-05-30T10:01:00
11393,U-6447,add_to_cart,2026-05-30T10:03:00
11394,U-6448,view_item,2026-05-30T17:43:00
11395,U-6449,view_item,2026-05-30T15:50:00
11396,U-6449,add_to_cart,2026-05-30T15:52:00
11397,U-6449,start_checkout,2026-05-30T15:54:00
11398,U-6449,purchase,2026-05-30T15:56:00
11399,U-6450,view_item,2026-05-30T11:18:00
11400,U-6451,view_item,2026-05-30T03:08:00
11401,U-6452,view_item,2026-05-30T16:11:00
11402,U-6453,view_item,2026-05-30T09:53:00
11403,U-6453,add_to_cart,2026-05-30T09:55:00
11404,U-6453,start_checkout,2026-05-30T09:57:00
11405,U-6454,view_item,2026-05-30T07:24:00
11406,U-6455,view_item,2026-05-30T10:12:00
11407,U-6456,view_item,2026-05-30T06:21:00
11408,U-6457,view_item,2026-05-30T18:25:00
11409,U-6458,view_item,2026-05-30T05:52:00
11410,U-6459,view_item,2026-05-30T20:23:00
11411,U-6459,add_to_cart,2026-05-30T20:25:00
11412,U-6460,view_item,2026-05-30T14:44:00
11413,U-6461,view_item,2026-05-30T20:46:00
11414,U-6461,add_to_cart,2026-05-30T20:48:00
11415,U-6461,start_checkout,2026-05-30T20:50:00
11416,U-6461,purchase,2026-05-30T20:52:00
11417,U-6462,view_item,2026-05-30T09:37:00
11418,U-6463,view_item,2026-05-30T06:11:00
11419,U-6464,view_item,2026-05-30T22:33:00
11420,U-6464,add_to_cart,2026-05-30T22:35:00
11421,U-6465,view_item,2026-05-30T07:08:00
11422,U-6466,view_item,2026-05-30T15:42:00
11423,U-6467,view_item,2026-05-30T19:29:00
11424,U-6468,view_item,2026-05-30T01:25:00
11425,U-6468,add_to_cart,2026-05-30T01:27:00
11426,U-6469,view_item,2026-05-30T11:48:00
11427,U-6470,view_item,2026-05-30T14:26:00
11428,U-6471,view_item,2026-05-30T09:07:00
11429,U-6471,add_to_cart,2026-05-30T09:09:00
11430,U-6472,view_item,2026-05-30T12:43:00
11431,U-6472,add_to_cart,2026-05-30T12:45:00
11432,U-6473,view_item,2026-05-30T14:13:00
11433,U-6474,view_item,2026-05-30T13:43:00
11434,U-6475,view_item,2026-05-30T15:25:00
11435,U-6475,add_to_cart,2026-05-30T15:27:00
11436,U-6475,start_checkout,2026-05-30T15:29:00
11437,U-6475,purchase,2026-05-30T15:31:00
11438,U-6476,view_item,2026-05-30T21:41:00
11439,U-6476,add_to_cart,2026-05-30T21:43:00
11440,U-6476,start_checkout,2026-05-30T21:45:00
11441,U-6476,purchase,2026-05-30T21:47:00
11442,U-6477,view_item,2026-05-30T03:41:00
11443,U-6478,view_item,2026-05-30T23:36:00
11444,U-6478,add_to_cart,2026-05-30T23:38:00
11445,U-6479,view_item,2026-05-30T06:19:00
11446,U-6480,view_item,2026-05-30T02:42:00
11447,U-6480,add_to_cart,2026-05-30T02:44:00
11448,U-6481,view_item,2026-05-30T19:28:00
11449,U-6481,add_to_cart,2026-05-30T19:30:00
11450,U-6482,view_item,2026-05-30T10:37:00
11451,U-6482,add_to_cart,2026-05-30T10:39:00
11452,U-6483,view_item,2026-05-30T21:26:00
11453,U-6484,view_item,2026-05-30T01:56:00
11454,U-6484,add_to_cart,2026-05-30T01:58:00
11455,U-6485,view_item,2026-05-30T07:13:00
11456,U-6486,view_item,2026-05-30T06:42:00
11457,U-6486,add_to_cart,2026-05-30T06:44:00
11458,U-6487,view_item,2026-05-30T01:44:00
11459,U-6487,add_to_cart,2026-05-30T01:46:00
11460,U-6488,view_item,2026-05-30T03:49:00
11461,U-6488,add_to_cart,2026-05-30T03:51:00
11462,U-6488,start_checkout,2026-05-30T03:53:00
11463,U-6489,view_item,2026-05-30T16:20:00
11464,U-6490,view_item,2026-05-30T10:02:00
11465,U-6490,add_to_cart,2026-05-30T10:04:00
11466,U-6491,view_item,2026-05-30T01:47:00
11467,U-6492,view_item,2026-05-30T06:21:00
11468,U-6492,add_to_cart,2026-05-30T06:23:00
11469,U-6492,start_checkout,2026-05-30T06:25:00
11470,U-6493,view_item,2026-05-30T12:01:00
11471,U-6493,add_to_cart,2026-05-30T12:03:00
11472,U-6494,view_item,2026-05-30T04:47:00
11473,U-6494,add_to_cart,2026-05-30T04:49:00
11474,U-6495,view_item,2026-05-30T20:38:00
11475,U-6496,view_item,2026-05-30T22:28:00
11476,U-6496,add_to_cart,2026-05-30T22:30:00
11477,U-6497,view_item,2026-05-30T15:59:00
11478,U-6498,view_item,2026-05-30T07:24:00
11479,U-6498,add_to_cart,2026-05-30T07:26:00
11480,U-6498,start_checkout,2026-05-30T07:28:00
11481,U-6499,view_item,2026-05-30T19:16:00
11482,U-6500,view_item,2026-05-30T07:32:00
11483,U-6501,view_item,2026-05-30T01:26:00
11484,U-6501,add_to_cart,2026-05-30T01:28:00
11485,U-6502,view_item,2026-05-30T15:32:00
11486,U-6502,add_to_cart,2026-05-30T15:34:00
11487,U-6503,view_item,2026-05-30T21:59:00
11488,U-6504,view_item,2026-05-30T02:36:00
11489,U-6505,view_item,2026-05-30T22:20:00
11490,U-6506,view_item,2026-05-30T05:20:00
11491,U-6506,add_to_cart,2026-05-30T05:22:00
11492,U-6507,view_item,2026-05-30T14:30:00
11493,U-6507,add_to_cart,2026-05-30T14:32:00
11494,U-6507,start_checkout,2026-05-30T14:34:00
11495,U-6507,purchase,2026-05-30T14:36:00
11496,U-6508,view_item,2026-05-30T08:13:00
11497,U-6508,add_to_cart,2026-05-30T08:15:00
11498,U-6508,start_checkout,2026-05-30T08:17:00
11499,U-6508,purchase,2026-05-30T08:19:00
11500,U-6509,view_item,2026-05-30T20:27:00
11501,U-6509,add_to_cart,2026-05-30T20:29:00
11502,U-6510,view_item,2026-05-30T16:01:00
11503,U-6510,add_to_cart,2026-05-30T16:03:00
11504,U-6511,view_item,2026-05-30T10:24:00
11505,U-6511,add_to_cart,2026-05-30T10:26:00
11506,U-6511,start_checkout,2026-05-30T10:28:00
11507,U-6512,view_item,2026-05-30T08:09:00
11508,U-6512,add_to_cart,2026-05-30T08:11:00
11509,U-6513,view_item,2026-05-30T18:32:00
11510,U-6514,view_item,2026-05-30T03:03:00
11511,U-6514,add_to_cart,2026-05-30T03:05:00
11512,U-6515,view_item,2026-05-30T16:12:00
11513,U-6516,view_item,2026-05-30T01:59:00
11514,U-6517,view_item,2026-05-30T17:24:00
11515,U-6518,view_item,2026-05-30T08:21:00
11516,U-6518,add_to_cart,2026-05-30T08:23:00
11517,U-6518,start_checkout,2026-05-30T08:25:00
11518,U-6518,purchase,2026-05-30T08:27:00
11519,U-6519,view_item,2026-05-30T18:46:00
11520,U-6519,add_to_cart,2026-05-30T18:48:00
11521,U-6520,view_item,2026-05-30T04:50:00
11522,U-6521,view_item,2026-05-30T17:41:00
11523,U-6521,add_to_cart,2026-05-30T17:43:00
11524,U-6522,view_item,2026-05-30T10:51:00
11525,U-6523,view_item,2026-05-30T14:18:00
11526,U-6524,view_item,2026-05-30T03:00:00
11527,U-6525,view_item,2026-05-30T01:59:00
11528,U-6525,add_to_cart,2026-05-30T02:01:00
11529,U-6526,view_item,2026-05-30T14:00:00
11530,U-6526,add_to_cart,2026-05-30T14:02:00
11531,U-6526,start_checkout,2026-05-30T14:04:00
11532,U-6526,purchase,2026-05-30T14:06:00
11533,U-6527,view_item,2026-05-30T04:03:00
11534,U-6528,view_item,2026-05-30T08:07:00
11535,U-6528,add_to_cart,2026-05-30T08:09:00
11536,U-6528,start_checkout,2026-05-30T08:11:00
11537,U-6529,view_item,2026-05-30T19:18:00
11538,U-6529,add_to_cart,2026-05-30T19:20:00
11539,U-6529,start_checkout,2026-05-30T19:22:00
11540,U-6529,purchase,2026-05-30T19:24:00
11541,U-6530,view_item,2026-05-30T07:18:00
11542,U-6531,view_item,2026-05-30T14:11:00
11543,U-6531,add_to_cart,2026-05-30T14:13:00
11544,U-6532,view_item,2026-05-30T14:16:00
11545,U-6533,view_item,2026-05-30T20:46:00
11546,U-6534,view_item,2026-05-30T20:25:00
11547,U-6535,view_item,2026-05-30T20:34:00
11548,U-6536,view_item,2026-05-30T02:31:00
11549,U-6537,view_item,2026-05-30T02:40:00
11550,U-6538,view_item,2026-05-30T03:21:00
11551,U-6538,add_to_cart,2026-05-30T03:23:00
11552,U-6538,start_checkout,2026-05-30T03:25:00
11553,U-6538,purchase,2026-05-30T03:27:00
11554,U-6539,view_item,2026-05-30T01:26:00
11555,U-6539,add_to_cart,2026-05-30T01:28:00
11556,U-6539,start_checkout,2026-05-30T01:30:00
11557,U-6539,purchase,2026-05-30T01:32:00
11558,U-6540,view_item,2026-05-30T08:15:00
11559,U-6540,add_to_cart,2026-05-30T08:17:00
11560,U-6540,start_checkout,2026-05-30T08:19:00
11561,U-6540,purchase,2026-05-30T08:21:00
11562,U-6541,view_item,2026-05-30T14:23:00
11563,U-6542,view_item,2026-05-30T08:29:00
11564,U-6543,view_item,2026-05-30T00:54:00
11565,U-6543,add_to_cart,2026-05-30T00:56:00
11566,U-6543,start_checkout,2026-05-30T00:58:00
11567,U-6543,purchase,2026-05-30T01:00:00
11568,U-6544,view_item,2026-05-30T22:04:00
11569,U-6545,view_item,2026-05-30T20:29:00
11570,U-6545,add_to_cart,2026-05-30T20:31:00
11571,U-6546,view_item,2026-05-30T04:58:00
11572,U-6547,view_item,2026-05-30T11:35:00
11573,U-6548,view_item,2026-05-30T08:02:00
11574,U-6549,view_item,2026-05-30T23:54:00
11575,U-6549,add_to_cart,2026-05-30T23:56:00
11576,U-6550,view_item,2026-05-30T15:43:00
11577,U-6551,view_item,2026-05-30T22:51:00
11578,U-6551,add_to_cart,2026-05-30T22:53:00
11579,U-6551,start_checkout,2026-05-30T22:55:00
11580,U-6551,purchase,2026-05-30T22:57:00
11581,U-6552,view_item,2026-05-30T11:58:00
11582,U-6553,view_item,2026-05-30T19:40:00
11583,U-6553,add_to_cart,2026-05-30T19:42:00
11584,U-6553,start_checkout,2026-05-30T19:44:00
11585,U-6553,purchase,2026-05-30T19:46:00
11586,U-6554,view_item,2026-05-30T14:58:00
11587,U-6554,add_to_cart,2026-05-30T15:00:00
11588,U-6554,start_checkout,2026-05-30T15:02:00
11589,U-6555,view_item,2026-05-30T21:10:00
11590,U-6556,view_item,2026-05-30T15:59:00
11591,U-6557,view_item,2026-05-30T17:10:00
11592,U-6557,add_to_cart,2026-05-30T17:12:00
11593,U-6557,start_checkout,2026-05-30T17:14:00
11594,U-6557,purchase,2026-05-30T17:16:00
11595,U-6558,view_item,2026-05-30T01:51:00
11596,U-6559,view_item,2026-05-30T16:57:00
11597,U-6559,add_to_cart,2026-05-30T16:59:00
11598,U-6560,view_item,2026-05-30T22:20:00
11599,U-6561,view_item,2026-05-30T17:30:00
11600,U-6562,view_item,2026-05-30T05:55:00
11601,U-6563,view_item,2026-05-30T03:59:00
11602,U-6564,view_item,2026-05-30T14:39:00
11603,U-6565,view_item,2026-05-30T16:58:00
11604,U-6565,add_to_cart,2026-05-30T17:00:00
11605,U-6566,view_item,2026-05-30T07:11:00
11606,U-6567,view_item,2026-05-30T06:19:00
11607,U-6567,add_to_cart,2026-05-30T06:21:00
11608,U-6567,start_checkout,2026-05-30T06:23:00
11609,U-6567,purchase,2026-05-30T06:25:00
11610,U-6568,view_item,2026-05-30T16:15:00
11611,U-6569,view_item,2026-05-30T16:06:00
11612,U-6569,add_to_cart,2026-05-30T16:08:00
11613,U-6569,start_checkout,2026-05-30T16:10:00
11614,U-6569,purchase,2026-05-30T16:12:00
11615,U-6570,view_item,2026-05-30T00:28:00
11616,U-6570,add_to_cart,2026-05-30T00:30:00
11617,U-6571,view_item,2026-05-30T09:54:00
11618,U-6572,view_item,2026-05-30T03:55:00
11619,U-6573,view_item,2026-05-30T12:08:00
11620,U-6574,view_item,2026-05-30T15:46:00
11621,U-6574,add_to_cart,2026-05-30T15:48:00
11622,U-6574,start_checkout,2026-05-30T15:50:00
11623,U-6574,purchase,2026-05-30T15:52:00
11624,U-6575,view_item,2026-05-30T03:39:00
11625,U-6576,view_item,2026-05-30T22:33:00
11626,U-6577,view_item,2026-05-30T11:32:00
11627,U-6577,add_to_cart,2026-05-30T11:34:00
11628,U-6577,start_checkout,2026-05-30T11:36:00
11629,U-6578,view_item,2026-05-30T13:06:00
11630,U-6579,view_item,2026-05-30T07:16:00
11631,U-6579,add_to_cart,2026-05-30T07:18:00
11632,U-6579,start_checkout,2026-05-30T07:20:00
11633,U-6579,purchase,2026-05-30T07:22:00
11634,U-6580,view_item,2026-05-30T11:23:00
11635,U-6580,add_to_cart,2026-05-30T11:25:00
