order_id,order_date,category,channel,quantity,revenue,cogs
NR-8236,2026-05-06,Home Goods,Retail Store,3,173.8,87.84
NR-8577,2026-06-19,Beauty,Retail Store,3,86.33,33.69
NR-7469,2026-01-11,Beauty,Web,1,31.5,12.57
NR-5278,2025-02-08,Apparel,Retail Store,1,44.11,20.83
NR-8434,2026-06-01,Electronics,Web,1,191.11,142.7
NR-6732,2025-10-19,Home Goods,Retail Store,1,76.96,40.2
NR-5978,2025-06-03,Home Goods,Web,3,184.68,101.46
NR-8029,2026-04-10,Home Goods,Retail Store,2,123.01,65.18
NR-6438,2025-08-27,Beauty,Web,2,64.33,25.47
NR-5684,2025-04-05,Beauty,Web,2,70.66,28.08
NR-7102,2025-11-12,Outdoor,Marketplace,2,177.77,92.75
NR-5569,2025-04-06,Electronics,Web,2,487.91,269.53
NR-5126,2025-01-23,Beauty,Web,2,70.82,27.81
NR-5975,2025-06-03,Home Goods,Web,3,189.76,101.24
NR-7577,2026-02-14,Electronics,Web,1,205.36,140.22
NR-5295,2025-02-03,Beauty,Web,3,88.55,35.25
NR-6236,2025-07-04,Beauty,Retail Store,1,35.46,14.47
NR-5559,2025-04-27,Electronics,Retail Store,3,723.47,380.68
NR-6523,2025-09-18,Electronics,Retail Store,1,191.33,107.33
NR-8017,2026-04-14,Home Goods,Web,2,124.74,64.14
NR-6658,2025-09-08,Outdoor,Retail Store,1,103.76,51.54
NR-5690,2025-04-25,Beauty,Web,1,36.39,15.41
NR-6546,2025-09-05,Home Goods,Web,2,142.76,75.0
NR-7401,2026-01-13,Home Goods,Web,3,187.95,94.21
NR-5815,2025-05-09,Home Goods,Web,3,230.23,115.99
NR-6564,2025-09-09,Home Goods,Retail Store,1,67.01,35.49
NR-6105,2025-07-02,Electronics,Web,3,756.55,406.96
NR-6951,2025-11-12,Home Goods,Retail Store,3,197.66,104.66
NR-8271,2026-05-25,Apparel,Retail Store,3,131.12,59.82
NR-6624,2025-09-23,Beauty,Web,3,113.37,43.07
NR-6062,2025-06-10,Beauty,Marketplace,3,105.34,41.04
NR-6610,2025-09-14,Beauty,Retail Store,1,35.16,14.0
NR-6431,2025-08-18,Beauty,Retail Store,3,108.29,43.63
NR-5163,2025-01-13,Outdoor,Web,3,248.54,121.68
NR-6545,2025-09-11,Home Goods,Web,1,61.51,31.1
NR-6686,2025-09-27,Outdoor,Retail Store,3,302.45,149.13
NR-5425,2025-03-09,Home Goods,Web,3,201.68,101.55
NR-7410,2026-01-21,Apparel,Retail Store,1,52.07,26.07
NR-6203,2025-07-06,Apparel,Web,3,123.48,59.4
NR-7232,2025-12-16,Apparel,Web,2,114.27,53.17
NR-7747,2026-03-07,Electronics,Web,1,209.2,142.3
NR-8070,2026-04-25,Apparel,Web,1,44.33,21.36
NR-5845,2025-05-21,Apparel,Marketplace,1,56.48,26.27
NR-5412,2025-03-26,Home Goods,Web,1,75.75,37.93
NR-7471,2026-01-20,BEAUTY,Web,1,34.71,14.45
NR-5142,2025-01-21,Beauty,Retail Store,2,67.85,26.02
NR-5856,2025-05-07,Beauty,Retail Store,1,33.84,13.94
NR-7421,2026-01-06,Apparel,Web,3,152.92,77.76
NR-7308,2025-12-07,Outdoor,Marketplace,3,281.89,136.3
NR-5613,2025-04-17,Home Goods,Marketplace,1,71.32,35.8
NR-7465,2026-01-11,Beauty,Web,3,107.93,45.81
NR-7049,2025-11-09,Beauty,Web,2,75.65,30.83
NR-6815,2025-10-26,Beauty,Retail Store,1,33.48,12.75
NR-5394,2025-03-21,Electronics,Web,3,763.15,412.39
NR-5356,2025-02-04,Outdoor,,2,223.99,117.82
NR-8249,2026-05-05,Home Goods,,1,74.16,38.32
NR-5594,2025-04-12,Electronics,Marketplace,1,256.22,138.2
NR-5047,2025-01-05,Home Goods,Web,1,68.68,35.61
NR-5421,2025-03-14,Home Goods,Web,1,68.58,35.38
NR-7338,2026-01-17,Electronics,Web,3,744.18,515.01
NR-8309,2026-05-19,Beauty,Web,1,38.11,15.43
NR-5928,2025-06-12,Electronics,Web,3,700.58,395.95
NR-7383,2026-01-22,Home Goods,Web,2,131.74,69.0
NR-6738,2025-10-15,Home Goods,Web,1,57.35,28.19
NR-6412,2025-08-15,Apparel,Retail Store,1,56.07,27.17
NR-8570,2026-06-07,Beauty,Web,1,38.19,15.83
NR-6952,2025-11-08,Home Goods,Web,2,124.63,64.27
NR-5097,2025-01-21,Apparel,Web,1,43.62,20.74
NR-5095,2025-01-23,Apparel,Marketplace,3,160.75,81.13
NR-8204,2026-05-21,Electronics,Web,2,460.36,364.74
NR-5059,2025-01-13,Home Goods,Web,3,183.0,94.7
NR-7723,2026-02-19,Outdoor,Web,1,103.27,52.07
NR-7736,2026-02-05,Outdoor,Web,2,189.87,93.33
NR-6047,2025-06-25,Beauty,Web,3,97.54,36.38
NR-7597,2026-02-27,Home Goods,Retail Store,2,146.9,73.94
NR-5466,2025-03-16,Apparel,Retail Store,3,143.7,71.93
NR-5428,2025-03-02,Home Goods,Web,2,153.81,77.17
NR-5563,2025-04-22,Electronics,Retail Store,2,426.47,226.1
NR-6591,2025-09-01,Apparel,Web,2,96.73,44.45
NR-7811,2026-03-22,Home Goods,Web,1,68.81,35.71
NR-5000,2025-01-09,Electronics,Retail Store,1,204.34,116.59
NR-5148,2025-01-04,Outdoor,Web,2,166.65,81.33
NR-5242,2025-02-22,Home Goods,Marketplace,1,56.49,28.87
NR-5020,2025-01-24,Electronics,Retail Store,2,401.81,224.13
NR-7263,2025-12-01,Beauty,Retail Store,3,105.46,41.41
NR-6803,2025-10-21,Apparel,Web,1,55.65,25.4
NR-6029,2025-06-06,Beauty,Web,3,88.37,33.13
NR-7163,2025-12-21,Home Goods,Marketplace,3,170.67,88.21
NR-8041,2026-04-11,Apparel,Retail Store,3,143.52,66.56
NR-7623,2026-02-06,Home Goods,Retail Store,1,72.95,39.02
NR-7782,2026-03-09,Electronics,Retail Store,3,586.42,423.07
NR-6771,2025-10-03,apparel,Marketplace,2,81.68,36.92
NR-7825,2026-03-27,Home Goods,Marketplace,1,57.76,29.94
NR-7607,2026-02-27,Home Goods,Marketplace,2,134.16,68.42
NR-5169,2025-01-13,Outdoor,Retail Store,3,289.09,152.52
NR-6895,2025-10-27,Outdoor,Retail Store,2,226.68,116.45
NR-7445,2026-01-05,Apparel,Web,1,43.22,20.41
NR-8248,2026-05-05,Home Goods,Web,1,58.81,30.21
NR-7531,2026-01-21,Outdoor,Retail Store,2,203.37,105.82
NR-5564,2025-04-22,Electronics,Web,2,389.36,216.42
NR-6288,2025-07-02,Outdoor,Web,2,200.2,106.19
NR-5796,2025-05-01,Home Goods,Retail Store,3,204.09,99.55
NR-7552,2026-02-07,Electronics,Marketplace,1,243.61,156.33
NR-7238,2025-12-25,Beauty,Marketplace,3,86.31,34.58
NR-8053,2026-04-01,Apparel,Web,2,99.89,47.69
NR-8595,2026-06-07,Outdoor,Retail Store,2,164.82,84.71
NR-8557,2026-06-16,Beauty,Web,1,32.0,13.15
NR-6400,2025-08-24,Apparel,Retail Store,2,98.03,47.48
NR-8525,2026-06-05,Apparel,Marketplace,3,165.42,80.17
NR-7677,2026-02-21,Beauty,Web,3,84.61,34.55
NR-7168,2025-12-18,Home Goods,Marketplace,2,127.35,67.48
NR-8587,2026-06-04,Outdoor,Retail Store,1,103.13,49.06
NR-6508,2025-09-22,Electronics,Web,3,774.74,414.89
NR-5385,2025-03-22,Electronics,Retail Store,3,759.23,424.6
NR-7744,2026-02-08,Outdoor,Retail Store,3,334.08,165.42
NR-5284,2025-02-10,Apparel,Retail Store,2,113.56,54.08
NR-5472,2025-03-20,Apparel,Marketplace,1,54.7,27.45
NR-6922,2025-11-05,Electronics,Web,3,722.61,429.84
NR-5805,2025-05-24,Home Goods,Web,2,154.53,77.35
NR-5575,2025-04-23,Electronics,Marketplace,3,775.17,429.64
NR-8429,2026-06-12,Electronics,Web,1,193.05,148.67
NR-8461,2026-06-20,Home Goods,Web,1,67.21,35.67
NR-5228,2025-02-24,Home Goods,Retail Store,2,133.37,70.58
NR-5146,2025-01-10,Beauty,Marketplace,3,102.02,40.33
NR-6531,2025-09-06,Electronics,Retail Store,3,579.52,324.61
NR-8339,2026-05-11,Beauty,Web,2,76.04,29.02
NR-7496,2026-01-16,Beauty,Web,3,107.87,42.07
NR-7370,2026-01-03,Home Goods,Retail Store,2,114.79,61.28
NR-7500,2026-01-18,Outdoor,Web,2,163.83,81.93
NR-6875,2025-10-13,Outdoor,Web,2,186.01,90.96
NR-7062,2025-11-06,Beauty,Web,1,32.6,13.83
NR-6537,2025-09-02,Home Goods,Retail Store,2,137.25,69.95
NR-6476,2025-08-17,Outdoor,Retail Store,2,180.19,94.17
NR-8270,2026-05-05,Apparel,Web,3,141.13,64.33
NR-5467,2025-03-19,Apparel,Web,1,49.52,22.85
NR-6509,2025-09-20,Electronics,Web,2,449.16,238.19
NR-7443,2026-01-07,Apparel,Retail Store,1,48.27,23.64
NR-8171,2026-04-15,Outdoor,Web,2,178.68,87.61
NR-5843,2025-05-18,Apparel,Web,1,42.34,20.0
NR-7675,2026-02-20,Beauty,Web,3,93.23,37.44
NR-6365,2025-08-21,Home Goods,Retail Store,3,207.61,111.89
NR-6972,2025-11-13,Home Goods,Web,2,154.88,76.45
NR-7612,2026-02-20,Home Goods,Marketplace,2,115.67,57.83
NR-8146,2026-04-07,Outdoor,Web,2,222.75,112.15
NR-6312,2025-08-21,Electronics,Retail Store,1,240.42,139.04
NR-5314,2025-02-12,Beauty,Retail Store,2,64.85,24.94
NR-7586,2026-02-05,Home Goods,Web,1,64.26,34.31
NR-5795,2025-05-20,Home Goods,Retail Store,1,75.41,37.09
NR-5976,2025-06-20,Home Goods,Marketplace,3,184.63,101.48
NR-7256,2025-12-09,Beauty,Marketplace,2,63.36,25.64
NR-5012,2025-01-02,Electronics,Web,1,233.06,126.75
NR-6262,2025-07-24,Outdoor,Web,3,244.82,122.78
NR-6396,2025-08-15,Apparel,Retail Store,1,47.14,23.56
NR-7181,2025-12-26,Home Goods,Web,1,56.21,30.37
NR-7571,2026-02-14,Electronics,Web,2,375.88,240.87
NR-8340,2026-05-13,Beauty,Marketplace,2,56.77,22.99
NR-5111,2025-01-18,Beauty,Retail Store,2,69.59,27.22
NR-6363,2025-08-13,Home Goods,Retail Store,3,207.0,104.71
NR-7239,2025-12-15,Beauty,Marketplace,1,38.22,14.66
NR-8513,2026-06-20,Apparel,Marketplace,3,128.29,60.15
NR-8206,2026-05-18,Electronics,Retail Store,3,601.35,470.29
NR-6829,2025-10-21,Beauty,Web,3,109.3,44.0
NR-7243,2025-12-25,Beauty,Retail Store,2,63.97,24.09
NR-5325,2025-02-21,BEAUTY,Retail Store,1,32.4,12.46
NR-6446,2025-08-11,Beauty,Web,1,35.85,13.96
NR-8451,2026-06-05,Home Goods,Web,2,115.09,59.56
NR-6267,2025-07-22,Outdoor,Web,2,213.74,109.63
NR-6496,2025-09-16,Electronics,Retail Store,2,486.58,275.74
NR-5517,2025-03-21,Outdoor,Retail Store,2,164.56,85.3
NR-7702,2026-02-24,Beauty,Retail Store,2,60.98,24.66
NR-8475,2026-06-10,Home Goods,Web,2,138.08,72.35
NR-6324,2025-08-23,Electronics,Web,2,487.12,287.32
NR-7908,2026-03-01,Beauty,Retail Store,2,56.52,21.79
NR-7054,2025-11-20,Beauty,Retail Store,3,92.12,37.51
NR-5894,2025-05-18,Outdoor,Retail Store,2,187.04,98.12
NR-6474,2025-08-05,Outdoor,Web,3,320.71,159.77
NR-5919,2025-06-01,Electronics,Web,2,516.15,272.97
NR-7280,2025-12-01,Outdoor,Retail Store,2,186.56,89.4
NR-5802,2025-05-02,Home Goods,Retail Store,2,132.2,63.68
NR-8022,2026-04-26,Home Goods,Retail Store,1,73.45,39.8
NR-5833,2025-05-23,Apparel,Retail Store,1,54.12,26.71
NR-6601,2025-09-27,Apparel,Retail Store,1,42.57,19.96
NR-6661,2025-09-20,Outdoor,Web,3,279.95,132.41
NR-7961,2026-04-12,Electronics,Web,1,198.91,152.52
NR-6742,2025-10-21,Home Goods,Web,3,187.64,98.17
NR-5468,2025-03-07,Apparel,Marketplace,3,147.54,72.88
NR-6827,2025-10-09,Beauty,Marketplace,1,30.8,12.31
NR-7136,2025-12-24,Electronics,Web,1,224.97,134.98
NR-7954,2026-03-03,Outdoor,Web,1,103.89,54.3
NR-8099,2026-04-06,Beauty,Marketplace,3,84.2,32.7
NR-5426,2025-03-19,Home Goods,Web,3,200.01,108.28
NR-7755,2026-03-04,Electronics,Web,3,672.45,455.04
NR-6056,2025-06-22,Beauty,Marketplace,1,29.98,11.47
NR-7929,2026-03-26,Outdoor,Retail Store,3,282.01,143.13
NR-5656,2025-04-02,Apparel,Web,3,126.73,65.82
NR-7737,2026-02-13,Outdoor,Web,2,192.04,99.88
NR-6296,2025-08-26,Electronics,Retail Store,2,411.95,232.01
NR-5254,2025-02-04,Apparel,Retail Store,3,127.16,64.11
NR-7314,2025-12-26,Outdoor,Web,2,197.47,95.92
NR-7204,2025-12-10,Apparel,Web,2,90.67,41.01
NR-7941,2026-03-07,OUTDOOR,Web,2,222.68,108.89
NR-5992,2025-06-17,Apparel,Retail Store,3,164.46,81.03
NR-6279,2025-07-26,Outdoor,Web,3,275.77,144.16
NR-6318,2025-08-15,Electronics,Web,3,746.28,434.75
NR-5131,2025-01-20,Beauty,Web,2,71.69,27.44
NR-8238,2026-05-13,Home Goods,Web,1,71.98,36.54
NR-6587,2025-09-12,Apparel,Web,1,43.85,20.47
NR-8529,2026-06-24,Apparel,Retail Store,1,54.9,27.5
NR-7184,2025-12-23,Home Goods,Retail Store,1,76.41,41.75
NR-8011,2026-04-16,Home Goods,Retail Store,2,126.27,67.79
NR-6405,2025-08-14,Apparel,Retail Store,3,166.81,82.24
NR-7985,2026-04-23,Electronics,Web,3,641.58,468.43
NR-6266,2025-07-24,Outdoor,Web,3,301.83,157.81
NR-6428,2025-08-14,Beauty,Web,2,65.94,24.97
NR-5781,2025-05-27,Electronics,Marketplace,1,211.73,116.69
NR-5329,2025-02-11,Outdoor,Retail Store,3,309.91,158.52
NR-7714,2026-02-12,Outdoor,Web,1,104.63,53.91
NR-7234,2025-12-04,Apparel,Marketplace,2,98.39,47.73
NR-7489,2026-01-16,Beauty,Retail Store,1,37.27,15.61
NR-7845,2026-03-15,Apparel,Web,2,84.71,40.76
NR-6522,2025-09-17,Electronics,Web,3,764.08,408.97
NR-5297,2025-02-11,Beauty,Web,1,27.21,11.1
NR-5521,2025-03-16,Outdoor,Retail Store,2,199.94,102.0
NR-8421,2026-06-26,Electronics,Web,2,412.98,332.06
NR-7631,2026-02-09,Apparel,Web,3,168.34,81.05
NR-5769,2025-05-15,Electronics,Web,1,235.54,120.21
NR-8438,2026-06-07,Electronics,Web,2,403.04,311.99
NR-6107,2025-07-07,Electronics,Web,2,493.31,284.85
NR-7480,2026-01-10,Beauty,Retail Store,1,37.85,15.61
NR-5979,2025-06-15,Home Goods,Retail Store,2,114.44,58.74
NR-7380,2026-01-07,Home Goods,Web,1,61.14,32.65
NR-6969,2025-11-07,Home Goods,Marketplace,2,155.12,77.6
NR-6200,2025-07-08,Apparel,Web,1,53.74,25.32
NR-8606,2026-06-22,Outdoor,Web,3,317.91,161.74
NR-5006,2025-01-17,Electronics,Web,3,772.87,425.69
NR-5514,2025-03-27,Beauty,Web,1,37.38,14.85
NR-6057,2025-06-25,Beauty,Web,1,28.64,11.03
NR-6402,2025-08-21,Apparel,Web,3,140.17,63.89
NR-6403,2025-08-23,Apparel,Marketplace,3,170.82,81.08
NR-6316,2025-08-21,Electronics,Retail Store,2,453.15,265.38
NR-6724,2025-10-22,Electronics,Web,1,187.43,110.55
NR-5793,2025-05-05,Home Goods,Marketplace,2,150.51,78.27
NR-7738,2026-02-05,Outdoor,Web,3,295.3,143.33
NR-7518,2026-01-21,Outdoor,Retail Store,1,93.87,48.11
NR-6809,2025-10-21,Apparel,Web,3,159.67,76.13
NR-7098,2025-11-25,Outdoor,Web,3,332.05,163.25
NR-5653,2025-04-08,Apparel,Web,1,41.35,21.64
NR-6334,2025-08-03,Home Goods,Marketplace,1,75.28,40.6
NR-8113,2026-04-20,Beauty,Web,1,38.1,14.31
NR-5755,2025-05-15,Electronics,Web,1,204.54,107.52
NR-7927,2026-03-25,Outdoor,Web,2,217.8,112.5
NR-7213,2025-12-17,Apparel,Retail Store,3,172.7,82.68
NR-7214,2025-12-02,Apparel,Web,3,122.99,54.24
NR-5819,2025-05-10,Apparel,Web,2,87.23,39.68
NR-8437,2026-06-19,Electronics,Retail Store,3,610.38,481.89
NR-7629,2026-02-27,Apparel,Retail Store,2,107.51,49.65
NR-7119,2025-12-11,Electronics,Web,1,227.18,148.77
NR-7333,2026-01-21,Electronics,Web,3,650.87,417.76
NR-7245,2025-12-19,Beauty,Retail Store,3,87.74,34.52
NR-5752,2025-05-15,Electronics,Marketplace,2,477.99,264.07
NR-8131,2026-04-20,Beauty,Retail Store,1,38.24,14.25
NR-6518,2025-09-06,Electronics,Retail Store,1,211.06,115.09
NR-6533,2025-09-01,Electronics,Web,2,467.59,258.62
NR-6132,2025-07-21,Electronics,Marketplace,3,651.5,350.91
NR-6314,2025-08-12,Electronics,Marketplace,3,769.77,429.72
NR-5889,2025-05-27,Outdoor,Web,1,96.13,48.7
NR-5629,2025-04-24,Home Goods,Web,3,205.76,107.83
NR-5606,2025-04-15,Home Goods,Retail Store,2,127.79,62.56
NR-5938,2025-06-08,Electronics,Web,1,203.47,110.96
NR-5650,2025-04-09,Apparel,Web,2,115.12,60.17
NR-7381,2026-01-22,Home Goods,Web,2,155.72,84.82
NR-8349,2026-05-03,Beauty,Retail Store,3,100.45,37.76
NR-5321,2025-02-19,Beauty,Web,1,32.9,12.44
NR-5797,2025-05-07,Home Goods,Web,2,118.6,61.12
NR-5478,2025-03-11,Apparel,Retail Store,2,102.94,50.92
NR-7262,2025-12-16,Beauty,Retail Store,2,67.19,26.93
NR-5378,2025-03-13,Electronics,Web,2,522.75,288.25
NR-7976,2026-04-14,Electronics,Web,3,732.12,544.36
NR-7990,2026-04-25,Electronics,Web,2,516.26,392.74
NR-5637,2025-04-12,Home Goods,Marketplace,2,147.36,76.95
NR-7667,2026-02-06,Beauty,,2,64.34,26.77
NR-8195,2026-05-22,Electronics,Marketplace,3,670.67,525.97
NR-8396,2026-05-12,Outdoor,Web,2,216.62,112.93
NR-5621,2025-04-08,Home Goods,Web,1,71.51,36.95
NR-7613,2026-02-24,Home Goods,Marketplace,3,173.59,92.63
NR-6317,2025-08-14,Electronics,Retail Store,2,427.28,251.62
NR-7099,2025-11-21,Outdoor,Retail Store,1,107.56,55.11
NR-7174,2025-12-13,Home Goods,Retail Store,2,118.66,61.21
NR-6618,2025-09-02,Beauty,Marketplace,1,33.12,12.73
NR-7233,2025-12-13,Apparel,Retail Store,3,131.85,58.78
NR-6628,2025-09-25,Beauty,Retail Store,1,34.88,13.76
NR-7277,2025-12-11,Beauty,Web,1,28.95,11.81
NR-5175,2025-01-15,Outdoor,Retail Store,3,255.72,131.88
NR-7065,2025-11-19,Beauty,Web,1,29.05,11.49
NR-5887,2025-05-11,Outdoor,Web,3,328.63,161.26
NR-6720,2025-10-07,Electronics,Retail Store,3,573.22,335.42
NR-7824,2026-03-03,Home Goods,Retail Store,2,138.55,71.46
NR-7902,2026-03-01,Beauty,Marketplace,3,88.38,33.22
NR-8568,2026-06-06,Beauty,Web,3,114.81,43.96
NR-5406,2025-03-20,Home Goods,Web,2,142.67,75.39
NR-7701,2026-02-06,Beauty,Web,1,35.44,13.99
NR-5231,2025-02-14,Home Goods,Web,1,66.88,33.82
NR-6250,2025-07-05,Beauty,Web,3,103.82,42.87
NR-5626,2025-04-19,Home Goods,Retail Store,3,182.4,94.11
NR-6178,2025-07-26,Home Goods,Retail Store,2,120.66,59.62
NR-7733,2026-02-13,Outdoor,Web,2,219.25,107.35
NR-5448,2025-03-22,Apparel,Marketplace,1,45.8,21.2
NR-5570,2025-04-26,Electronics,Web,1,205.18,113.45
NR-7659,2026-02-08,Apparel,Web,1,51.22,23.46
NR-7043,2025-11-25,Beauty,Marketplace,1,34.01,13.39
NR-5675,2025-04-23,Apparel,Marketplace,1,47.71,23.68
NR-5983,2025-06-07,Home Goods,Web,2,126.15,66.74
NR-6478,2025-08-06,Outdoor,Retail Store,3,256.21,125.25
NR-8194,2026-05-23,Electronics,Web,1,202.43,158.29
NR-8188,2026-05-24,Electronics,Web,1,208.32,163.13
NR-7789,2026-03-20,Home Goods,Web,3,188.51,95.44
NR-8598,2026-06-21,Outdoor,Web,3,258.71,127.08
NR-8387,2026-05-25,Outdoor,Retail Store,1,95.99,45.95
NR-6941,2025-11-23,Home Goods,Retail Store,3,216.16,116.43
NR-7765,2026-03-14,Electronics,Marketplace,1,197.6,142.75
NR-6964,2025-11-18,Home Goods,Web,2,151.92,81.12
NR-8388,2026-05-04,Outdoor,Marketplace,3,290.85,148.97
NR-5446,2025-03-14,Apparel,Web,3,157.34,74.08
NR-6419,2025-08-12,Beauty,Retail Store,1,29.55,11.44
NR-5150,2025-01-24,Outdoor,Marketplace,2,206.75,103.19
NR-7920,2026-03-05,Outdoor,Web,2,193.03,96.62
NR-7092,2025-11-13,Outdoor,Web,1,84.5,43.84
NR-8269,2026-05-03,Home Goods,Web,2,150.14,75.07
NR-6873,2025-10-15,Outdoor,Web,2,206.77,106.67
NR-7656,2026-02-13,Apparel,Web,3,159.39,77.09
NR-7783,2026-03-23,Electronics,Retail Store,1,216.77,159.11
NR-6517,2025-09-25,Electronics,Web,3,783.09,419.47
NR-8519,2026-06-07,Apparel,Retail Store,2,113.09,54.32
NR-6341,2025-08-19,Home Goods,Web,2,112.52,56.39
NR-6914,2025-11-22,Electronics,Retail Store,2,421.6,248.8
NR-8408,2026-06-27,Electronics,Retail Store,2,392.49,321.55
NR-7543,2026-01-18,Outdoor,Retail Store,1,107.13,52.5
NR-6089,2025-06-26,Outdoor,Web,-1,89.68,46.46
NR-6192,2025-07-23,Apparel,Web,3,131.09,64.08
NR-6904,2025-11-06,Electronics,Web,2,483.66,279.02
NR-5580,2025-04-11,Electronics,Web,3,622.83,335.59
NR-7602,2026-02-18,Home Goods,Retail Store,2,123.99,64.41
NR-7108,2025-11-26,Outdoor,Web,1,112.82,54.55
NR-7021,2025-11-14,Apparel,Web,1,54.18,27.54
NR-6039,2025-06-11,Beauty,Web,2,61.07,23.5
NR-7081,2025-11-13,Outdoor,Web,1,100.9,49.15
NR-5230,2025-02-27,Home Goods,Web,2,112.59,57.76
NR-5601,2025-04-22,Home Goods,Retail Store,3,226.66,110.37
NR-6946,2025-11-06,Home Goods,Web,1,70.31,37.29
NR-7317,2025-12-18,Outdoor,Retail Store,2,201.57,102.31
NR-5859,2025-05-15,Beauty,Retail Store,2,57.21,23.02
NR-5220,2025-02-19,Home Goods,Web,2,146.71,75.03
NR-6787,2025-10-10,Apparel,Web,1,46.87,21.96
NR-6619,2025-09-06,Beauty,Retail Store,2,73.46,28.85
NR-7560,2026-02-09,Electronics,Web,1,247.13,169.04
NR-7051,2025-11-25,Beauty,Web,3,94.14,38.96
NR-5651,2025-04-01,Apparel,Web,2,89.08,43.31
NR-5115,2025-01-01,Beauty,Web,3,105.55,41.21
NR-6275,2025-07-08,Outdoor,Retail Store,3,275.94,142.31
NR-7203,2025-12-06,Apparel,Web,1,55.48,26.82
NR-7830,2026-03-15,Home Goods,Web,3,168.15,86.11
NR-5246,2025-02-24,Home Goods,Marketplace,2,119.72,63.24
NR-5758,2025-05-09,Electronics,Web,2,471.04,241.65
NR-8100,2026-04-01,Beauty,Web,2,62.17,25.08
NR-5544,2025-03-17,Outdoor,Web,2,193.6,94.03
NR-5695,2025-04-10,Beauty,Retail Store,3,113.61,47.72
NR-8465,2026-06-14,Home Goods,Marketplace,1,67.35,35.97
NR-6218,2025-07-24,Apparel,Retail Store,1,53.78,27.6
NR-8224,2026-05-23,Electronics,Web,2,513.34,380.55
NR-5495,2025-03-06,Beauty,Web,2,56.48,23.43
NR-6006,2025-06-07,Apparel,Web,3,157.67,78.67
NR-8315,2026-05-11,Beauty,Web,2,75.21,30.39
NR-8121,2026-04-12,Beauty,Retail Store,1,34.2,13.94
NR-6286,2025-07-18,Outdoor,Web,2,165.58,80.22
NR-5945,2025-06-22,Electronics,Web,3,640.52,366.74
NR-7768,2026-03-06,Electronics,Marketplace,1,217.86,155.38
NR-6977,2025-11-06,Home Goods,Web,1,62.34,32.62
NR-8412,2026-06-23,Electronics,Web,1,236.77,194.44
NR-7694,2026-02-10,Beauty,Retail Store,2,73.84,29.69
NR-8205,2026-05-02,Electronics,Web,2,480.08,356.71
NR-5641,2025-04-13,Apparel,Retail Store,2,92.49,48.29
NR-5194,2025-02-26,Electronics,Web,1,212.53,111.28
NR-7200,2025-12-15,Apparel,Web,1,56.76,27.35
NR-8162,2026-04-15,Outdoor,Retail Store,2,187.22,94.07
NR-7120,2025-12-10,Electronics,Web,1,259.4,161.98
NR-6588,2025-09-20,Apparel,Web,1,41.45,20.16
NR-7024,2025-11-11,Apparel,Retail Store,2,104.05,51.41
NR-8567,2026-06-10,Beauty,Web,3,82.45,34.77
NR-5953,2025-06-15,Home Goods,Web,3,179.29,94.16
NR-5720,2025-04-25,Outdoor,Marketplace,3,324.79,162.06
NR-6795,2025-10-16,Apparel,Web,1,48.47,21.74
NR-7957,2026-03-07,Outdoor,Web,2,166.85,83.02
NR-8254,2026-05-24,Home Goods,Web,2,133.77,69.12
NR-8351,2026-05-07,Beauty,Web,1,35.52,13.37
NR-7662,2026-02-24,Apparel,Marketplace,1,47.41,21.3
NR-6995,2025-11-06,Apparel,Web,1,56.85,29.13
NR-7467,2026-01-13,Beauty,Web,3,111.04,45.99
NR-5668,2025-04-08,Apparel,Web,3,149.15,74.11
NR-6270,2025-07-16,Outdoor,Web,2,189.92,99.23
NR-7506,2026-01-03,Outdoor,Retail Store,1,111.52,54.57
NR-6271,2025-07-10,Outdoor,Web,1,103.08,49.77
NR-8002,2026-04-13,Home Goods,Web,1,76.89,38.78
NR-6103,2025-06-02,Outdoor,Marketplace,1,82.42,40.96
NR-8495,2026-06-09,Apparel,Web,2,92.05,46.06
NR-8600,2026-06-22,Outdoor,Web,1,112.13,58.51
NR-7309,2025-12-19,Outdoor,Web,2,226.89,114.32
NR-6758,2025-10-25,Home Goods,Retail Store,3,204.68,106.5
NR-8389,2026-05-15,Outdoor,Web,2,193.36,101.71
NR-5183,2025-01-22,Outdoor,Retail Store,2,169.24,83.68
NR-5838,2025-05-24,Apparel,Web,2,98.54,44.9
NR-8344,2026-05-10,Beauty,Retail Store,2,58.96,22.79
NR-7588,2026-02-09,Home Goods,Marketplace,3,182.44,95.26
NR-6987,2025-11-18,Apparel,Web,2,105.69,51.27
NR-7888,2026-03-23,Beauty,Web,2,57.13,22.16
NR-5896,2025-05-19,Outdoor,Web,1,86.68,44.83
NR-8509,2026-06-23,Apparel,Retail Store,2,99.59,47.82
NR-5232,2025-02-04,Home Goods,Marketplace,1,76.83,37.74
NR-5665,2025-04-18,Apparel,Web,3,128.0,65.15
NR-6730,2025-10-04,Electronics,Web,1,236.52,133.57
NR-7347,2026-01-27,Electronics,Web,1,248.15,169.35
NR-5342,2025-02-22,Outdoor,Retail Store,3,286.5,140.16
NR-8522,2026-06-16,Apparel,Web,3,139.83,66.65
NR-8178,2026-04-21,Outdoor,Retail Store,1,94.55,47.56
NR-7565,2026-02-02,Electronics,Web,2,522.57,332.42
NR-5589,2025-04-08,Electronics,Marketplace,1,263.77,147.98
NR-5338,2025-02-23,Outdoor,Web,-1,90.47,47.71
NR-5980,2025-06-26,Home Goods,Retail Store,3,204.87,110.73
NR-6067,2025-06-08,Outdoor,Retail Store,1,84.5,40.33
NR-5447,2025-03-10,Apparel,Web,1,57.01,27.66
NR-5347,2025-02-21,Outdoor,Retail Store,1,104.96,53.79
NR-8556,2026-06-07,Beauty,Web,1,38.26,15.74
NR-5814,2025-05-04,Home Goods,Retail Store,1,69.07,34.68
NR-7906,2026-03-17,Beauty,Retail Store,3,93.96,36.4
NR-5523,2025-03-01,Outdoor,Retail Store,3,263.82,128.66
NR-7742,2026-02-21,Outdoor,Web,3,314.02,158.47
NR-5646,2025-04-07,Apparel,Marketplace,2,94.92,46.23
NR-5586,2025-04-24,Electronics,Web,2,419.54,240.87
NR-8009,2026-04-02,Home Goods,Web,2,147.53,78.58
NR-5170,2025-01-11,Outdoor,Web,3,246.41,119.88
NR-7528,2026-01-25,Outdoor,Retail Store,3,327.31,158.98
NR-5009,2025-01-08,Electronics,Retail Store,2,397.79,227.11
NR-6008,2025-06-02,Apparel,Retail Store,2,90.58,43.91
NR-5947,2025-06-20,Electronics,Web,3,715.2,391.4
NR-7435,2026-01-04,Apparel,Web,1,56.49,26.66
NR-6456,2025-08-20,Beauty,Web,2,69.2,28.02
NR-6065,2025-06-25,Beauty,Marketplace,3,88.57,33.62
NR-5812,2025-05-07,Home Goods,Retail Store,2,128.12,65.14
NR-8091,2026-04-02,Beauty,Marketplace,2,62.6,24.83
NR-6307,2025-08-26,Electronics,Web,2,438.24,252.77
NR-6833,2025-10-16,Beauty,Web,2,66.47,26.07
NR-6607,2025-09-08,Apparel,Web,3,150.55,69.04
NR-6095,2025-06-06,outdoor,Web,1,102.27,50.34
NR-7879,2026-03-26,Apparel,Web,1,54.35,26.39
NR-7020,2025-11-07,Apparel,Web,1,55.33,28.6
NR-7549,2026-02-11,Electronics,Web,2,399.24,264.81
NR-6289,2025-07-23,Outdoor,Web,3,310.87,154.13
NR-6195,2025-07-09,Apparel,Web,2,112.68,55.24
NR-5376,2025-03-18,Electronics,Web,2,496.54,256.36
NR-7183,2025-12-22,Home Goods,Retail Store,2,143.42,72.19
NR-5603,2025-04-22,Home Goods,Web,2,142.35,74.25
NR-5840,2025-05-26,Apparel,Web,2,113.4,55.88
NR-7519,2026-01-22,Outdoor,Web,1,101.4,52.77
NR-6864,2025-10-15,Outdoor,Web,2,213.54,106.29
NR-5944,2025-06-23,Electronics,Web,1,213.36,115.06
NR-8025,2026-04-25,Home Goods,Web,3,231.14,120.04
NR-8347,2026-05-21,Beauty,Marketplace,2,61.13,24.38
NR-5667,2025-04-06,Apparel,Retail Store,1,42.17,21.61
NR-5301,2025-02-16,Beauty,Web,1,38.35,14.98
NR-5079,2025-01-25,Apparel,Retail Store,2,109.33,51.75
NR-5964,2025-06-22,Home Goods,Web,2,113.38,62.57
NR-6315,2025-08-19,Electronics,Web,3,786.29,463.87
NR-7353,2026-01-08,Electronics,Retail Store,1,218.45,148.97
NR-6840,2025-10-27,Beauty,Retail Store,3,82.08,32.08
NR-6116,2025-07-24,Electronics,Web,3,720.92,413.72
NR-7751,2026-03-06,Electronics,Marketplace,2,480.56,348.06
NR-6090,2025-06-07,Outdoor,Web,2,193.42,94.37
NR-7514,2026-01-04,Outdoor,Web,1,107.25,54.03
NR-7069,2025-11-22,Outdoor,Retail Store,2,213.63,113.4
NR-5086,2025-01-01,Apparel,Web,2,85.8,42.22
NR-8426,2026-06-03,Electronics,Retail Store,2,386.32,296.48
NR-8539,2026-06-06,Beauty,Retail Store,2,61.56,25.02
NR-7486,2026-01-03,Beauty,Web,1,36.36,14.6
NR-7378,2026-01-14,Home Goods,Marketplace,3,181.91,97.24
NR-7322,2026-01-12,Electronics,Web,1,260.1,169.09
NR-7473,2026-01-19,Beauty,Web,3,85.3,34.56
NR-5999,2025-06-01,Apparel,Web,2,109.55,51.36
NR-6269,2025-07-02,Outdoor,Retail Store,3,315.98,165.25
NR-6448,2025-08-22,Beauty,Web,2,63.34,25.43
NR-8487,2026-06-08,Home Goods,Web,3,231.72,119.98
NR-8516,2026-06-12,Apparel,Retail Store,2,95.99,44.71
NR-6703,2025-10-16,Electronics,Web,1,203.68,119.25
NR-7164,2025-12-16,Home Goods,Marketplace,1,55.93,28.06
NR-7281,2025-12-01,Outdoor,Retail Store,1,104.08,51.57
NR-7850,2026-03-04,Apparel,Web,2,103.0,48.08
NR-7975,2026-04-22,Electronics,Retail Store,1,232.12,170.27
NR-6677,2025-09-07,Outdoor,Marketplace,2,187.27,93.68
NR-5591,2025-04-19,Electronics,Web,3,738.07,421.68
NR-7156,2025-12-10,Home Goods,Web,2,114.31,60.36
NR-7418,2026-01-10,Apparel,Retail Store,1,55.64,28.01
NR-7151,2025-12-09,Electronics,Web,3,791.14,504.3
NR-5816,2025-05-23,Home Goods,Marketplace,2,129.89,63.13
NR-5280,2025-02-23,Apparel,Web,3,140.64,67.93
NR-5791,2025-05-22,Home Goods,Marketplace,3,221.9,111.66
NR-6072,2025-06-10,Outdoor,Web,3,284.36,135.2
NR-6420,2025-08-10,Beauty,Web,2,74.2,30.08
NR-6328,2025-08-16,home goods,Retail Store,1,56.72,30.22
NR-6391,2025-08-25,Apparel,Marketplace,3,135.25,61.29
NR-6630,2025-09-17,Beauty,Retail Store,3,110.54,41.74
NR-7593,2026-02-18,Home Goods,Web,1,55.53,27.64
NR-5165,2025-01-04,Outdoor,Web,2,166.49,87.13
NR-6157,2025-07-12,Home Goods,Retail Store,3,177.09,88.59
NR-7173,2025-12-25,Home Goods,Retail Store,2,144.51,73.62
NR-8345,2026-05-26,Beauty,Marketplace,3,101.12,40.08
NR-5029,2025-01-01,Electronics,Web,3,749.32,417.43
NR-6704,2025-10-09,Electronics,Marketplace,1,192.16,108.13
NR-7858,2026-03-11,Apparel,Retail Store,1,49.18,24.5
NR-5869,2025-05-08,Beauty,Marketplace,2,71.21,28.57
NR-8611,2026-06-20,Outdoor,Retail Store,3,332.68,161.26
NR-5096,2025-01-19,Apparel,Retail Store,3,165.22,83.18
NR-5849,2025-05-20,Apparel,Marketplace,1,55.01,25.03
NR-8247,2026-05-23,Home Goods,Marketplace,1,71.55,38.71
NR-5941,2025-06-13,Electronics,Web,2,398.05,213.28
NR-8325,2026-05-19,Beauty,Retail Store,1,36.3,14.24
NR-6432,2025-08-16,Beauty,Web,3,109.77,42.01
NR-8419,2026-06-01,Electronics,Retail Store,1,192.37,156.52
NR-6367,2025-08-15,Home Goods,Web,3,177.45,97.0
NR-5311,2025-02-27,Beauty,Web,3,105.37,39.09
NR-7840,2026-03-06,Apparel,Web,3,165.45,80.8
NR-8474,2026-06-10,Home Goods,Web,3,201.92,104.42
NR-5531,2025-03-25,Outdoor,Web,3,340.83,176.1
NR-6831,2025-10-05,Beauty,Web,2,65.68,24.82
NR-5046,2025-01-06,Home Goods,Web,3,182.71,93.71
NR-7113,2025-12-11,Electronics,Marketplace,2,403.66,249.2
NR-5611,2025-04-20,Home Goods,Retail Store,3,211.23,104.25
NR-8316,2026-05-02,Beauty,Marketplace,3,89.26,33.55
NR-8536,2026-06-11,Beauty,Web,3,95.59,38.14
NR-8597,2026-06-12,Outdoor,Web,2,218.2,105.61
NR-5432,2025-03-07,Home Goods,Marketplace,3,222.23,109.5
NR-8369,2026-05-05,Outdoor,Web,1,112.66,59.39
NR-6368,2025-08-04,Home Goods,Retail Store,2,118.07,60.3
NR-6064,2025-06-08,Beauty,Web,2,73.85,28.54
NR-6698,2025-10-04,Electronics,Web,2,380.99,211.0
NR-7137,2025-12-14,Electronics,Retail Store,2,399.97,246.24
NR-8239,2026-05-22,Home Goods,Marketplace,3,183.25,91.41
NR-6059,2025-06-05,Beauty,Web,1,34.75,13.59
NR-7745,2026-02-07,outdoor,Retail Store,2,197.29,96.63
NR-6838,2025-10-12,Beauty,Web,2,74.6,28.4
NR-7412,2026-01-01,Apparel,Marketplace,3,146.88,72.0
NR-6293,2025-08-06,Electronics,Retail Store,1,208.38,120.41
NR-5164,2025-01-08,Outdoor,Retail Store,2,222.85,113.12
NR-6976,2025-11-12,Home Goods,Web,3,197.18,100.17
NR-7637,2026-02-17,Apparel,Marketplace,3,142.02,63.8
NR-8554,2026-06-06,Beauty,Web,3,112.54,44.28
NR-7991,2026-04-01,Electronics,Retail Store,1,207.26,157.24
NR-7259,2025-12-08,Beauty,Web,2,56.69,21.33
NR-5929,2025-06-07,Electronics,Marketplace,2,400.01,223.77
NR-6020,2025-06-18,Apparel,Retail Store,2,111.78,56.4
NR-6583,2025-09-12,Apparel,Retail Store,2,103.59,46.69
NR-7422,2026-01-08,Apparel,Web,1,42.64,20.84
NR-6352,2025-08-14,Home Goods,Retail Store,1,60.08,30.72
NR-7188,2025-12-14,Home Goods,Web,3,175.03,91.41
NR-6370,2025-08-27,Home Goods,Retail Store,1,62.42,32.89
NR-8398,2026-05-21,Outdoor,Retail Store,2,167.61,86.77
NR-6933,2025-11-13,Electronics,Retail Store,2,524.85,325.49
NR-5279,2025-02-26,Apparel,Retail Store,1,51.35,23.48
NR-6899,2025-11-23,Electronics,Web,3,579.48,336.81
NR-8186,2026-05-08,Electronics,Marketplace,2,501.66,364.39
NR-8004,2026-04-22,Home Goods,Retail Store,3,223.82,120.54
NR-5120,2025-01-11,Beauty,Marketplace,3,111.47,42.98
NR-5743,2025-04-07,Outdoor,Web,3,301.77,146.33
NR-5227,2025-02-12,Home Goods,Web,3,166.31,82.11
NR-8472,2026-06-06,Home Goods,Web,2,146.38,78.02
NR-6485,2025-08-12,Outdoor,Web,1,95.51,47.03
NR-6444,2025-08-01,Beauty,Web,2,65.56,24.96
NR-6180,2025-07-07,Home Goods,Retail Store,2,137.96,69.33
NR-7934,2026-03-22,Outdoor,Retail Store,1,97.82,50.44
NR-7547,2026-02-23,Electronics,Retail Store,3,663.7,460.29
NR-8102,2026-04-07,Beauty,Retail Store,1,30.49,12.27
NR-8578,2026-06-08,Beauty,Retail Store,1,37.25,15.64
NR-5221,2025-02-08,Home Goods,Retail Store,3,172.6,88.59
NR-5703,2025-04-22,Beauty,Web,1,32.26,12.78
NR-7939,2026-03-21,Outdoor,Web,1,87.99,42.8
NR-7895,2026-03-17,Beauty,Web,2,57.34,22.75
NR-7721,2026-02-26,Outdoor,Retail Store,3,257.71,123.28
NR-6125,2025-07-13,Electronics,Web,1,251.85,145.72
NR-6749,2025-10-14,Home Goods,Web,1,69.22,37.19
NR-5496,2025-03-02,Beauty,Retail Store,2,72.26,30.32
NR-6532,2025-09-19,Electronics,Marketplace,2,474.69,267.35
NR-5714,2025-04-02,Outdoor,Retail Store,1,98.92,48.17
NR-6542,2025-09-05,Home Goods,Marketplace,1,75.95,39.06
NR-5064,2025-01-04,Home Goods,Web,3,217.84,106.91
NR-7627,2026-02-20,Apparel,Retail Store,3,164.56,76.88
NR-6173,2025-07-18,Home Goods,Web,2,113.72,59.46
NR-7933,2026-03-09,Outdoor,Web,2,198.05,95.19
NR-8114,2026-04-26,Beauty,Web,2,69.49,27.31
NR-7922,2026-03-07,Outdoor,Web,3,336.68,170.22
NR-8111,2026-04-17,Beauty,Retail Store,3,100.81,40.46
NR-8617,2026-06-13,Outdoor,Marketplace,1,106.19,55.36
NR-5546,2025-03-13,Outdoor,Web,2,212.32,104.43
NR-6695,2025-10-07,Electronics,Retail Store,2,503.82,307.01
NR-6343,2025-08-16,Home Goods,Web,1,67.16,34.27
NR-6548,2025-09-24,Home Goods,Web,1,61.54,30.4
NR-5480,2025-03-14,Beauty,Web,2,67.51,26.27
NR-5178,2025-01-07,Outdoor,Marketplace,2,168.24,82.02
NR-5533,2025-03-04,OUTDOOR,Marketplace,1,107.36,53.2
NR-6110,2025-07-24,Electronics,Retail Store,1,219.2,123.72
NR-5443,2025-03-23,Home Goods,Web,1,76.37,38.07
NR-6949,2025-11-02,Home Goods,Web,3,214.96,115.54
NR-6519,2025-09-10,Electronics,Web,2,479.98,273.12
NR-7945,2026-03-24,Outdoor,Web,2,190.52,91.97
NR-7404,2026-01-25,Home Goods,Web,3,192.26,101.78
NR-7940,2026-03-25,Outdoor,Web,2,164.4,85.71
NR-5557,2025-04-11,Electronics,Retail Store,3,576.27,308.58
NR-6434,2025-08-16,Beauty,Retail Store,1,35.38,13.39
NR-5464,2025-03-12,Apparel,Web,2,107.32,52.02
NR-8463,2026-06-22,Home Goods,Marketplace,3,233.83,125.97
NR-8534,2026-06-27,Apparel,Retail Store,2,93.91,46.85
NR-5286,2025-02-27,Apparel,Retail Store,1,48.95,23.01
NR-8132,2026-04-23,Outdoor,Web,3,293.37,152.8
NR-5806,2025-05-13,Home Goods,Retail Store,1,68.46,35.75
NR-7625,2026-02-06,Home Goods,Retail Store,1,71.56,35.06
NR-5366,2025-02-26,Outdoor,Web,2,178.0,91.65
NR-7407,2026-01-26,Apparel,Web,2,85.31,43.13
NR-7849,2026-03-25,Apparel,Web,3,140.48,65.3
NR-5068,2025-01-21,Home Goods,Web,1,71.8,37.77
NR-8300,2026-05-20,Apparel,Retail Store,1,46.31,21.81
NR-6098,2025-06-11,Outdoor,Web,1,98.83,46.97
NR-8502,2026-06-09,Apparel,Retail Store,2,109.65,53.41
NR-8482,2026-06-21,Home Goods,Web,1,74.88,39.43
NR-7796,2026-03-05,Home Goods,Web,2,128.59,64.25
NR-7583,2026-02-14,Home Goods,Web,3,230.99,121.11
NR-6228,2025-07-22,Beauty,Retail Store,1,31.66,12.78
NR-5579,2025-04-26,Electronics,Retail Store,3,713.2,409.69
NR-5734,2025-04-05,Outdoor,Web,3,330.73,164.91
NR-6167,2025-07-04,Home Goods,Web,3,232.93,119.68
NR-5430,2025-03-03,Home Goods,Web,1,68.81,36.96
NR-8015,2026-04-17,Home Goods,Web,1,60.48,30.49
NR-6220,2025-07-23,Beauty,Web,2,57.96,23.99
NR-5463,2025-03-07,Apparel,Web,2,81.79,38.71
NR-6443,2025-08-21,Beauty,Marketplace,3,85.08,33.51
NR-7748,2026-03-18,Electronics,Web,2,402.99,273.26
NR-7731,2026-02-22,Outdoor,Web,1,87.76,42.78
NR-5073,2025-01-18,Apparel,Retail Store,1,47.44,22.6
NR-5317,2025-02-25,Beauty,Web,1,34.13,13.12
NR-8564,2026-06-25,Beauty,Retail Store,2,72.48,29.86
NR-7511,2026-01-19,Outdoor,Retail Store,2,198.24,102.58
NR-8616,2026-06-22,Outdoor,Retail Store,3,270.79,134.77
NR-8338,2026-05-25,Beauty,Web,2,71.26,29.45
NR-8479,2026-06-26,Home Goods,Web,3,192.41,94.93
NR-8032,2026-04-02,Home Goods,Web,3,224.52,111.87
NR-8193,2026-05-26,electronics,Web,2,383.21,280.92
NR-6986,2025-11-05,Apparel,Web,1,49.28,25.44
NR-7948,2026-03-24,Outdoor,Web,3,247.19,118.03
NR-7464,2026-01-24,Beauty,Retail Store,2,61.48,24.44
NR-8470,2026-06-15,Home Goods,Marketplace,2,123.65,61.05
NR-5461,2025-03-25,Apparel,Retail Store,2,104.92,49.35
NR-6156,2025-07-08,Home Goods,Marketplace,2,150.46,76.43
NR-5735,2025-04-06,Outdoor,Retail Store,3,274.25,140.07
NR-6623,2025-09-15,Beauty,Web,1,34.53,13.53
NR-5149,2025-01-26,Outdoor,Web,2,191.26,94.25
NR-8375,2026-05-15,Outdoor,Retail Store,2,225.18,109.01
NR-6338,2025-08-04,Home Goods,Retail Store,2,151.58,81.56
NR-7693,2026-02-08,Beauty,Retail Store,1,28.49,11.65
NR-7712,2026-02-18,Outdoor,Web,3,330.1,162.23
NR-6349,2025-08-24,Home Goods,Web,3,193.28,98.97
NR-7854,2026-03-21,Apparel,Retail Store,3,154.04,77.61
NR-5453,2025-03-25,Apparel,Web,2,109.57,53.99
NR-5186,2025-02-04,Electronics,Web,3,611.02,334.43
NR-7282,2025-12-18,Outdoor,Retail Store,3,305.78,154.98
NR-5842,2025-05-22,Apparel,Web,1,42.88,19.7
NR-8045,2026-04-10,Apparel,Retail Store,2,93.35,45.43
NR-5159,2025-01-01,Outdoor,Retail Store,1,93.63,49.37
NR-5171,2025-01-26,Outdoor,Web,1,99.63,50.61
NR-7956,2026-03-11,Outdoor,Marketplace,2,211.99,109.65
NR-8432,2026-06-01,Electronics,Marketplace,1,220.88,167.92
NR-6252,2025-07-25,Beauty,Web,3,84.33,33.63
NR-6682,2025-09-10,Outdoor,Web,2,172.66,88.29
NR-6636,2025-09-20,Beauty,Marketplace,1,30.27,12.3
NR-8030,2026-04-05,Home Goods,Web,1,62.13,31.01
NR-5767,2025-05-01,Electronics,Web,1,210.62,113.51
NR-6865,2025-10-01,Outdoor,Web,3,294.08,145.57
NR-6034,2025-06-23,Beauty,Web,3,82.29,31.59
NR-7155,2025-12-13,Electronics,Retail Store,3,649.02,404.99
NR-8034,2026-04-19,Home Goods,Web,3,193.65,105.88
NR-7268,2025-12-10,Beauty,Retail Store,2,74.06,28.67
NR-7327,2026-01-07,Electronics,Web,1,236.88,154.05
NR-6979,2025-11-23,Home Goods,Web,2,115.04,59.33
NR-5133,2025-01-17,Beauty,Marketplace,2,69.1,28.01
NR-8394,2026-05-18,Outdoor,Retail Store,1,103.53,53.21
NR-6602,2025-09-20,Apparel,Marketplace,2,87.58,39.41
NR-6818,2025-10-03,Beauty,Web,1,37.15,14.67
NR-5698,2025-04-17,Beauty,Web,2,59.44,25.18
NR-6302,2025-08-17,Electronics,Retail Store,3,769.53,419.55
NR-6719,2025-10-08,Electronics,Retail Store,3,627.76,381.55
NR-7594,2026-02-20,Home Goods,Web,2,146.15,76.7
NR-8310,2026-05-21,Beauty,Web,3,94.86,36.15
NR-5353,2025-02-14,Outdoor,Retail Store,3,328.58,170.05
NR-8260,2026-05-25,Home Goods,Retail Store,1,62.27,32.39
NR-7482,2026-01-05,Beauty,Web,3,108.64,44.2
NR-6959,2025-11-26,Home Goods,Web,1,57.36,30.81
NR-7676,2026-02-15,Beauty,Web,3,93.59,39.5
NR-8167,2026-04-12,Outdoor,Web,2,209.23,103.25
NR-8128,2026-04-26,Beauty,Web,3,98.44,37.3
NR-7900,2026-03-09,Beauty,Marketplace,3,104.79,39.05
NR-5635,2025-04-05,Home Goods,Marketplace,3,203.94,104.35
NR-8257,2026-05-01,Home Goods,Marketplace,1,56.22,28.55
NR-7476,2026-01-17,Beauty,Web,2,70.78,28.28
NR-6663,2025-09-24,Outdoor,Web,1,109.9,56.08
NR-6383,2025-08-17,Apparel,Marketplace,1,48.48,22.4
NR-8599,2026-06-26,Outdoor,Retail Store,2,184.57,92.02
NR-5722,2025-04-02,Outdoor,Web,2,177.37,85.84
NR-8153,2026-04-10,Outdoor,Retail Store,2,215.64,108.57
NR-8198,2026-05-04,Electronics,Retail Store,2,441.14,326.85
NR-7841,2026-03-18,Apparel,Marketplace,2,93.35,46.02
NR-6561,2025-09-17,Home Goods,Web,3,207.89,106.09
NR-8378,2026-05-21,Outdoor,Retail Store,1,94.9,47.34
NR-7487,2026-01-20,Beauty,Retail Store,1,36.49,14.8
NR-6108,2025-07-02,Electronics,Web,3,562.36,309.51
NR-5299,2025-02-24,Beauty,Marketplace,2,70.44,28.4
NR-7192,2025-12-23,Home Goods,Retail Store,1,73.9,39.62
NR-8582,2026-06-04,Beauty,Retail Store,3,90.53,36.36
NR-5191,2025-02-26,Electronics,Web,3,700.17,370.96
NR-7992,2026-04-14,Electronics,Retail Store,2,441.85,334.45
NR-7787,2026-03-14,Electronics,Retail Store,1,230.83,166.11
NR-8154,2026-04-17,Outdoor,Web,3,274.94,142.59
NR-7402,2026-01-02,Home Goods,Retail Store,2,130.64,65.86
NR-5697,2025-04-03,Beauty,Web,2,68.54,27.82
NR-5622,2025-04-27,Home Goods,Retail Store,1,64.9,33.28
NR-7094,2025-11-03,Outdoor,Web,2,227.87,120.86
NR-5737,2025-04-16,Outdoor,Web,1,84.45,42.34
NR-8001,2026-04-23,Home Goods,Web,1,77.02,40.97
NR-7210,2025-12-24,Apparel,Retail Store,2,86.57,40.41
NR-7330,2026-01-03,Electronics,Web,3,709.73,464.21
NR-8530,2026-06-27,Apparel,Retail Store,3,171.86,79.47
NR-5219,2025-02-05,Electronics,Retail Store,1,194.73,111.27
NR-6340,2025-08-21,Home Goods,Web,1,62.84,31.65
NR-7909,2026-03-16,Beauty,Marketplace,2,67.98,27.39
NR-6660,2025-09-17,Outdoor,Retail Store,2,168.41,85.56
NR-5733,2025-04-04,Outdoor,Web,1,96.61,47.52
NR-5890,2025-05-27,Outdoor,Retail Store,2,183.22,88.8
NR-7569,2026-02-06,Electronics,Marketplace,2,405.82,260.66
NR-6907,2025-11-26,Electronics,Web,2,496.14,283.6
NR-7754,2026-03-24,Electronics,Web,2,413.68,279.29
NR-5240,2025-02-08,Home Goods,Web,3,224.42,117.69
NR-5834,2025-05-11,Apparel,Marketplace,1,49.22,23.7
NR-5855,2025-05-10,Beauty,Retail Store,1,34.03,14.09
NR-7492,2026-01-13,Beauty,Web,2,65.39,25.4
NR-5261,2025-02-27,Apparel,Retail Store,3,135.35,66.48
NR-8275,2026-05-24,Apparel,Retail Store,3,148.64,68.56
NR-8092,2026-04-08,Beauty,Marketplace,3,100.05,40.74
NR-5674,2025-04-11,Apparel,Retail Store,2,113.06,56.39
NR-7019,2025-11-13,Apparel,Marketplace,1,54.81,27.7
NR-6791,2025-10-26,Apparel,Retail Store,3,148.83,67.46
NR-6631,2025-09-08,Beauty,Web,3,111.1,44.05
NR-6702,2025-10-03,Electronics,Retail Store,1,255.55,148.79
NR-5099,2025-01-03,Apparel,Web,1,49.44,25.45
NR-6128,2025-07-18,Electronics,Web,1,216.16,118.33
NR-7626,2026-02-21,Home Goods,Web,2,140.39,74.53
NR-7616,2026-02-04,Home Goods,Marketplace,2,116.05,60.2
NR-7785,2026-03-26,Electronics,Web,1,196.77,141.58
NR-6534,2025-09-05,Home Goods,Retail Store,2,143.28,76.54
NR-7260,2025-12-26,Beauty,Web,3,109.94,45.11
NR-5729,2025-04-27,Outdoor,Marketplace,1,84.69,41.43
NR-7414,2026-01-20,Apparel,Web,1,49.46,24.35
NR-8018,2026-04-25,HOME GOODS,Retail Store,3,175.47,95.89
NR-7059,2025-11-20,Beauty,Retail Store,1,34.6,13.56
NR-6176,2025-07-24,Home Goods,Retail Store,2,152.21,79.69
NR-6814,2025-10-23,Beauty,Web,1,31.62,12.39
NR-7503,2026-01-03,Outdoor,Web,3,284.17,136.83
NR-5599,2025-04-05,Home Goods,Web,1,73.0,36.74
NR-8191,2026-05-02,Electronics,Marketplace,3,582.57,460.36
NR-8211,2026-05-19,Electronics,Web,3,645.66,499.88
NR-7799,2026-03-18,Home Goods,Retail Store,2,127.31,66.83
NR-7814,2026-03-23,Home Goods,Web,1,59.9,29.43
NR-7172,2025-12-24,Home Goods,Marketplace,1,71.49,38.48
NR-5883,2025-05-17,Outdoor,Marketplace,1,113.82,55.01
NR-7403,2026-01-02,Home Goods,Web,2,151.32,79.57
NR-6845,2025-10-03,Beauty,Retail Store,2,59.67,24.26
NR-7343,2026-01-01,Electronics,Retail Store,1,249.66,161.84
NR-7060,2025-11-18,Beauty,Web,3,92.94,36.76
NR-7711,2026-02-21,Outdoor,Web,1,110.69,56.58
NR-5173,2025-01-15,Outdoor,Retail Store,3,322.33,157.54
NR-7968,2026-04-17,Electronics,Marketplace,3,778.84,560.18
NR-8082,2026-04-24,Apparel,Web,2,113.29,55.67
NR-7493,2026-01-02,Beauty,Web,3,110.98,43.8
NR-7596,2026-02-25,Home Goods,Retail Store,2,129.3,64.04
NR-8462,2026-06-01,Home Goods,Marketplace,1,77.4,41.53
NR-8510,2026-06-08,Apparel,Web,1,45.46,21.31
NR-6811,2025-10-19,Apparel,Retail Store,3,161.59,74.03
NR-7648,2026-02-05,Apparel,Marketplace,2,83.02,38.11
NR-6678,2025-09-16,Outdoor,Marketplace,2,223.08,109.75
NR-7598,2026-02-18,Home Goods,Marketplace,3,206.86,102.83
NR-7169,2025-12-08,Home Goods,Web,1,71.72,37.32
NR-6081,2025-06-08,Outdoor,Retail Store,1,108.86,52.79
NR-7679,2026-02-25,Beauty,Marketplace,2,61.11,24.47
NR-6903,2025-11-04,Electronics,Retail Store,2,482.9,288.28
NR-8056,2026-04-01,Apparel,Web,1,52.7,26.95
NR-5207,2025-02-16,Electronics,Web,3,654.4,350.58
NR-6106,2025-07-23,Electronics,Retail Store,1,189.57,109.67
NR-7761,2026-03-20,Electronics,Retail Store,3,690.61,506.47
NR-7905,2026-03-20,Beauty,Web,2,75.33,30.07
NR-5773,2025-05-17,Electronics,Retail Store,1,243.23,123.98
NR-6606,2025-09-06,Apparel,Marketplace,1,55.12,26.78
NR-7551,2026-02-02,Electronics,Retail Store,2,507.01,323.97
NR-7176,2025-12-02,Home Goods,Web,1,59.19,31.68
NR-7624,2026-02-19,Home Goods,Web,1,56.96,27.8
NR-8632,2026-06-08,Outdoor,Retail Store,1,94.01,47.41
NR-5852,2025-05-19,Beauty,Marketplace,2,57.47,22.75
NR-7264,2025-12-26,Beauty,Retail Store,1,36.38,14.25
NR-6559,2025-09-05,HOME GOODS,Marketplace,2,119.74,64.18
NR-7093,2025-11-01,Outdoor,Web,3,337.46,176.65
NR-8139,2026-04-16,Outdoor,Web,1,93.53,47.72
NR-8180,2026-04-19,Outdoor,Web,2,168.98,82.69
NR-6830,2025-10-20,Beauty,Retail Store,3,89.33,33.93
NR-5417,2025-03-07,Home Goods,Web,3,233.51,115.25
NR-8215,2026-05-04,Electronics,Web,3,565.51,410.92
NR-8372,2026-05-19,Outdoor,Web,3,297.37,156.28
NR-8425,2026-06-18,Electronics,Web,3,753.37,573.7
NR-5704,2025-04-06,Beauty,Retail Store,2,55.64,22.28
NR-7903,2026-03-21,Beauty,Web,3,89.7,34.92
NR-7261,2025-12-02,Beauty,Retail Store,3,100.62,37.84
NR-6844,2025-10-22,Beauty,Retail Store,1,31.45,12.71
NR-6414,2025-08-01,Apparel,Web,1,42.67,20.09
NR-7684,2026-02-07,Beauty,Retail Store,3,98.0,40.84
NR-6538,2025-09-05,Home Goods,Marketplace,3,201.63,105.48
NR-8040,2026-04-01,Apparel,Marketplace,3,122.75,59.58
NR-8466,2026-06-17,Home Goods,Retail Store,1,74.01,38.23
NR-6805,2025-10-09,Apparel,Web,1,53.17,24.48
NR-5602,2025-04-19,Home Goods,Retail Store,2,135.52,66.26
NR-7074,2025-11-07,Outdoor,Web,3,261.66,126.75
NR-5004,2025-01-06,Electronics,Retail Store,2,526.3,279.64
NR-7289,2025-12-26,Outdoor,Marketplace,2,164.37,81.07
NR-7967,2026-04-05,Electronics,Marketplace,3,564.47,423.9
NR-7953,2026-03-05,Outdoor,Retail Store,1,111.31,55.61
NR-5878,2025-05-08,Beauty,Retail Store,2,75.64,29.31
NR-8302,2026-05-10,Apparel,Web,2,85.49,39.57
NR-8526,2026-06-05,Apparel,Web,3,144.61,66.39
NR-6563,2025-09-07,Home Goods,Retail Store,2,119.97,61.22
NR-5681,2025-04-09,Beauty,Retail Store,2,68.5,27.25
NR-5404,2025-03-08,Electronics,Web,3,605.67,325.63
NR-5583,2025-04-04,Electronics,Retail Store,2,443.09,239.16
NR-6882,2025-10-08,Outdoor,Web,2,182.95,92.51
NR-6902,2025-11-12,Electronics,Web,3,579.62,328.98
NR-7015,2025-11-04,Apparel,Web,3,146.75,69.61
NR-5069,2025-01-02,Home Goods,Retail Store,3,191.05,97.51
NR-5076,2025-01-15,Apparel,Web,3,141.93,71.36
NR-8282,2026-05-20,Apparel,Retail Store,3,153.86,75.9
NR-7452,2026-01-24,Beauty,Retail Store,2,54.98,22.97
NR-8623,2026-06-16,Outdoor,Retail Store,1,97.6,49.81
NR-6550,2025-09-16,Home Goods,Marketplace,1,57.98,30.72
NR-5065,2025-01-25,Home Goods,Web,3,171.3,85.26
NR-8250,2026-05-24,Home Goods,Web,3,204.84,103.96
NR-7242,2025-12-26,Beauty,Marketplace,3,112.52,44.98
NR-7923,2026-03-09,Outdoor,Retail Store,3,294.14,149.59
NR-5687,2025-04-14,Beauty,Web,1,36.87,14.25
NR-8407,2026-06-26,Electronics,Retail Store,2,385.21,294.23
NR-8532,2026-06-14,Apparel,Web,2,108.13,52.44
NR-7153,2025-12-08,Electronics,Web,2,425.99,260.93
NR-6790,2025-10-05,Apparel,Web,2,103.18,50.25
NR-5982,2025-06-08,Home Goods,Web,1,59.52,30.66
NR-5413,2025-03-05,Home Goods,Web,3,191.25,100.46
NR-6433,2025-08-16,Beauty,Retail Store,1,34.23,13.5
NR-7114,2025-12-11,Electronics,Web,1,192.69,116.93
NR-5331,2025-02-06,Outdoor,,3,292.0,145.08
NR-8298,2026-05-12,Apparel,Web,2,95.99,44.67
NR-6073,2025-06-01,Outdoor,Web,1,106.72,55.51
NR-5680,2025-04-07,Beauty,Marketplace,1,33.56,13.18
NR-7315,2025-12-11,Outdoor,Web,1,85.65,40.33
NR-6648,2025-09-23,Outdoor,Web,1,96.98,47.87
NR-8511,2026-06-14,Apparel,Web,1,41.1,20.47
NR-7758,2026-03-09,Electronics,Web,2,481.41,327.23
NR-6841,2025-10-12,Beauty,Web,1,37.39,14.95
NR-5388,2025-03-11,Electronics,Web,2,399.32,214.71
NR-5866,2025-05-26,Beauty,Web,1,28.74,11.09
NR-5151,2025-01-07,Outdoor,Web,3,320.75,155.87
NR-5281,2025-02-18,Apparel,Web,1,53.57,25.21
NR-7439,2026-01-18,Apparel,Marketplace,1,46.3,22.45
NR-6163,2025-07-02,Home Goods,Web,3,208.47,101.9
NR-6615,2025-09-05,Beauty,Web,3,112.62,43.23
NR-6201,2025-07-08,Apparel,Web,2,105.09,54.12
NR-7420,2026-01-13,Apparel,Web,2,94.47,46.22
NR-5424,2025-03-22,Home Goods,Web,1,60.9,30.27
NR-8381,2026-05-09,Outdoor,Marketplace,3,289.81,145.05
NR-6183,2025-07-27,Apparel,Web,2,90.88,42.62
NR-8157,2026-04-22,Outdoor,Web,1,101.5,49.31
NR-6481,2025-08-26,Outdoor,Web,1,88.23,44.5
NR-7085,2025-11-01,Outdoor,Web,1,113.71,56.55
NR-7284,2025-12-18,outdoor,Retail Store,2,184.29,89.7
NR-6912,2025-11-02,Electronics,Retail Store,3,633.39,386.33
NR-7668,2026-02-25,Beauty,Web,3,86.41,34.34
NR-5457,2025-03-15,Apparel,Web,2,101.96,47.17
NR-6708,2025-10-24,Electronics,Web,2,376.53,209.25
NR-7716,2026-02-01,Outdoor,Web,1,91.13,44.13
NR-6891,2025-10-24,Outdoor,Web,2,181.65,92.4
NR-5847,2025-05-19,Apparel,Retail Store,2,104.73,49.9
NR-8626,2026-06-13,Outdoor,Retail Store,1,88.64,43.31
NR-8267,2026-05-19,Home Goods,Web,2,142.21,72.08
NR-8278,2026-05-24,Apparel,Web,2,103.15,47.06
NR-7491,2026-01-12,Beauty,Web,3,96.67,40.49
NR-7334,2026-01-12,Electronics,Web,3,574.56,368.91
NR-6036,2025-06-22,Beauty,Web,1,33.34,12.39
NR-8235,2026-05-07,Home Goods,Web,1,70.64,36.32
NR-8108,2026-04-18,Beauty,Web,3,85.94,32.28
NR-8418,2026-06-19,Electronics,Retail Store,2,510.29,401.28
NR-5483,2025-03-05,Beauty,Web,3,96.56,38.94
NR-7790,2026-03-12,Home Goods,Web,3,224.99,110.28
NR-6709,2025-10-05,Electronics,Web,1,263.12,146.13
NR-6642,2025-09-11,Beauty,Retail Store,2,76.18,29.46
NR-6457,2025-08-06,Beauty,Web,2,67.79,27.96
NR-8621,2026-06-04,Outdoor,Web,1,90.38,46.82
NR-7363,2026-01-01,Electronics,,1,239.79,164.77
NR-6820,2025-10-08,Beauty,Web,3,104.44,41.08
NR-8005,2026-04-01,Home Goods,Retail Store,3,192.07,98.04
NR-7874,2026-03-24,Apparel,Web,3,127.07,62.66
NR-6944,2025-11-19,HOME GOODS,Marketplace,1,56.1,28.07
NR-5033,2025-01-27,Electronics,Marketplace,1,221.22,121.86
NR-7842,2026-03-17,Apparel,Web,3,135.46,63.62
NR-5520,2025-03-23,Outdoor,Web,2,169.56,88.33
NR-7306,2025-12-22,Outdoor,Web,2,212.57,107.09
NR-7766,2026-03-10,Electronics,Retail Store,2,491.3,335.21
NR-8520,2026-06-19,Apparel,Web,2,96.34,47.35
NR-6670,2025-09-24,Outdoor,Web,3,285.84,137.14
NR-6700,2025-10-17,Electronics,Marketplace,1,263.02,146.12
NR-5863,2025-05-27,Beauty,Web,3,112.13,46.8
NR-8084,2026-04-07,Apparel,Web,3,170.33,85.63
NR-5026,2025-01-10,Electronics,Retail Store,3,718.93,396.18
NR-6092,2025-06-24,Outdoor,Retail Store,2,166.71,85.2
NR-5775,2025-05-03,Electronics,Retail Store,2,441.52,244.64
NR-6239,2025-07-15,Beauty,Marketplace,2,73.92,30.61
NR-5223,2025-02-02,Home Goods,Web,1,75.51,37.01
NR-5266,2025-02-27,Apparel,Marketplace,1,41.3,20.06
NR-5689,2025-04-17,Beauty,Web,1,27.45,11.0
NR-8545,2026-06-10,Beauty,Web,1,29.51,11.38
NR-5015,2025-01-12,Electronics,Retail Store,2,397.22,212.79
NR-8255,2026-05-09,Home Goods,Web,1,72.03,35.84
NR-7267,2025-12-05,Beauty,Web,3,107.81,43.3
NR-5084,2025-01-02,Apparel,Retail Store,3,145.33,75.03
NR-8291,2026-05-05,Apparel,Web,3,154.54,77.13
NR-6970,2025-11-17,Home Goods,Retail Store,1,66.96,35.16
NR-7749,2026-03-13,Electronics,Web,2,520.05,381.59
NR-5051,2025-01-10,Home Goods,Marketplace,2,112.81,56.43
NR-6484,2025-08-12,Outdoor,Marketplace,3,336.64,177.59
NR-6096,2025-06-09,Outdoor,Marketplace,3,276.99,143.34
NR-8331,2026-05-10,Beauty,Retail Store,1,27.2,11.1
NR-8507,2026-06-11,Apparel,Retail Store,3,153.59,71.05
NR-7014,2025-11-19,Apparel,Web,1,51.57,26.07
NR-8605,2026-06-15,Outdoor,Web,2,226.45,112.59
NR-5182,2025-01-10,Outdoor,Web,3,256.33,135.41
NR-6388,2025-08-07,Apparel,Web,3,165.46,76.87
NR-5052,2025-01-22,Home Goods,Web,1,69.51,34.75
NR-5075,2025-01-01,Apparel,Web,2,95.7,48.69
NR-6773,2025-10-02,Apparel,Marketplace,1,44.34,21.17
NR-6297,2025-08-21,Electronics,Retail Store,1,233.15,125.84
NR-6462,2025-08-04,Outdoor,Retail Store,1,93.64,47.33
NR-6015,2025-06-08,Apparel,Retail Store,3,128.64,63.38
NR-5494,2025-03-19,Beauty,Retail Store,2,66.08,26.99
NR-5054,2025-01-16,Home Goods,Marketplace,2,119.48,61.71
NR-7643,2026-02-16,Apparel,Web,3,134.65,60.69
NR-6066,2025-06-23,Outdoor,Retail Store,1,94.13,46.21
NR-8245,2026-05-11,Home Goods,Web,3,169.68,84.05
NR-7650,2026-02-04,Apparel,Web,3,123.24,55.75
NR-8143,2026-04-11,Outdoor,Marketplace,2,216.6,109.11
NR-5955,2025-06-01,Home Goods,Marketplace,3,205.66,108.24
NR-5437,2025-03-10,Home Goods,Marketplace,1,69.35,37.29
NR-8417,2026-06-11,Electronics,Web,3,595.97,481.46
NR-7654,2026-02-18,Apparel,Marketplace,3,142.26,65.56
NR-6998,2025-11-01,Apparel,Retail Store,1,46.55,22.18
NR-5936,2025-06-11,Electronics,Web,3,694.81,394.59
NR-5519,2025-03-18,Outdoor,Web,1,113.2,57.58
NR-6071,2025-06-12,Outdoor,Retail Store,1,83.61,41.79
NR-7130,2025-12-10,Electronics,Web,2,517.07,313.62
NR-7071,2025-11-11,Outdoor,Web,3,330.31,161.57
NR-6886,2025-10-14,Outdoor,Web,1,90.29,47.34
NR-5345,2025-02-22,Outdoor,Web,1,88.55,45.92
NR-6877,2025-10-12,Outdoor,Web,2,180.11,88.66
NR-5177,2025-01-03,Outdoor,Retail Store,1,99.34,51.65
NR-7987,2026-04-12,Electronics,Marketplace,-1,216.61,154.17
NR-7852,2026-03-07,Apparel,Retail Store,2,108.59,52.47
NR-8059,2026-04-08,Apparel,Marketplace,3,158.02,74.95
NR-5966,2025-06-18,Home Goods,Web,3,204.06,102.62
NR-6333,2025-08-05,Home Goods,Web,1,66.97,33.69
NR-7278,2025-12-17,Beauty,Retail Store,2,59.1,21.96
NR-7925,2026-03-27,Outdoor,Web,1,101.4,49.68
NR-8553,2026-06-21,Beauty,Retail Store,3,102.3,39.78
NR-8366,2026-05-01,Outdoor,Retail Store,3,253.61,129.5
NR-6394,2025-08-04,Apparel,Web,1,53.39,24.3
NR-7478,2026-01-25,Beauty,Web,2,75.19,29.26
NR-5607,2025-04-05,Home Goods,Retail Store,3,226.56,117.47
NR-7191,2025-12-21,Home Goods,Retail Store,1,76.56,38.44
NR-6130,2025-07-22,Electronics,Retail Store,2,514.82,294.68
NR-5141,2025-01-19,Beauty,Marketplace,2,74.41,28.05
NR-8480,2026-06-21,Home Goods,Web,2,133.43,71.92
NR-6004,2025-06-07,Apparel,Retail Store,3,171.95,80.96
NR-7396,2026-01-16,Home Goods,Marketplace,2,150.76,78.82
NR-6650,2025-09-10,Outdoor,Retail Store,1,106.57,55.1
NR-5027,2025-01-05,Electronics,Retail Store,3,771.02,442.45
NR-5736,2025-04-09,Outdoor,Web,3,267.6,132.33
NR-6688,2025-09-04,Outdoor,Retail Store,1,112.8,54.19
NR-5573,2025-04-12,Electronics,Marketplace,3,705.74,375.75
NR-7494,2026-01-21,Beauty,Retail Store,2,66.57,26.52
NR-8628,2026-06-16,Outdoor,Web,3,242.45,118.21
NR-7972,2026-04-07,Electronics,Web,1,236.39,168.35
NR-6716,2025-10-26,Electronics,Retail Store,2,451.4,268.09
NR-7896,2026-03-21,Beauty,Web,3,108.21,42.96
NR-6603,2025-09-13,Apparel,Web,2,96.48,45.01
NR-5477,2025-03-24,Apparel,Retail Store,1,55.59,26.09
NR-8023,2026-04-17,Home Goods,Retail Store,2,123.76,66.2
NR-5202,2025-02-21,Electronics,Web,3,575.1,317.92
NR-6387,2025-08-01,Apparel,Retail Store,1,46.74,22.78
NR-5032,2025-01-10,Electronics,Marketplace,3,693.44,372.69
NR-6881,2025-10-09,Outdoor,Web,1,102.83,53.95
NR-5989,2025-06-04,Home Goods,Retail Store,1,58.73,31.77
NR-6186,2025-07-16,Apparel,Web,2,108.89,52.98
NR-5587,2025-04-06,Electronics,Retail Store,2,489.17,266.33
NR-7195,2025-12-20,Home Goods,Retail Store,3,167.96,90.72
NR-5487,2025-03-15,Beauty,Retail Store,1,30.39,12.85
NR-7372,2026-01-11,Home Goods,Retail Store,3,208.58,107.72
NR-5248,2025-02-04,Home Goods,Web,2,116.23,60.94
NR-7109,2025-12-16,Electronics,Web,2,456.75,287.21
NR-5108,2025-01-17,Apparel,Retail Store,3,126.14,60.32
NR-5293,2025-02-03,Apparel,Web,3,172.27,82.88
NR-5959,2025-06-01,Home Goods,Web,3,183.47,98.64
NR-7304,2025-12-25,Outdoor,Retail Store,2,199.16,95.53
NR-7011,2025-11-15,Apparel,Retail Store,1,56.67,27.02
NR-7635,2026-02-18,Apparel,Retail Store,2,109.9,49.89
NR-6516,2025-09-12,Electronics,Retail Store,2,390.17,216.94
NR-7589,2026-02-26,Home Goods,Retail Store,1,69.46,37.15
NR-6761,2025-10-14,Home Goods,Web,2,122.87,63.97
NR-6768,2025-10-19,Home Goods,Web,2,154.4,78.46
NR-6001,2025-06-14,Apparel,Web,2,86.99,40.93
NR-8076,2026-04-07,Apparel,Web,2,104.42,53.32
NR-6931,2025-11-26,Electronics,Retail Store,2,395.77,225.29
NR-8588,2026-06-04,Outdoor,Marketplace,2,211.68,109.27
NR-6276,2025-07-26,Outdoor,Web,2,161.86,80.72
NR-5662,2025-04-10,Apparel,Marketplace,1,56.09,28.3
NR-6219,2025-07-26,Beauty,Web,1,33.29,13.6
NR-7823,2026-03-22,Home Goods,Retail Store,3,169.62,84.4
NR-6932,2025-11-06,Electronics,Marketplace,3,610.56,361.39
NR-5452,2025-03-26,Apparel,Retail Store,3,123.26,57.84
NR-6993,2025-11-10,Apparel,Web,1,55.1,26.97
NR-8548,2026-06-22,Beauty,Retail Store,2,56.36,22.35
NR-5039,2025-01-06,Electronics,Web,2,381.81,218.72
NR-6488,2025-08-21,Outdoor,Retail Store,2,199.52,105.19
NR-7778,2026-03-07,Electronics,Retail Store,2,481.07,322.98
NR-5578,2025-04-23,Electronics,Retail Store,1,247.06,138.08
NR-6612,2025-09-26,Beauty,Retail Store,1,31.74,12.43
NR-8142,2026-04-12,Outdoor,Retail Store,3,309.35,152.81
NR-7689,2026-02-18,Beauty,Marketplace,2,58.41,23.5
NR-5506,2025-03-20,Beauty,Web,3,83.94,34.45
NR-6282,2025-07-13,Outdoor,Web,1,110.17,56.75
NR-5501,2025-03-09,Beauty,Web,2,76.73,30.98
NR-5395,2025-03-11,Electronics,Web,2,407.24,216.07
NR-5473,2025-03-13,Apparel,Web,1,53.73,26.52
NR-7529,2026-01-10,Outdoor,Retail Store,3,283.82,145.48
NR-7958,2026-04-18,Electronics,Retail Store,3,616.09,454.49
NR-6753,2025-10-21,Home Goods,Web,3,195.05,99.2
NR-5187,2025-02-08,Electronics,Web,3,696.56,364.77
NR-7135,2025-12-16,Electronics,Web,3,564.46,349.67
NR-7265,2025-12-14,Beauty,Web,2,54.95,21.62
NR-6170,2025-07-23,Home Goods,Marketplace,2,119.34,59.84
NR-5189,2025-02-24,Electronics,Retail Store,1,218.31,124.92
NR-6513,2025-09-14,Electronics,Web,1,257.66,144.0
NR-6736,2025-10-22,Home Goods,Retail Store,2,136.02,66.63
NR-8063,2026-04-08,Apparel,Web,1,51.68,25.47
NR-7981,2026-04-23,Electronics,Web,2,472.06,358.27
NR-6000,2025-06-25,Apparel,Retail Store,2,98.39,45.93
NR-7006,2025-11-07,Apparel,Web,1,46.98,22.5
NR-5901,2025-05-16,Outdoor,Web,2,178.61,87.61
NR-7846,2026-03-02,Apparel,Retail Store,3,170.77,83.14
NR-5326,2025-02-17,Beauty,Web,3,99.83,40.56
NR-6735,2025-10-22,Home Goods,Retail Store,3,174.49,88.98
NR-5652,2025-04-13,Apparel,Web,3,144.54,72.67
NR-5360,2025-02-05,Outdoor,Web,3,297.47,142.61
NR-6569,2025-09-19,Home Goods,Web,3,179.9,94.04
NR-7451,2026-01-07,Beauty,Web,3,87.11,35.95
NR-8414,2026-06-03,Electronics,Web,2,379.99,297.81
NR-5935,2025-06-12,Electronics,Web,2,462.59,245.28
NR-5567,2025-04-20,Electronics,Marketplace,3,575.43,311.3
NR-6991,2025-11-01,Apparel,Web,2,93.3,45.1
NR-6214,2025-07-25,Apparel,Web,2,99.07,50.06
NR-8370,2026-05-16,Outdoor,Retail Store,2,187.14,91.37
NR-7907,2026-03-25,Beauty,Retail Store,3,104.26,42.05
NR-7470,2026-01-23,Beauty,Retail Store,2,73.14,28.71
NR-5002,2025-01-07,Electronics,Web,3,625.32,342.04
NR-7973,2026-04-26,Electronics,Marketplace,2,413.75,315.38
NR-8409,2026-06-10,Electronics,Retail Store,2,415.24,328.08
NR-8395,2026-05-10,Outdoor,Web,1,105.01,51.19
NR-5792,2025-05-18,Home Goods,Retail Store,1,59.04,28.53
NR-7647,2026-02-16,Apparel,Marketplace,-1,53.2,24.85
NR-6378,2025-08-22,Apparel,Marketplace,2,88.89,43.83
NR-6747,2025-10-21,Home Goods,Web,3,228.97,115.13
NR-7698,2026-02-20,Beauty,Web,3,114.21,44.56
NR-8343,2026-05-19,Beauty,Retail Store,1,32.87,12.96
NR-8225,2026-05-11,Electronics,Web,3,767.75,581.62
NR-5262,2025-02-22,Apparel,Web,3,143.31,66.64
NR-6083,2025-06-22,Outdoor,Web,3,261.37,133.13
NR-7499,2026-01-01,Outdoor,Marketplace,3,252.86,130.42
NR-7786,2026-03-25,Electronics,Web,3,602.95,407.67
NR-6487,2025-08-18,Outdoor,Web,2,174.57,86.02
NR-5874,2025-05-09,Beauty,Retail Store,1,30.32,12.14
NR-5226,2025-02-11,Home Goods,Web,3,224.86,112.29
NR-7639,2026-02-01,Apparel,Retail Store,3,125.27,56.35
NR-8237,2026-05-21,Home Goods,Retail Store,3,227.17,114.13
NR-7880,2026-03-19,Apparel,Web,1,44.89,22.08
NR-6152,2025-07-13,Home Goods,Web,3,169.54,83.81
NR-5600,2025-04-12,Home Goods,Retail Store,3,175.17,89.22
NR-8000,2026-04-04,Home Goods,Retail Store,3,215.44,108.28
NR-7158,2025-12-04,Home Goods,Web,3,191.03,101.04
NR-5441,2025-03-06,Home Goods,Web,1,77.76,40.03
NR-5292,2025-02-05,Apparel,Marketplace,1,54.26,26.02
NR-6983,2025-11-06,Home Goods,Web,2,129.31,64.9
NR-6752,2025-10-26,Home Goods,Web,2,136.88,70.94
NR-5269,2025-02-09,Apparel,Retail Store,3,169.6,82.08
NR-8493,2026-06-22,Apparel,Web,3,161.75,80.29
NR-5776,2025-05-17,Electronics,Web,3,765.01,413.44
NR-8258,2026-05-17,Home Goods,Retail Store,3,198.19,100.77
NR-5486,2025-03-25,Beauty,Marketplace,1,34.3,13.76
NR-5101,2025-01-26,Apparel,Retail Store,3,154.84,75.66
NR-5265,2025-02-12,Apparel,Web,3,157.44,78.96
NR-6828,2025-10-15,Beauty,Web,2,60.59,24.11
NR-6468,2025-08-26,Outdoor,Web,1,109.51,55.97
NR-8457,2026-06-17,Home Goods,Web,2,119.88,63.49
NR-7434,2026-01-26,Apparel,Marketplace,3,143.5,71.09
NR-5444,2025-03-19,Home Goods,Retail Store,1,67.89,34.42
NR-6611,2025-09-27,Beauty,Web,1,36.34,14.71
NR-5903,2025-05-10,Outdoor,Marketplace,3,261.98,131.48
NR-8330,2026-05-19,Beauty,Marketplace,2,75.45,29.25
NR-8433,2026-06-14,Electronics,Web,2,412.85,327.81
NR-5411,2025-03-15,Home Goods,Marketplace,1,61.93,31.56
NR-6576,2025-09-22,Apparel,Marketplace,2,103.79,47.33
NR-7141,2025-12-24,Electronics,Web,3,735.72,451.75
NR-5958,2025-06-17,Home Goods,Retail Store,3,184.53,95.86
NR-5908,2025-05-22,Outdoor,Marketplace,3,252.65,125.47
NR-8129,2026-04-23,Beauty,Retail Store,3,85.42,32.14
NR-8256,2026-05-27,Home Goods,Retail Store,2,133.13,68.95
NR-6486,2025-08-03,Outdoor,Web,2,211.55,106.68
NR-7066,2025-11-01,Beauty,Retail Store,1,31.35,13.27
NR-8214,2026-05-07,Electronics,Retail Store,1,227.97,177.42
NR-8561,2026-06-23,Beauty,Retail Store,2,58.0,22.19
NR-8413,2026-06-14,Electronics,Web,2,447.2,362.84
NR-5543,2025-03-09,Outdoor,Web,1,84.02,43.9
NR-5907,2025-05-18,Outdoor,Retail Store,3,323.3,159.26
NR-8625,2026-06-24,Outdoor,Web,1,108.97,53.74
NR-7391,2026-01-20,Home Goods,Web,3,216.8,115.97
NR-5828,2025-05-19,Apparel,Web,1,51.75,25.35
NR-7331,2026-01-05,Electronics,Web,1,233.26,161.4
NR-7894,2026-03-14,Beauty,Web,3,110.23,42.02
NR-6411,2025-08-08,Apparel,Marketplace,2,86.6,42.97
NR-5484,2025-03-11,Beauty,Web,3,87.04,33.58
NR-7978,2026-04-15,Electronics,Marketplace,3,785.92,594.68
NR-7525,2026-01-06,Outdoor,Web,1,108.83,52.1
NR-8277,2026-05-26,Apparel,Retail Store,3,141.47,70.5
NR-7930,2026-03-12,Outdoor,Retail Store,1,85.5,41.14
NR-8189,2026-05-27,Electronics,Retail Store,1,212.13,161.51
NR-5549,2025-03-19,Outdoor,Web,2,197.66,100.35
NR-8573,2026-06-19,Beauty,Web,2,66.7,26.15
NR-6893,2025-10-11,Outdoor,Web,2,203.13,101.59
NR-5176,2025-01-11,Outdoor,Web,3,269.19,136.23
NR-8335,2026-05-23,Beauty,Web,3,109.08,44.17
NR-6102,2025-06-02,Outdoor,Web,1,108.01,51.91
NR-8481,2026-06-21,Home Goods,Marketplace,2,152.72,78.37
NR-6415,2025-08-12,Apparel,Retail Store,3,165.8,76.28
NR-7355,2026-01-01,Electronics,Marketplace,2,440.03,287.14
NR-6796,2025-10-27,Apparel,Retail Store,3,124.98,61.58
NR-6184,2025-07-09,Apparel,Marketplace,2,107.39,53.88
NR-6021,2025-06-04,Apparel,Retail Store,2,90.64,41.69
NR-6653,2025-09-22,Outdoor,Web,1,90.57,44.73
NR-5442,2025-03-08,Home Goods,Marketplace,3,166.21,88.68
NR-7067,2025-11-25,Beauty,Web,3,115.15,49.3
NR-6911,2025-11-18,Electronics,Retail Store,2,489.57,303.49
NR-7517,2026-01-10,Outdoor,Retail Store,3,250.71,120.36
NR-6885,2025-10-09,Outdoor,Web,3,268.87,129.06
NR-5344,2025-02-06,Outdoor,Web,3,316.57,152.58
NR-6143,2025-07-21,Home Goods,Retail Store,2,137.02,72.22
NR-7681,2026-02-14,Beauty,Web,3,96.31,40.22
NR-5275,2025-02-27,Apparel,Web,1,50.75,24.29
NR-5117,2025-01-12,Beauty,Retail Store,2,67.47,25.8
NR-7803,2026-03-07,Home Goods,Retail Store,3,207.61,105.2
NR-7524,2026-01-10,Outdoor,Web,3,258.97,127.3
NR-6149,2025-07-11,Home Goods,Web,3,211.81,109.06
NR-8586,2026-06-27,Beauty,Web,1,34.36,13.85
NR-6342,2025-08-06,Home Goods,Retail Store,2,138.38,73.69
NR-8541,2026-06-01,Beauty,Marketplace,3,83.86,35.14
NR-7509,2026-01-17,Outdoor,Retail Store,2,217.21,110.15
NR-7674,2026-02-11,Beauty,Web,2,75.33,31.58
NR-5782,2025-05-06,Electronics,Retail Store,1,204.38,111.89
NR-7438,2026-01-12,Apparel,Web,2,83.19,40.16
NR-7253,2025-12-24,Beauty,Web,2,76.21,29.47
NR-8042,2026-04-17,Apparel,Retail Store,3,170.54,80.95
NR-5410,2025-03-06,Home Goods,Web,1,65.54,32.23
NR-7673,2026-02-05,Beauty,Web,3,94.2,37.86
NR-7581,2026-02-10,Electronics,Web,3,715.46,469.06
NR-7154,2025-12-15,Electronics,Web,2,486.53,308.47
NR-6961,2025-11-10,Home Goods,Retail Store,2,127.89,64.12
NR-6150,2025-07-24,Home Goods,Retail Store,3,210.71,103.27
NR-6652,2025-09-08,Outdoor,Retail Store,2,226.08,113.42
NR-7244,2025-12-12,Beauty,Web,1,28.52,10.66
NR-8373,2026-05-16,outdoor,Web,2,217.22,103.82
NR-7118,2025-12-06,Electronics,Web,3,612.39,373.71
NR-6155,2025-07-12,Home Goods,Web,1,72.78,36.41
NR-6104,2025-07-06,Electronics,Retail Store,2,467.8,259.54
NR-6813,2025-10-24,Apparel,Retail Store,2,96.99,46.51
NR-6598,2025-09-03,Apparel,Retail Store,3,172.22,83.16
NR-5701,2025-04-16,Beauty,Retail Store,3,102.48,42.19
NR-6748,2025-10-17,Home Goods,Web,3,197.79,106.19
NR-6728,2025-10-19,Electronics,Retail Store,3,763.11,451.58
NR-7367,2026-01-24,Home Goods,Marketplace,1,55.56,27.83
NR-7965,2026-04-07,Electronics,Retail Store,1,225.0,169.41
NR-5346,2025-02-18,OUTDOOR,Marketplace,1,108.67,52.91
NR-6127,2025-07-16,Electronics,Retail Store,1,255.14,147.31
NR-5610,2025-04-17,Home Goods,Web,2,119.36,59.79
NR-6878,2025-10-18,Outdoor,Retail Store,2,170.81,82.72
NR-7897,2026-03-05,Beauty,Retail Store,2,64.0,25.04
NR-6165,2025-07-11,Home Goods,Retail Store,3,232.9,116.96
NR-6896,2025-11-09,Electronics,Web,2,461.2,276.07
NR-5994,2025-06-09,Apparel,Web,3,129.05,59.77
NR-7901,2026-03-25,Beauty,Web,2,71.87,27.11
NR-5526,2025-03-11,Outdoor,Web,3,305.28,149.83
NR-6705,2025-10-10,Electronics,Web,3,634.54,386.09
NR-8524,2026-06-07,Apparel,Marketplace,1,51.68,25.32
NR-5470,2025-03-25,Apparel,Web,2,106.56,52.02
NR-6626,2025-09-16,Beauty,Retail Store,1,34.7,13.83
NR-6450,2025-08-06,Beauty,Web,3,84.66,32.36
NR-6465,2025-08-20,Outdoor,Web,3,314.17,161.46
NR-5932,2025-06-05,Electronics,Marketplace,2,483.33,279.57
NR-8460,2026-06-16,Home Goods,Web,2,122.23,63.58
NR-7862,2026-03-12,Apparel,Web,3,139.06,63.94
NR-5236,2025-02-12,Home Goods,Web,2,113.09,58.48
NR-5977,2025-06-21,Home Goods,Web,1,76.16,40.84
NR-8308,2026-05-13,Apparel,Marketplace,3,136.04,67.47
NR-6713,2025-10-25,Electronics,Web,3,583.81,326.92
NR-5416,2025-03-01,Home Goods,Web,1,74.38,37.56
NR-7088,2025-11-11,Outdoor,Web,2,187.25,94.58
NR-7523,2026-01-07,Outdoor,Retail Store,1,101.41,49.06
NR-5488,2025-03-22,Beauty,Retail Store,2,65.75,26.03
NR-7994,2026-04-01,Electronics,Web,1,262.25,196.26
NR-8354,2026-05-27,Beauty,Web,2,58.8,22.92
NR-7364,2026-01-05,Home Goods,Web,2,137.42,72.6
NR-7665,2026-02-26,Beauty,Retail Store,1,32.35,12.67
NR-6076,2025-06-21,Outdoor,Marketplace,2,222.03,107.42
NR-6147,2025-07-06,Home Goods,Web,2,114.7,58.28
NR-5871,2025-05-01,Beauty,Retail Store,1,30.24,12.65
NR-8088,2026-04-26,Beauty,Marketplace,2,75.29,28.95
NR-5077,2025-01-25,Apparel,Web,1,54.75,26.63
NR-8505,2026-06-05,Apparel,Web,3,137.46,62.45
NR-8391,2026-05-05,OUTDOOR,Web,3,280.45,135.52
NR-6689,2025-09-02,Outdoor,Retail Store,2,181.59,93.81
NR-8080,2026-04-02,Apparel,Retail Store,2,107.29,53.96
NR-6994,2025-11-17,Apparel,Web,2,111.95,57.73
NR-7016,2025-11-26,Apparel,Web,2,86.57,42.92
NR-7918,2026-03-26,Beauty,Web,2,68.71,27.41
NR-5258,2025-02-04,Apparel,Retail Store,2,100.49,48.5
NR-5789,2025-05-19,Home Goods,Marketplace,1,70.09,34.67
NR-6764,2025-10-11,Home Goods,Marketplace,3,230.68,116.63
NR-6469,2025-08-25,Outdoor,Web,1,95.72,48.84
NR-8085,2026-04-08,Beauty,Retail Store,2,56.63,21.31
NR-6940,2025-11-22,Home Goods,Retail Store,1,62.75,34.04
NR-5988,2025-06-19,Home Goods,Web,3,188.01,99.24
NR-6848,2025-10-02,Beauty,Retail Store,2,56.41,21.37
NR-5659,2025-04-13,Apparel,Web,2,114.05,54.98
NR-7416,2026-01-07,Apparel,Marketplace,2,94.55,47.48
NR-5396,2025-03-13,Electronics,Web,3,654.87,345.9
NR-7456,2026-01-15,Beauty,Web,1,35.54,14.49
NR-7083,2025-11-27,Outdoor,Retail Store,3,261.7,136.32
NR-8013,2026-04-20,Home Goods,Web,3,167.7,89.55
NR-7605,2026-02-07,Home Goods,Web,3,227.56,110.61
NR-8217,2026-05-05,ELECTRONICS,Retail Store,2,487.35,357.89
NR-5711,2025-04-24,Outdoor,Retail Store,3,247.98,123.99
NR-7008,2025-11-08,Apparel,Web,1,56.51,26.99
NR-5909,2025-05-18,Outdoor,Web,1,108.79,57.04
NR-7375,2026-01-24,Home Goods,Web,1,58.54,29.95
NR-7886,2026-03-07,Beauty,Marketplace,2,75.46,30.78
NR-5087,2025-01-24,Apparel,Web,2,87.52,42.98
NR-7055,2025-11-23,Beauty,Retail Store,1,27.35,11.5
NR-6608,2025-09-20,Apparel,Retail Store,1,41.36,18.89
NR-6190,2025-07-03,Apparel,Web,1,51.76,24.42
NR-7106,2025-11-25,Outdoor,Retail Store,3,331.31,163.13
NR-5556,2025-04-03,Electronics,Web,2,455.67,243.95
NR-7318,2026-01-23,Electronics,Web,1,210.21,140.25
NR-8350,2026-05-21,Beauty,Web,1,33.69,13.81
NR-5312,2025-02-13,Beauty,Retail Store,2,58.35,22.8
NR-6393,2025-08-10,Apparel,Web,1,56.61,25.66
NR-5618,2025-04-01,Home Goods,Marketplace,1,59.37,31.43
NR-6373,2025-08-12,Apparel,Web,3,136.65,62.59
NR-5772,2025-05-14,Electronics,Web,2,514.88,265.87
NR-5197,2025-02-22,Electronics,Marketplace,3,597.19,325.1
NR-7743,2026-02-07,Outdoor,Web,2,222.25,108.34
NR-5548,2025-03-27,Outdoor,Web,3,332.08,169.09
NR-5615,2025-04-11,Home Goods,Web,2,111.92,55.42
NR-8089,2026-04-15,Beauty,Retail Store,1,33.01,13.15
NR-8065,2026-04-15,Apparel,Retail Store,3,145.97,68.39
NR-5716,2025-04-03,Outdoor,Web,3,318.82,161.3
NR-5124,2025-01-11,Beauty,Retail Store,3,96.99,38.47
NR-6711,2025-10-10,Electronics,Retail Store,2,464.82,273.58
NR-5401,2025-03-07,Electronics,Retail Store,2,413.19,214.52
NR-7641,2026-02-18,Apparel,Web,3,161.9,72.39
NR-7385,2026-01-15,Home Goods,Web,1,71.87,38.72
NR-8538,2026-06-20,Beauty,Retail Store,3,99.74,41.44
NR-5503,2025-03-27,Beauty,Web,1,36.58,14.84
NR-7031,2025-11-18,Beauty,Retail Store,3,95.28,39.9
NR-5078,2025-01-27,Apparel,Web,3,160.72,76.27
NR-5568,2025-04-02,Electronics,Web,2,471.97,253.56
NR-5071,2025-01-22,Apparel,Web,1,43.9,21.91
NR-6557,2025-09-21,Home Goods,Retail Store,1,55.84,29.03
NR-6134,2025-07-10,Electronics,Web,2,456.45,251.86
NR-8213,2026-05-22,Electronics,Web,2,467.3,365.39
NR-5208,2025-02-16,Electronics,Web,3,701.81,372.15
NR-6641,2025-09-23,Beauty,Web,2,67.8,25.09
NR-5072,2025-01-26,apparel,Retail Store,2,115.09,58.55
NR-7600,2026-02-19,Home Goods,Retail Store,2,118.46,58.28
NR-6329,2025-08-06,Home Goods,Web,3,193.23,101.32
NR-7831,2026-03-02,Home Goods,Web,3,213.33,102.86
NR-7866,2026-03-23,Apparel,Web,3,155.03,77.01
NR-6919,2025-11-01,Electronics,Web,1,214.66,122.53
NR-5498,2025-03-19,Beauty,Retail Store,1,34.2,13.32
NR-6892,2025-10-16,Outdoor,Marketplace,1,87.68,44.6
NR-6002,2025-06-09,Apparel,Web,1,52.36,25.58
NR-6821,2025-10-22,Beauty,Retail Store,3,84.0,32.58
NR-7638,2026-02-02,Apparel,Marketplace,2,106.85,48.47
NR-5762,2025-05-14,Electronics,Retail Store,3,752.3,390.55
NR-7354,2026-01-24,Electronics,Web,1,231.08,159.41
NR-6175,2025-07-26,Home Goods,Web,1,65.27,33.2
NR-8124,2026-04-16,Beauty,Web,3,109.28,42.09
NR-5028,2025-01-22,Electronics,Web,3,734.94,389.54
NR-6320,2025-08-27,Electronics,Web,3,782.53,425.08
NR-5759,2025-05-14,Electronics,Retail Store,3,599.04,317.88
NR-5784,2025-05-02,Home Goods,Web,1,69.54,34.13
NR-6225,2025-07-17,Beauty,Web,1,27.98,11.69
NR-6595,2025-09-01,Apparel,Marketplace,2,106.64,50.54
NR-5130,2025-01-07,Beauty,Web,1,30.63,11.57
NR-7307,2025-12-17,Outdoor,Retail Store,3,261.4,129.35
NR-6962,2025-11-14,Home Goods,Retail Store,1,69.2,34.47
NR-7526,2026-01-17,Outdoor,Web,3,286.33,137.08
NR-5135,2025-01-12,Beauty,Web,2,57.57,23.05
NR-5234,2025-02-23,Home Goods,Retail Store,2,120.06,58.14
NR-8492,2026-06-08,Apparel,Marketplace,3,126.24,62.18
NR-5392,2025-03-01,Electronics,Web,1,242.75,127.47
NR-7628,2026-02-24,Apparel,Web,2,106.1,48.22
NR-8147,2026-04-07,Outdoor,Web,3,300.75,156.04
NR-6191,2025-07-10,Apparel,Web,2,106.31,54.53
NR-6348,2025-08-02,Home Goods,Web,2,140.73,74.72
NR-6499,2025-09-04,Electronics,Web,3,712.19,409.01
NR-6757,2025-10-14,Home Goods,Retail Store,3,183.71,93.9
NR-7292,2025-12-02,Outdoor,Marketplace,1,102.72,52.68
NR-7971,2026-04-04,Electronics,Web,1,234.36,179.29
NR-6656,2025-09-05,Outdoor,Web,3,291.88,151.41
NR-5693,2025-04-08,Beauty,,2,60.42,23.8
NR-5139,2025-01-05,Beauty,Web,2,72.15,28.82
NR-6437,2025-08-09,Beauty,Marketplace,2,64.61,24.68
NR-6737,2025-10-06,Home Goods,Web,2,123.3,64.51
NR-6521,2025-09-22,Electronics,Retail Store,3,716.86,385.44
NR-8280,2026-05-05,Apparel,Retail Store,1,44.5,20.94
NR-5399,2025-03-21,Electronics,Web,2,483.85,270.24
NR-7666,2026-02-17,Beauty,Marketplace,2,68.32,28.09
NR-7779,2026-03-06,Electronics,Web,2,405.08,284.89
NR-7082,2025-11-27,Outdoor,Retail Store,2,221.29,114.25
NR-8454,2026-06-04,Home Goods,Retail Store,2,129.92,67.25
NR-7409,2026-01-24,Apparel,Marketplace,1,50.16,24.82
NR-5824,2025-05-17,Apparel,Web,1,46.72,21.69
NR-7557,2026-02-05,Electronics,Web,1,233.55,150.34
NR-6714,2025-10-22,Electronics,Retail Store,3,661.09,385.53
NR-5156,2025-01-09,Outdoor,Retail Store,3,302.91,154.62
NR-7834,2026-03-21,Apparel,Marketplace,3,165.39,82.83
NR-8120,2026-04-25,Beauty,Marketplace,1,29.95,12.29
NR-5137,2025-01-05,Beauty,Marketplace,1,27.49,10.49
NR-5877,2025-05-23,Beauty,Web,1,32.45,12.64
NR-5973,2025-06-09,Home Goods,Marketplace,3,199.9,103.72
NR-6781,2025-10-23,Apparel,Web,2,92.68,43.35
NR-7336,2026-01-02,Electronics,Web,1,193.85,131.21
NR-7720,2026-02-02,Outdoor,Web,2,166.98,83.41
NR-8161,2026-04-27,Outdoor,Marketplace,2,178.55,92.4
NR-5649,2025-04-18,Apparel,Web,2,102.22,48.68
NR-7822,2026-03-02,Home Goods,Web,1,61.17,29.6
NR-6005,2025-06-23,Apparel,Web,1,49.35,23.59
NR-7697,2026-02-14,Beauty,Retail Store,1,38.26,14.78
NR-6298,2025-08-24,Electronics,Web,1,214.51,125.89
NR-7619,2026-02-25,Home Goods,Web,2,128.01,64.47
NR-6257,2025-07-18,Outdoor,Marketplace,2,204.15,107.06
NR-7527,2026-01-11,Outdoor,Web,1,81.63,42.82
NR-7131,2025-12-06,Electronics,Web,2,512.56,333.34
NR-6778,2025-10-01,Apparel,Retail Store,2,99.57,45.22
NR-7180,2025-12-14,Home Goods,Retail Store,1,60.46,31.97
NR-6675,2025-09-08,Outdoor,Retail Store,1,105.91,54.39
NR-8106,2026-04-06,Beauty,Marketplace,1,32.16,12.06
NR-8231,2026-05-06,Home Goods,Web,2,113.09,59.99
NR-7708,2026-02-19,Outdoor,Web,3,334.88,169.86
NR-5010,2025-01-18,Electronics,Web,3,756.69,426.25
NR-8566,2026-06-05,Beauty,Web,1,30.79,12.86
NR-8518,2026-06-05,Apparel,Marketplace,3,148.56,68.18
NR-7425,2026-01-18,Apparel,Web,2,85.46,41.75
NR-6617,2025-09-16,Beauty,Web,1,35.81,13.55
NR-6910,2025-11-08,Electronics,Web,3,623.66,377.51
NR-7912,2026-03-26,Beauty,Web,2,64.04,25.98
NR-6023,2025-06-13,Apparel,Retail Store,1,47.23,22.15
NR-8546,2026-06-09,Beauty,Web,1,30.95,12.28
NR-7028,2025-11-08,Beauty,Retail Store,1,36.37,15.18
NR-7475,2026-01-17,Beauty,Retail Store,3,99.33,40.08
NR-6161,2025-07-06,Home Goods,Web,1,77.0,40.63
NR-8580,2026-06-27,Beauty,Web,2,67.59,28.03
NR-6227,2025-07-05,Beauty,Marketplace,2,76.18,31.0
NR-5663,2025-04-02,Apparel,Web,3,148.55,71.43
NR-6541,2025-09-06,Home Goods,Web,1,77.46,40.44
NR-7215,2025-12-09,Apparel,Web,2,90.7,42.67
NR-5669,2025-04-13,Apparel,Retail Store,1,51.9,25.38
NR-7646,2026-02-07,Apparel,Marketplace,3,161.91,72.37
NR-6439,2025-08-01,Beauty,Retail Store,1,35.42,13.63
NR-5509,2025-03-18,Beauty,Retail Store,3,98.41,40.63
NR-6935,2025-11-10,Electronics,Web,3,649.66,372.91
NR-8376,2026-05-05,Outdoor,Web,2,199.28,104.48
NR-5168,2025-01-02,Outdoor,Web,3,318.06,156.52
NR-6712,2025-10-11,Electronics,Retail Store,1,226.63,133.39
NR-5811,2025-05-01,Home Goods,Web,3,214.75,111.71
NR-7128,2025-12-05,Electronics,Web,3,751.4,448.04
NR-8620,2026-06-16,Outdoor,Web,2,198.49,100.16
NR-5917,2025-06-09,Electronics,Web,1,222.11,120.88
NR-5370,2025-03-09,Electronics,Web,1,200.92,106.07
NR-8072,2026-04-02,Apparel,Web,2,92.22,45.38
NR-5584,2025-04-02,Electronics,Marketplace,3,743.74,419.42
NR-8228,2026-05-08,Home Goods,Retail Store,1,59.67,31.19
NR-8619,2026-06-04,Outdoor,Web,2,166.23,79.6
NR-7808,2026-03-04,Home Goods,Web,3,232.98,119.85
NR-6721,2025-10-19,Electronics,Web,2,445.74,248.56
NR-6625,2025-09-08,Beauty,Retail Store,2,76.1,30.21
NR-6614,2025-09-27,Beauty,Retail Store,2,55.19,22.38
NR-5902,2025-05-16,Outdoor,Retail Store,1,110.71,52.8
NR-8609,2026-06-17,Outdoor,Web,2,211.5,103.62
NR-8288,2026-05-19,Apparel,Web,3,159.92,77.88
NR-6634,2025-09-27,Beauty,Retail Store,2,58.0,21.55
NR-7497,2026-01-09,Outdoor,Web,3,318.28,162.98
NR-7485,2026-01-16,Beauty,Web,3,83.13,33.25
NR-7567,2026-02-17,Electronics,Retail Store,1,193.52,132.52
NR-7770,2026-03-07,Electronics,Web,3,603.57,437.68
NR-7553,2026-02-24,Electronics,Web,2,423.27,273.63
NR-6046,2025-06-10,Beauty,Web,1,27.94,10.8
NR-6435,2025-08-11,Beauty,Web,1,38.16,15.29
NR-6581,2025-09-09,Apparel,Web,1,42.9,20.29
NR-7795,2026-03-26,Home Goods,Web,3,222.69,111.55
NR-7430,2026-01-14,Apparel,Web,3,150.53,69.62
NR-6011,2025-06-20,Apparel,Web,2,103.32,49.24
NR-5217,2025-02-03,Electronics,Marketplace,3,707.9,381.75
NR-5348,2025-02-19,Outdoor,Retail Store,2,181.31,91.28
NR-7590,2026-02-26,Home Goods,Web,1,64.07,31.07
NR-5361,2025-02-06,Outdoor,Marketplace,3,275.95,133.17
NR-6741,2025-10-05,Home Goods,Retail Store,2,152.97,74.92
NR-7247,2025-12-14,Beauty,Retail Store,1,30.01,11.25
NR-5991,2025-06-03,Home Goods,Marketplace,1,63.48,32.61
NR-6118,2025-07-20,Electronics,Web,2,503.22,269.07
NR-5179,2025-01-02,Outdoor,Retail Store,3,333.05,165.03
NR-5492,2025-03-04,Beauty,Web,2,73.49,28.36
NR-8405,2026-06-23,Electronics,Retail Store,2,377.17,292.56
NR-6528,2025-09-27,Electronics,Web,3,660.99,364.47
NR-6948,2025-11-20,Home Goods,Web,1,75.4,37.21
NR-7709,2026-02-13,Outdoor,Web,2,167.34,84.22
NR-8328,2026-05-24,Beauty,Web,2,54.9,22.48
NR-5034,2025-01-21,Electronics,Web,3,768.1,425.87
NR-7197,2025-12-08,Apparel,Retail Store,3,167.34,80.49
NR-7366,2026-01-25,Home Goods,Retail Store,3,196.29,98.42
NR-7535,2026-01-02,Outdoor,Web,1,85.04,44.38
NR-7983,2026-04-12,Electronics,Retail Store,2,458.55,335.62
NR-6138,2025-07-03,Electronics,Web,1,235.75,131.62
NR-6856,2025-10-08,Beauty,Web,2,71.48,27.54
NR-5158,2025-01-11,Outdoor,Retail Store,1,105.37,54.3
NR-8175,2026-04-14,Outdoor,Retail Store,3,259.19,130.92
NR-7950,2026-03-16,Outdoor,Web,3,331.72,160.41
NR-7018,2025-11-17,Apparel,Retail Store,1,52.47,27.11
NR-5886,2025-05-15,Outdoor,Web,3,272.22,137.68
NR-6141,2025-07-19,Home Goods,Web,2,148.62,78.6
NR-7516,2026-01-18,Outdoor,Web,1,94.59,46.98
NR-6188,2025-07-17,Apparel,Retail Store,1,51.05,26.24
NR-7869,2026-03-02,apparel,Web,2,101.39,46.55
NR-7807,2026-03-17,Home Goods,Marketplace,2,121.66,58.56
NR-8026,2026-04-26,Home Goods,Retail Store,2,111.2,57.34
NR-5475,2025-03-23,Apparel,Web,3,147.02,69.15
NR-7739,2026-02-04,Outdoor,Web,3,339.35,170.78
NR-6123,2025-07-19,Electronics,Web,1,232.22,126.76
NR-8274,2026-05-18,Apparel,Marketplace,1,44.47,21.09
NR-5724,2025-04-18,Outdoor,Web,2,223.42,110.18
NR-6300,2025-08-23,Electronics,Retail Store,2,468.85,257.38
NR-5620,2025-04-12,Home Goods,Marketplace,1,60.79,31.29
NR-6674,2025-09-20,Outdoor,Marketplace,3,260.78,129.02
NR-7682,2026-02-07,Beauty,Web,2,71.55,28.82
NR-5132,2025-01-21,Beauty,Web,3,92.4,36.44
NR-6925,2025-11-18,Electronics,Marketplace,3,568.52,339.42
NR-7678,2026-02-09,Beauty,Web,1,31.58,12.96
NR-5303,2025-02-04,Beauty,Web,3,92.6,37.6
NR-8508,2026-06-25,Apparel,Marketplace,2,113.23,53.11
NR-6445,2025-08-20,Beauty,Web,3,104.86,40.41
NR-5763,2025-05-09,Electronics,Retail Store,3,771.26,392.07
NR-7392,2026-01-17,Home Goods,Web,2,120.62,66.16
NR-5343,2025-02-13,Outdoor,Retail Store,1,103.13,50.22
NR-5007,2025-01-01,Electronics,Web,3,618.18,329.55
NR-5906,2025-05-14,Outdoor,Web,1,100.72,49.97
NR-5732,2025-04-24,Outdoor,Retail Store,1,82.29,41.94
NR-7382,2026-01-09,Home Goods,Retail Store,3,181.45,93.53
NR-6774,2025-10-07,Apparel,Web,2,100.3,44.99
NR-7400,2026-01-07,Home Goods,Retail Store,2,134.03,69.81
NR-5709,2025-04-02,Beauty,Retail Store,3,102.89,40.68
NR-8449,2026-06-03,Home Goods,Web,2,144.74,77.74
NR-5560,2025-04-21,Electronics,Retail Store,3,733.09,413.71
NR-6745,2025-10-18,Home Goods,Web,1,71.06,37.66
NR-8612,2026-06-24,Outdoor,Web,3,338.39,167.18
NR-7095,2025-11-02,Outdoor,Web,3,270.83,133.97
NR-7780,2026-03-17,Electronics,Web,1,230.12,162.0
NR-5747,2025-04-12,Outdoor,Web,2,192.79,96.45
NR-5985,2025-06-15,Home Goods,Retail Store,1,58.72,30.1
NR-7833,2026-03-22,Apparel,Retail Store,3,171.52,85.87
NR-6558,2025-09-16,Home Goods,Web,1,75.2,38.64
NR-5666,2025-04-18,Apparel,Retail Store,2,105.8,53.21
NR-6379,2025-08-05,Apparel,Marketplace,2,85.51,39.03
NR-7575,2026-02-26,Electronics,Marketplace,3,780.66,527.27
NR-5633,2025-04-18,Home Goods,Marketplace,1,69.34,34.44
NR-8489,2026-06-14,Apparel,Web,2,113.97,55.3
NR-7226,2025-12-25,Apparel,Retail Store,1,56.67,24.96
NR-7729,2026-02-19,Outdoor,Web,2,213.8,106.6
NR-8177,2026-04-07,Outdoor,Web,1,84.9,43.03
NR-5166,2025-01-02,Outdoor,Web,2,215.01,109.38
NR-8319,2026-05-14,Beauty,Web,1,27.59,10.7
NR-8127,2026-04-20,Beauty,Retail Store,3,109.92,42.12
NR-7249,2025-12-13,Beauty,Web,2,66.2,25.46
NR-7634,2026-02-01,Apparel,Marketplace,3,162.53,78.91
NR-6843,2025-10-01,Beauty,Web,2,66.42,27.33
NR-8494,2026-06-05,Apparel,Marketplace,3,158.56,72.73
NR-5433,2025-03-26,Home Goods,Web,1,56.69,27.86
NR-7056,2025-11-09,Beauty,Web,3,90.01,37.16
NR-5825,2025-05-25,Apparel,Marketplace,3,162.29,77.14
NR-8168,2026-04-04,Outdoor,Marketplace,3,333.61,175.3
NR-6475,2025-08-21,Outdoor,Web,3,310.11,157.73
NR-7913,2026-03-02,Beauty,Web,3,103.02,41.37
NR-5070,2025-01-08,Home Goods,Retail Store,1,59.59,30.47
NR-6990,2025-11-11,Apparel,Web,1,50.22,25.21
NR-5121,2025-01-19,Beauty,Marketplace,3,98.19,37.11
NR-5780,2025-05-08,Electronics,Web,3,765.83,402.01
NR-5731,2025-04-20,Outdoor,Web,2,165.94,81.36
NR-6685,2025-09-09,Outdoor,Retail Store,1,105.57,50.96
NR-7462,2026-01-10,Beauty,Retail Store,1,34.97,14.67
NR-5511,2025-03-04,Beauty,Web,3,96.66,37.46
NR-8052,2026-04-20,Apparel,Web,2,94.03,47.65
NR-8262,2026-05-12,Home Goods,Web,3,203.88,103.72
NR-8311,2026-05-21,Beauty,Retail Store,1,37.52,15.12
NR-7757,2026-03-27,Electronics,Web,3,708.41,490.52
NR-8123,2026-04-24,Beauty,Web,3,93.91,37.66
NR-5334,2025-02-14,Outdoor,Web,2,185.56,89.7
NR-7818,2026-03-16,Home Goods,Web,3,212.25,103.35
NR-7695,2026-02-09,Beauty,Web,3,99.04,40.08
NR-6792,2025-10-27,Apparel,Web,1,49.33,22.24
NR-8246,2026-05-16,Home Goods,Web,2,122.1,64.47
NR-7101,2025-11-12,Outdoor,Marketplace,3,276.96,140.09
NR-8613,2026-06-18,Outdoor,Web,3,318.67,154.89
NR-6114,2025-07-05,Electronics,Web,1,262.12,141.43
NR-5438,2025-03-03,Home Goods,Marketplace,3,189.45,101.54
NR-5153,2025-01-19,Outdoor,Marketplace,3,269.04,130.56
NR-5823,2025-05-23,Apparel,Web,3,159.92,73.05
NR-6376,2025-08-12,Apparel,Web,3,153.92,75.72
NR-6510,2025-09-26,Electronics,Marketplace,1,251.82,136.31
NR-8093,2026-04-13,Beauty,Retail Store,1,34.13,13.72
NR-5749,2025-04-22,Outdoor,Web,1,97.19,45.8
NR-5440,2025-03-06,Home Goods,Marketplace,1,63.03,31.09
NR-6049,2025-06-11,Beauty,Web,1,32.09,13.0
NR-6693,2025-10-21,Electronics,Web,1,214.06,124.07
NR-6321,2025-08-23,Electronics,Retail Store,2,452.41,251.74
NR-7335,2026-01-07,ELECTRONICS,Marketplace,3,665.08,430.65
NR-7962,2026-04-27,Electronics,Web,2,410.74,309.67
NR-5035,2025-01-12,Electronics,Web,2,509.24,291.93
NR-8048,2026-04-21,Apparel,Marketplace,2,94.55,47.02
NR-5532,2025-03-20,Outdoor,Retail Store,2,197.68,96.77
NR-5172,2025-01-16,Outdoor,Retail Store,2,183.02,94.56
NR-6657,2025-09-20,Outdoor,Web,1,112.13,56.08
NR-8112,2026-04-13,Beauty,Web,1,37.44,14.39
NR-6526,2025-09-18,Electronics,Retail Store,3,726.96,393.67
NR-7871,2026-03-18,Apparel,Retail Store,1,44.82,21.87
NR-5837,2025-05-03,Apparel,Web,3,148.26,66.29
NR-6325,2025-08-16,Electronics,Retail Store,3,620.3,347.58
NR-6683,2025-09-24,Outdoor,Web,2,162.26,84.5
NR-8491,2026-06-24,Apparel,Marketplace,1,55.74,25.8
NR-5300,2025-02-20,Beauty,Web,2,56.62,21.27
NR-7394,2026-01-07,Home Goods,Web,3,215.93,112.26
NR-7229,2025-12-03,Apparel,Web,1,44.82,20.51
NR-7998,2026-04-17,Home Goods,Web,2,133.51,72.93
NR-6246,2025-07-08,Beauty,,2,73.67,29.93
NR-7530,2026-01-08,Outdoor,Retail Store,2,202.89,105.84
NR-6087,2025-06-02,Outdoor,Retail Store,2,170.21,83.16
NR-6798,2025-10-04,Apparel,Retail Store,1,52.2,25.24
NR-8555,2026-06-09,Beauty,Retail Store,1,38.27,14.87
NR-5948,2025-06-06,Electronics,Web,1,233.77,127.65
NR-5247,2025-02-06,Home Goods,Retail Store,2,134.22,68.45
NR-7237,2025-12-23,Beauty,Marketplace,3,111.98,42.44
NR-7828,2026-03-22,Home Goods,Web,1,59.51,30.45
NR-7800,2026-03-10,Home Goods,Web,1,59.19,29.87
NR-5753,2025-05-08,Electronics,Web,1,187.8,101.23
NR-7291,2025-12-25,Outdoor,Marketplace,2,196.04,99.92
NR-7431,2026-01-20,Apparel,Marketplace,2,93.43,47.3
NR-7813,2026-03-19,Home Goods,Retail Store,3,192.75,97.13
NR-8337,2026-05-01,Beauty,Retail Store,3,99.63,38.16
NR-8207,2026-05-17,Electronics,Retail Store,1,250.41,190.51
NR-7283,2025-12-12,Outdoor,Web,2,218.09,102.79
NR-6580,2025-09-27,Apparel,Retail Store,3,150.77,70.01
NR-7193,2025-12-12,Home Goods,Web,3,199.53,99.74
NR-7032,2025-11-18,Beauty,Retail Store,-1,29.07,11.89
NR-5619,2025-04-23,Home Goods,Marketplace,3,207.22,105.87
NR-6003,2025-06-25,Apparel,Web,1,49.98,25.06
NR-7157,2025-12-18,Home Goods,Retail Store,2,143.62,72.16
NR-6212,2025-07-04,Apparel,Web,1,56.84,26.8
NR-6442,2025-08-20,Beauty,Web,1,30.74,12.36
NR-5199,2025-02-26,Electronics,Web,2,519.19,281.55
NR-6804,2025-10-21,Apparel,Web,2,82.04,37.01
NR-7040,2025-11-02,Beauty,Web,2,65.11,27.23
NR-8610,2026-06-01,Outdoor,Retail Store,3,317.49,158.16
NR-8514,2026-06-07,Apparel,Retail Store,3,141.28,70.55
NR-5088,2025-01-08,Apparel,Web,3,156.16,77.02
NR-8192,2026-05-04,Electronics,Web,3,637.55,484.97
NR-6237,2025-07-11,Beauty,Retail Store,2,69.82,26.65
NR-8136,2026-04-20,Outdoor,Retail Store,1,100.03,50.68
NR-7007,2025-11-17,Apparel,Marketplace,2,95.76,48.14
NR-7078,2025-11-23,Outdoor,Marketplace,2,162.51,84.65
NR-7255,2025-12-16,Beauty,Retail Store,3,100.7,40.41
NR-8490,2026-06-01,Apparel,Retail Store,2,90.08,43.46
NR-6033,2025-06-15,Beauty,Marketplace,1,30.6,11.86
NR-8544,2026-06-02,Beauty,Web,1,27.33,10.69
NR-7542,2026-01-27,Outdoor,Web,3,270.02,140.05
NR-6556,2025-09-01,Home Goods,Web,3,224.29,118.85
NR-5285,2025-02-20,Apparel,Retail Store,1,55.69,26.69
NR-6463,2025-08-02,Outdoor,Marketplace,2,220.79,109.95
NR-8359,2026-05-22,Outdoor,Web,1,90.45,46.19
NR-7301,2025-12-16,Outdoor,Retail Store,1,105.88,51.7
NR-6422,2025-08-05,Beauty,Web,2,73.98,29.91
NR-6834,2025-10-14,Beauty,Web,3,105.15,41.58
NR-8549,2026-06-15,Beauty,Marketplace,2,62.64,24.06
NR-7686,2026-02-07,Beauty,Retail Store,2,60.59,25.27
NR-7250,2025-12-11,Beauty,Retail Store,1,31.69,11.81
NR-5249,2025-02-01,Home Goods,Marketplace,3,175.43,87.18
NR-6491,2025-08-18,Outdoor,Retail Store,3,331.77,169.83
NR-6451,2025-08-21,Beauty,Web,2,63.61,25.86
NR-7856,2026-03-04,Apparel,Marketplace,2,114.7,56.15
NR-7198,2025-12-10,Apparel,Web,1,52.36,24.32
NR-6772,2025-10-06,Apparel,Retail Store,1,51.36,23.95
NR-6406,2025-08-27,Apparel,Web,2,110.48,53.51
NR-5962,2025-06-09,Home Goods,Retail Store,3,200.78,106.29
NR-8181,2026-05-21,Electronics,Marketplace,1,263.77,197.84
NR-8105,2026-04-03,Beauty,Web,1,30.38,11.6
NR-5100,2025-01-08,Apparel,Retail Store,1,54.3,27.52
NR-5390,2025-03-11,Electronics,Retail Store,1,207.82,106.58
NR-8081,2026-04-25,Apparel,Retail Store,2,102.53,52.32
NR-5539,2025-03-19,Outdoor,Marketplace,1,104.15,54.77
NR-8038,2026-04-21,Apparel,Marketplace,1,56.71,28.46
NR-6204,2025-07-20,Apparel,Retail Store,3,141.42,69.29
NR-8547,2026-06-04,Beauty,Marketplace,1,36.04,13.89
NR-8352,2026-05-11,Beauty,Retail Store,1,30.85,11.69
NR-8197,2026-05-18,Electronics,Web,1,247.42,193.88
NR-7899,2026-03-07,Beauty,Retail Store,3,88.02,32.95
NR-5201,2025-02-11,Electronics,Web,1,221.51,120.85
NR-6310,2025-08-21,Electronics,Web,1,254.28,143.26
NR-6639,2025-09-11,Beauty,Web,2,76.03,28.73
NR-8003,2026-04-24,Home Goods,Retail Store,1,57.37,30.03
NR-7294,2025-12-25,Outdoor,Web,3,305.91,147.25
NR-8095,2026-04-01,Beauty,Marketplace,3,84.67,31.82
NR-5043,2025-01-20,Home Goods,Retail Store,3,221.39,108.43
NR-6069,2025-06-03,Outdoor,Retail Store,2,227.52,110.81
NR-5851,2025-05-10,Beauty,Web,3,105.25,43.48
NR-5001,2025-01-22,Electronics,Web,1,250.23,137.19
NR-8242,2026-05-15,Home Goods,Marketplace,1,58.08,30.01
NR-5857,2025-05-17,Beauty,Web,2,57.47,23.8
NR-8079,2026-04-06,Apparel,Marketplace,2,111.44,53.15
NR-6449,2025-08-13,Beauty,Marketplace,2,61.35,23.62
NR-5419,2025-03-05,Home Goods,Web,3,213.82,114.75
NR-8117,2026-04-09,Beauty,Retail Store,1,34.42,13.59
NR-5858,2025-05-05,Beauty,Web,3,91.75,37.15
NR-5678,2025-04-19,Beauty,Marketplace,1,28.03,11.12
NR-7433,2026-01-04,Apparel,Retail Store,2,89.86,43.97
NR-8326,2026-05-24,Beauty,Web,3,83.62,33.59
NR-6980,2025-11-10,Home Goods,Retail Store,2,125.1,65.3
NR-8608,2026-06-23,Outdoor,Retail Store,1,102.02,49.97
NR-7123,2025-12-20,Electronics,Web,1,259.87,167.8
NR-7429,2026-01-04,Apparel,Retail Store,1,50.53,24.04
NR-8115,2026-04-05,Beauty,Web,1,27.21,10.98
NR-6097,2025-06-07,Outdoor,Retail Store,1,99.72,50.16
NR-8523,2026-06-05,Apparel,Web,2,98.12,45.27
NR-8517,2026-06-12,Apparel,Retail Store,3,136.81,63.87
NR-7447,2026-01-26,Apparel,Marketplace,1,55.34,26.12
NR-5997,2025-06-13,Apparel,Marketplace,3,151.85,73.77
NR-6109,2025-07-18,Electronics,Web,1,262.49,146.07
NR-7995,2026-04-01,Electronics,Web,2,450.18,333.44
NR-5821,2025-05-04,Apparel,Retail Store,1,53.75,25.94
NR-6554,2025-09-17,Home Goods,Web,2,139.67,74.07
NR-5431,2025-03-24,Home Goods,Web,3,192.64,104.02
NR-6058,2025-06-19,Beauty,Retail Store,2,54.99,20.87
NR-7700,2026-02-11,Beauty,Marketplace,3,103.69,43.58
NR-6825,2025-10-08,Beauty,Web,2,54.52,22.44
NR-6997,2025-11-05,Apparel,Web,2,94.64,44.96
NR-7759,2026-03-01,Electronics,Retail Store,1,214.31,148.72
NR-7781,2026-03-16,Electronics,Retail Store,2,404.42,295.66
NR-7826,2026-03-02,Home Goods,Retail Store,2,142.17,69.54
NR-5363,2025-02-14,Outdoor,Web,3,320.11,161.45
NR-8446,2026-06-16,Home Goods,Web,2,141.52,74.02
NR-7134,2025-12-27,Electronics,Retail Store,1,203.17,121.82
NR-7546,2026-02-13,Electronics,Web,1,260.96,177.32
NR-6354,2025-08-16,Home Goods,Retail Store,3,166.63,85.85
NR-5807,2025-05-25,Home Goods,Retail Store,3,179.5,86.65
NR-7453,2026-01-20,Beauty,Marketplace,3,88.92,36.2
NR-5283,2025-02-11,Apparel,Web,2,96.39,46.71
NR-6968,2025-11-19,Home Goods,Web,1,67.58,34.03
NR-5050,2025-01-22,Home Goods,Retail Store,1,56.15,29.92
NR-5368,2025-03-03,Electronics,Web,2,492.76,259.99
NR-6441,2025-08-04,Beauty,Retail Store,1,28.75,11.76
NR-7002,2025-11-22,Apparel,Marketplace,2,85.94,43.28
NR-5831,2025-05-20,Apparel,Web,2,102.75,48.69
NR-5304,2025-02-25,Beauty,Web,3,81.9,32.24
NR-6012,2025-06-07,Apparel,Web,1,44.95,20.64
NR-7692,2026-02-16,Beauty,Web,1,31.48,13.07
NR-7189,2025-12-08,Home Goods,Web,3,188.99,96.97
NR-6355,2025-08-13,Home Goods,Retail Store,2,136.92,73.48
NR-5302,2025-02-27,Beauty,Marketplace,2,60.76,24.66
NR-6599,2025-09-08,Apparel,Web,2,103.55,48.94
NR-7052,2025-11-24,beauty,Marketplace,1,38.24,15.62
NR-7302,2025-12-04,Outdoor,Web,3,243.73,118.43
NR-6763,2025-10-13,Home Goods,Retail Store,2,124.25,65.82
NR-6867,2025-10-07,Outdoor,Web,3,279.11,144.75
NR-6077,2025-06-09,Outdoor,Marketplace,2,215.98,103.15
NR-7562,2026-02-20,Electronics,Web,2,465.39,316.66
NR-5924,2025-06-13,Electronics,Retail Store,3,657.08,352.28
NR-6659,2025-09-26,Outdoor,Web,1,82.34,42.39
NR-6024,2025-06-09,Apparel,Marketplace,3,123.2,59.64
NR-5915,2025-05-18,Outdoor,Marketplace,1,91.91,46.75
NR-6920,2025-11-27,Electronics,Web,2,391.45,236.83
NR-7170,2025-12-08,Home Goods,Retail Store,1,66.73,36.29
NR-8361,2026-05-23,Outdoor,Web,3,267.24,133.39
NR-5565,2025-04-19,Electronics,Web,1,261.14,141.92
NR-8542,2026-06-20,Beauty,Retail Store,1,27.61,11.19
NR-6332,2025-08-01,Home Goods,Retail Store,3,211.49,109.68
NR-8261,2026-05-05,Home Goods,Web,1,61.94,32.74
NR-5748,2025-04-12,Outdoor,Web,3,258.86,121.71
NR-6075,2025-06-05,Outdoor,Web,2,182.69,86.64
NR-7669,2026-02-18,Beauty,Marketplace,2,64.38,26.73
NR-8086,2026-04-25,Beauty,Web,1,28.79,11.6
NR-5482,2025-03-24,Beauty,Retail Store,3,112.25,45.29
NR-6938,2025-11-19,Home Goods,Web,1,66.05,35.75
NR-8144,2026-04-08,Outdoor,Retail Store,3,317.29,166.99
NR-7615,2026-02-10,Home Goods,Web,2,149.27,75.34
NR-5524,2025-03-20,Outdoor,Web,2,218.51,113.91
NR-6836,2025-10-05,Beauty,Web,3,96.85,37.54
NR-8050,2026-04-11,Apparel,Web,3,126.37,63.75
NR-6427,2025-08-21,Beauty,Retail Store,3,84.5,34.13
NR-8314,2026-05-16,Beauty,Retail Store,3,106.44,40.54
NR-5090,2025-01-24,Apparel,Web,1,54.09,25.75
NR-8579,2026-06-20,Beauty,Retail Store,1,35.41,14.46
NR-7287,2025-12-17,Outdoor,Web,1,82.03,39.73
NR-5092,2025-01-06,Apparel,Web,3,171.28,84.3
NR-7963,2026-04-01,Electronics,Web,2,399.59,289.0
NR-5449,2025-03-23,Apparel,Retail Store,1,54.35,27.41
NR-7727,2026-02-07,Outdoor,Retail Store,1,87.47,43.4
NR-6666,2025-09-24,Outdoor,Web,2,206.2,101.43
NR-6744,2025-10-01,Home Goods,Web,2,111.47,59.1
NR-5888,2025-05-24,Outdoor,Retail Store,2,217.49,105.26
NR-5112,2025-01-21,Beauty,Retail Store,1,31.64,12.34
NR-6213,2025-07-21,Apparel,Retail Store,2,115.17,54.57
NR-5696,2025-04-22,Beauty,Web,1,34.6,13.85
NR-7621,2026-02-09,Home Goods,Web,3,207.05,110.38
NR-7345,2026-01-25,Electronics,Retail Store,3,573.76,365.39
NR-7080,2025-11-27,Outdoor,Marketplace,2,197.41,100.52
NR-7881,2026-03-12,Beauty,Web,2,62.04,24.97
NR-7344,2026-01-23,Electronics,Retail Store,2,410.88,267.06
NR-6018,2025-06-02,Apparel,Web,2,108.14,52.21
NR-8268,2026-05-14,Home Goods,Retail Store,3,214.3,107.77
NR-5513,2025-03-16,Beauty,Web,1,33.04,13.91
NR-5427,2025-03-13,Home Goods,Marketplace,3,195.1,100.01
NR-7323,2026-01-11,Electronics,Web,2,427.41,283.08
NR-6909,2025-11-11,Electronics,Web,3,649.76,383.44
NR-7839,2026-03-25,Apparel,Web,2,89.48,45.11
NR-6330,2025-08-04,Home Goods,Retail Store,1,60.7,30.55
NR-7771,2026-03-07,Electronics,Marketplace,1,254.17,178.14
NR-6350,2025-08-05,Home Goods,Marketplace,1,65.97,35.95
NR-5952,2025-06-05,Home Goods,Web,1,56.95,29.42
NR-6897,2025-11-24,Electronics,Retail Store,3,575.01,327.1
NR-7735,2026-02-08,Outdoor,Retail Store,2,197.25,100.59
NR-8384,2026-05-25,Outdoor,Web,1,97.92,46.94
NR-8031,2026-04-16,Home Goods,Web,3,191.22,99.05
NR-5527,2025-03-10,Outdoor,Retail Store,1,96.88,48.08
NR-7272,2025-12-17,Beauty,Retail Store,1,32.88,12.38
NR-5104,2025-01-01,Apparel,Web,3,159.08,81.83
NR-5683,2025-04-14,Beauty,Retail Store,3,100.49,41.39
NR-8259,2026-05-08,Home Goods,Web,1,62.77,30.86
NR-5336,2025-02-04,Outdoor,Web,2,214.08,108.45
NR-5617,2025-04-11,Home Goods,Retail Store,3,183.24,95.93
NR-8357,2026-05-08,Outdoor,Retail Store,1,92.1,46.9
NR-6562,2025-09-04,Home Goods,Web,1,70.02,37.61
NR-5739,2025-04-12,Outdoor,Web,1,101.65,52.14
NR-6074,2025-06-22,Outdoor,Marketplace,2,227.15,107.07
NR-5288,2025-02-03,Apparel,Retail Store,3,148.05,73.19
NR-5181,2025-01-15,Outdoor,Web,3,290.83,150.16
NR-6235,2025-07-18,Beauty,Retail Store,2,65.12,26.1
NR-6963,2025-11-08,Home Goods,Retail Store,2,124.91,65.74
NR-7266,2025-12-02,Beauty,Marketplace,3,111.33,41.97
NR-6458,2025-08-07,Outdoor,Retail Store,1,104.62,50.39
NR-7187,2025-12-03,Home Goods,Marketplace,3,203.55,107.09
NR-8604,2026-06-20,Outdoor,Web,1,103.78,51.32
NR-7342,2026-01-11,Electronics,Web,2,431.93,291.75
NR-5237,2025-02-01,Home Goods,Web,3,182.99,93.51
NR-6801,2025-10-19,Apparel,Marketplace,1,52.63,24.18
NR-5479,2025-03-05,Beauty,Marketplace,3,85.89,35.56
NR-6965,2025-11-07,Home Goods,Web,2,129.99,65.78
NR-5710,2025-04-06,Outdoor,Web,1,92.29,46.14
NR-6823,2025-10-20,Beauty,Web,3,90.7,34.02
NR-6115,2025-07-24,Electronics,Retail Store,2,425.86,229.19
NR-7320,2026-01-20,Electronics,Web,1,190.26,129.91
NR-5222,2025-02-18,Home Goods,Marketplace,3,221.52,112.96
NR-7649,2026-02-17,Apparel,Marketplace,2,104.95,48.31
NR-7228,2025-12-15,Apparel,Marketplace,3,126.9,58.13
NR-7942,2026-03-25,Outdoor,Retail Store,3,263.9,138.54
NR-5328,2025-02-09,Beauty,Retail Store,2,62.9,24.49
NR-5515,2025-03-17,Outdoor,Retail Store,3,271.07,143.06
NR-6647,2025-09-18,Beauty,Web,1,33.77,12.73
NR-8101,2026-04-15,Beauty,Retail Store,1,30.11,11.66
NR-5660,2025-04-23,Apparel,Marketplace,1,57.35,27.99
NR-5469,2025-03-25,Apparel,Retail Store,2,102.79,47.45
NR-5783,2025-05-04,Home Goods,Web,3,182.37,91.63
NR-7864,2026-03-13,Apparel,Retail Store,1,46.87,23.15
NR-7815,2026-03-27,Home Goods,Retail Store,1,57.56,27.94
NR-6198,2025-07-26,Apparel,Retail Store,2,98.26,47.44
NR-8385,2026-05-15,Outdoor,Retail Store,2,206.56,102.77
NR-6472,2025-08-02,Outdoor,Web,3,247.28,120.73
NR-8558,2026-06-05,Beauty,Retail Store,1,31.93,12.71
NR-7558,2026-02-16,Electronics,Retail Store,2,470.65,310.04
NR-7919,2026-03-21,Beauty,Web,2,68.18,25.85
NR-7574,2026-02-27,Electronics,Retail Store,2,471.02,309.0
NR-8021,2026-04-18,Home Goods,Retail Store,3,216.82,117.86
NR-8431,2026-06-16,Electronics,Web,3,708.75,566.97
NR-8263,2026-05-09,Home Goods,Marketplace,2,133.8,66.71
NR-6181,2025-07-20,Apparel,Retail Store,1,53.04,25.74
NR-8622,2026-06-14,Outdoor,Web,3,305.28,145.51
NR-6455,2025-08-04,Beauty,Retail Store,1,35.03,13.75
NR-5250,2025-02-16,Home Goods,Web,3,178.62,90.21
NR-6934,2025-11-10,Electronics,Marketplace,2,525.61,312.68
NR-6070,2025-06-24,Outdoor,Marketplace,1,109.07,52.62
NR-6215,2025-07-22,Apparel,Web,2,96.82,47.92
NR-6397,2025-08-27,Apparel,Retail Store,1,49.79,23.72
NR-5259,2025-02-24,Apparel,Retail Store,3,143.99,68.44
NR-7408,2026-01-16,Apparel,Retail Store,1,49.68,23.8
NR-8064,2026-04-10,Apparel,Web,1,55.52,27.53
NR-8374,2026-05-20,Outdoor,Web,3,339.98,173.7
NR-8537,2026-06-02,Beauty,Retail Store,3,112.65,43.64
NR-5708,2025-04-14,Beauty,Web,2,68.35,27.01
NR-8057,2026-04-08,Apparel,Web,2,108.21,50.45
NR-5661,2025-04-16,Apparel,Web,2,99.24,51.53
NR-6356,2025-08-16,Home Goods,Retail Store,2,151.38,82.02
NR-5963,2025-06-13,Home Goods,Marketplace,3,204.64,112.35
NR-5934,2025-06-02,Electronics,Retail Store,1,262.7,138.64
NR-7730,2026-02-23,Outdoor,Web,3,307.53,147.16
NR-7606,2026-02-04,Home Goods,Web,3,173.93,88.12
NR-8172,2026-04-23,Outdoor,Web,1,86.64,44.19
NR-5098,2025-01-09,Apparel,Marketplace,3,152.47,78.27
NR-6816,2025-10-07,Beauty,Retail Store,3,96.69,36.25
NR-5042,2025-01-02,Home Goods,Retail Store,3,178.3,90.03
NR-7859,2026-03-08,Apparel,Web,1,44.95,20.6
NR-6673,2025-09-21,Outdoor,Web,3,253.89,120.61
NR-6887,2025-10-20,Outdoor,Retail Store,3,293.72,147.11
NR-6929,2025-11-11,Electronics,Marketplace,2,497.19,295.99
NR-6283,2025-07-05,Outdoor,Marketplace,2,202.8,100.78
NR-6408,2025-08-23,Apparel,Web,3,128.71,59.34
NR-5316,2025-02-23,Beauty,Web,3,91.45,36.89
NR-7788,2026-03-15,Home Goods,Marketplace,3,204.83,104.15
NR-6382,2025-08-08,Apparel,Retail Store,2,87.98,40.23
NR-6196,2025-07-19,Apparel,Retail Store,2,100.23,50.36
NR-6335,2025-08-27,Home Goods,Web,1,62.96,34.32
NR-5968,2025-06-01,Home Goods,Web,2,128.85,67.61
NR-5123,2025-01-23,Beauty,Web,2,72.95,28.73
NR-7989,2026-04-26,Electronics,Marketplace,3,704.42,519.02
NR-6672,2025-09-14,Outdoor,Retail Store,3,319.82,159.75
NR-5362,2025-02-01,Outdoor,Retail Store,2,192.17,98.66
NR-6525,2025-09-09,Electronics,Marketplace,2,491.96,287.59
NR-8151,2026-04-01,Outdoor,Web,2,213.06,107.99
NR-7152,2025-12-11,Electronics,Web,1,248.63,148.07
NR-7374,2026-01-06,Home Goods,Web,1,67.24,33.73
NR-6733,2025-10-21,Home Goods,Retail Store,2,125.08,63.56
NR-8264,2026-05-18,Home Goods,Web,3,178.68,94.36
NR-8107,2026-04-07,BEAUTY,Retail Store,1,36.61,14.7
NR-7561,2026-02-10,Electronics,Web,1,232.93,155.88
NR-7073,2025-11-21,Outdoor,Marketplace,3,336.24,178.38
NR-7910,2026-03-13,Beauty,Retail Store,3,85.38,34.54
NR-8284,2026-05-17,Apparel,Web,3,164.39,81.78
NR-5184,2025-01-24,Outdoor,Retail Store,2,162.35,79.05
NR-6323,2025-08-12,Electronics,Web,2,420.28,236.86
NR-6632,2025-09-15,Beauty,Marketplace,2,75.45,30.57
NR-6371,2025-08-08,Home Goods,Web,3,218.8,113.73
NR-7312,2025-12-01,Outdoor,Retail Store,2,216.82,108.52
NR-7986,2026-04-27,Electronics,Retail Store,2,435.38,316.82
NR-6975,2025-11-14,Home Goods,Retail Store,3,188.04,95.43
NR-7303,2025-12-22,Outdoor,Web,2,176.82,89.51
NR-6643,2025-09-11,Beauty,Marketplace,3,95.27,38.4
NR-7166,2025-12-15,Home Goods,Web,2,120.68,62.93
NR-7964,2026-04-14,Electronics,Web,3,765.15,563.25
NR-6901,2025-11-21,Electronics,Marketplace,3,586.13,350.57
NR-5118,2025-01-12,Beauty,Web,1,30.48,12.63
NR-6502,2025-09-18,Electronics,Web,3,670.03,366.15
NR-5949,2025-06-15,Home Goods,Web,2,113.85,62.83
NR-5062,2025-01-09,Home Goods,Web,1,60.88,30.88
NR-7224,2025-12-23,Apparel,Web,2,103.43,50.04
NR-6460,2025-08-20,Outdoor,Retail Store,2,165.0,82.79
NR-5402,2025-03-18,Electronics,Web,2,377.06,208.54
NR-6575,2025-09-03,Apparel,Web,3,136.89,64.44
NR-8401,2026-05-06,Outdoor,Web,1,109.47,52.77
NR-7821,2026-03-26,Home Goods,Web,1,61.2,31.64
NR-6842,2025-10-27,Beauty,Retail Store,1,29.38,11.61
NR-7775,2026-03-22,Electronics,Retail Store,1,227.11,162.77
NR-7063,2025-11-18,Beauty,Web,2,71.67,28.54
NR-5676,2025-04-06,Apparel,Web,1,45.46,22.59
NR-6958,2025-11-16,Home Goods,Web,2,131.36,69.53
NR-7295,2025-12-09,Outdoor,Web,1,102.07,50.29
NR-6852,2025-10-09,Beauty,Retail Store,1,28.25,11.62
NR-5136,2025-01-05,Beauty,Web,2,57.49,22.21
NR-6013,2025-06-04,Apparel,Marketplace,2,82.56,40.57
NR-5612,2025-04-26,Home Goods,Web,3,225.81,115.93
NR-7273,2025-12-12,Beauty,Retail Store,2,73.69,28.25
NR-8289,2026-05-27,Apparel,Web,2,85.62,41.13
NR-8363,2026-05-24,Outdoor,Web,1,85.95,42.16
NR-5354,2025-02-14,Outdoor,Web,2,185.0,90.14
NR-7604,2026-02-24,Home Goods,Retail Store,1,57.7,30.72
NR-8365,2026-05-10,Outdoor,Web,1,104.17,53.71
NR-7537,2026-01-01,Outdoor,Retail Store,1,92.69,47.08
NR-5116,2025-01-16,Beauty,Marketplace,2,67.38,27.04
NR-8499,2026-06-05,Apparel,Web,3,167.23,77.1
NR-6507,2025-09-19,Electronics,Marketplace,2,386.12,210.79
NR-5540,2025-03-10,Outdoor,Web,3,292.8,154.36
NR-5699,2025-04-04,Beauty,Marketplace,3,90.36,36.62
NR-5787,2025-05-11,Home Goods,Retail Store,2,139.99,70.21
NR-8442,2026-06-10,Electronics,Web,3,645.34,494.12
NR-5210,2025-02-27,Electronics,Web,1,202.42,108.81
NR-7810,2026-03-24,Home Goods,Retail Store,1,73.45,37.48
NR-6638,2025-09-24,Beauty,Marketplace,1,28.76,11.12
NR-5664,2025-04-09,Apparel,Web,2,91.73,46.83
NR-5011,2025-01-14,Electronics,Web,3,686.0,391.32
NR-5552,2025-03-17,Outdoor,Retail Store,1,94.21,46.58
NR-7460,2026-01-22,Beauty,Web,1,33.77,14.33
NR-7341,2026-01-09,Electronics,Web,1,245.41,166.9
NR-7340,2026-01-22,Electronics,Retail Store,2,485.68,333.22
NR-5369,2025-03-18,Electronics,Web,2,478.14,263.85
NR-6232,2025-07-11,Beauty,Marketplace,3,85.36,33.71
NR-8436,2026-06-17,Electronics,Retail Store,2,526.56,400.51
NR-7097,2025-11-03,Outdoor,Retail Store,3,245.5,126.4
NR-6290,2025-07-02,Outdoor,Web,1,81.98,42.55
NR-6263,2025-07-07,Outdoor,,3,271.07,130.93
NR-7257,2025-12-20,Beauty,Web,1,37.0,14.97
NR-8008,2026-04-22,Home Goods,Marketplace,2,113.79,62.32
NR-7483,2026-01-19,Beauty,Marketplace,1,36.68,14.12
NR-8096,2026-04-11,Beauty,Marketplace,3,102.34,41.97
NR-7877,2026-03-02,Apparel,Web,1,49.65,23.41
NR-7472,2026-01-02,Beauty,Marketplace,1,30.96,12.37
NR-6906,2025-11-06,Electronics,Retail Store,2,429.66,266.43
NR-6346,2025-08-22,Home Goods,Web,1,75.71,39.1
NR-7873,2026-03-20,Apparel,Web,3,127.91,59.66
NR-6597,2025-09-06,Apparel,Web,3,154.44,68.55
NR-5315,2025-02-07,Beauty,Web,1,30.35,11.42
NR-7938,2026-03-07,Outdoor,Web,2,219.38,109.0
NR-5965,2025-06-01,Home Goods,Web,3,167.39,89.14
NR-5576,2025-04-05,Electronics,Web,3,711.54,397.73
NR-6750,2025-10-03,Home Goods,Web,1,69.99,36.13
NR-5839,2025-05-15,Apparel,Marketplace,2,90.71,43.57
NR-5282,2025-02-24,Apparel,Web,2,97.13,47.14
NR-8439,2026-06-13,Electronics,Marketplace,2,483.37,375.24
NR-6568,2025-09-27,Home Goods,Web,1,63.07,32.17
NR-8312,2026-05-26,Beauty,Web,3,85.67,33.5
NR-5969,2025-06-05,Home Goods,Web,1,63.38,32.94
NR-7146,2025-12-11,Electronics,Web,2,506.09,309.34
NR-6646,2025-09-12,Beauty,Web,3,110.41,43.69
NR-5351,2025-02-06,Outdoor,Retail Store,2,226.94,114.15
NR-5830,2025-05-25,Apparel,Web,1,52.8,25.46
NR-7351,2026-01-01,Electronics,Web,2,401.49,276.86
NR-6655,2025-09-18,Outdoor,Web,1,108.02,51.83
NR-6274,2025-07-25,Outdoor,Marketplace,1,112.88,55.41
NR-6254,2025-07-23,Beauty,Web,2,68.38,28.38
NR-6847,2025-10-15,Beauty,Web,2,75.42,30.23
NR-8083,2026-04-21,Apparel,Web,2,113.91,54.77
NR-5045,2025-01-01,Home Goods,Marketplace,1,56.31,27.31
NR-5277,2025-02-24,Apparel,Marketplace,1,54.02,24.81
NR-8294,2026-05-11,Apparel,Retail Store,2,100.71,49.68
NR-8283,2026-05-24,Apparel,Web,3,139.9,66.05
NR-7805,2026-03-16,Home Goods,Retail Store,2,152.6,78.91
NR-6777,2025-10-25,Apparel,Web,3,134.79,60.78
NR-5707,2025-04-17,Beauty,Web,1,29.64,11.63
NR-5954,2025-06-15,Home Goods,Retail Store,2,133.14,71.84
NR-8199,2026-05-06,Electronics,Web,1,260.32,204.26
NR-5995,2025-06-02,Apparel,Retail Store,1,50.16,25.02
NR-7570,2026-02-06,Electronics,Web,1,217.96,140.48
NR-6277,2025-07-03,Outdoor,Retail Store,3,284.72,143.73
NR-7440,2026-01-27,Apparel,Retail Store,1,50.95,25.07
NR-7504,2026-01-22,Outdoor,Web,2,217.22,104.81
NR-7208,2025-12-24,Apparel,Marketplace,3,127.19,56.69
NR-6272,2025-07-03,Outdoor,Web,2,204.1,106.89
NR-7171,2025-12-05,Home Goods,Web,3,206.89,113.07
NR-6718,2025-10-16,Electronics,Marketplace,1,213.95,129.39
NR-6145,2025-07-01,Home Goods,Web,2,113.09,56.37
NR-7680,2026-02-03,Beauty,Web,3,90.22,35.33
NR-5893,2025-05-22,Outdoor,Web,1,85.35,44.21
NR-7406,2026-01-27,Apparel,Web,2,86.66,40.93
NR-7165,2025-12-04,Home Goods,Web,1,68.1,36.4
NR-8062,2026-04-07,Apparel,Retail Store,3,143.86,72.47
NR-6042,2025-06-11,Beauty,Retail Store,2,75.33,27.97
NR-8603,2026-06-17,Outdoor,Retail Store,2,173.14,83.16
NR-5534,2025-03-05,Outdoor,Retail Store,3,318.33,169.36
NR-5757,2025-05-22,Electronics,Web,1,257.11,133.9
NR-6291,2025-07-18,Outdoor,Web,1,110.56,56.48
NR-7936,2026-03-24,Outdoor,Web,1,100.81,53.06
NR-6189,2025-07-21,Apparel,Web,2,109.3,55.8
NR-6113,2025-07-15,Electronics,Web,2,384.18,215.42
NR-6260,2025-07-10,Outdoor,Web,2,189.68,92.02
NR-6358,2025-08-18,Home Goods,Web,3,215.25,115.97
NR-7655,2026-02-05,Apparel,Retail Store,1,44.57,19.91
NR-6423,2025-08-06,Beauty,Web,2,60.47,24.76
NR-5504,2025-03-05,Beauty,Web,1,29.82,11.82
NR-6762,2025-10-27,Home Goods,Web,2,136.83,73.82
NR-6154,2025-07-11,Home Goods,Retail Store,1,63.72,31.41
NR-5820,2025-05-21,Apparel,Retail Store,1,42.41,19.63
NR-8629,2026-06-16,Outdoor,Web,2,191.5,97.73
NR-5822,2025-05-18,Apparel,Marketplace,1,50.33,23.27
NR-8098,2026-04-24,Beauty,Retail Store,3,109.89,42.1
NR-8367,2026-05-18,Outdoor,Web,3,302.86,151.68
NR-7186,2025-12-16,Home Goods,Retail Store,3,191.35,100.01
NR-7241,2025-12-04,Beauty,Web,2,64.62,25.14
NR-6031,2025-06-06,Beauty,Web,2,63.84,25.38
NR-6494,2025-09-23,Electronics,Marketplace,2,490.68,284.27
NR-6142,2025-07-08,Home Goods,Retail Store,2,150.54,75.86
NR-6566,2025-09-27,Home Goods,Retail Store,3,206.29,104.25
NR-7030,2025-11-10,Beauty,Marketplace,2,64.99,27.14
NR-6511,2025-09-14,Electronics,Web,3,753.39,409.6
NR-5728,2025-04-19,Outdoor,Retail Store,1,98.47,49.44
NR-6016,2025-06-05,Apparel,Web,3,170.35,82.09
NR-7089,2025-11-13,Outdoor,Web,3,320.17,169.6
NR-5746,2025-04-11,Outdoor,Marketplace,1,94.96,46.63
NR-8601,2026-06-13,Outdoor,Retail Store,3,265.09,135.8
NR-7390,2026-01-04,Home Goods,Web,1,60.56,33.13
NR-7756,2026-03-07,Electronics,Web,2,429.17,295.61
NR-7270,2025-12-21,Beauty,Web,1,37.45,14.37
NR-6512,2025-09-19,Electronics,Web,2,407.36,232.55
NR-6957,2025-11-14,Home Goods,Marketplace,2,151.34,79.81
NR-8360,2026-05-23,Outdoor,Marketplace,1,89.74,45.84
NR-6549,2025-09-23,Home Goods,Web,1,61.37,30.43
NR-6240,2025-07-04,Beauty,Retail Store,2,56.7,22.37
NR-8630,2026-06-14,Outdoor,Marketplace,3,261.63,135.71
NR-7050,2025-11-10,Beauty,Marketplace,3,107.97,43.02
NR-6061,2025-06-13,Beauty,Web,3,98.06,38.81
NR-6654,2025-09-20,Outdoor,Retail Store,3,320.27,152.92
NR-6837,2025-10-13,Beauty,Marketplace,2,76.24,29.26
NR-6430,2025-08-14,Beauty,Web,3,102.67,39.28
NR-6177,2025-07-21,Home Goods,Retail Store,3,181.57,92.07
NR-6174,2025-07-11,Home Goods,Retail Store,3,218.6,108.16
NR-7884,2026-03-22,Beauty,Marketplace,1,27.43,10.99
NR-6060,2025-06-13,Beauty,Retail Store,2,58.06,21.94
NR-5119,2025-01-11,Beauty,Web,3,96.63,38.46
NR-7384,2026-01-27,Home Goods,Web,2,143.84,74.98
NR-8399,2026-05-18,Outdoor,Web,1,92.09,48.38
NR-5436,2025-03-09,Home Goods,Retail Store,3,220.14,117.75
NR-6447,2025-08-15,Beauty,Marketplace,1,33.3,13.32
NR-7481,2026-01-26,Beauty,Retail Store,2,69.67,27.78
NR-5458,2025-03-02,Apparel,Marketplace,1,57.04,28.68
NR-7039,2025-11-24,Beauty,Retail Store,1,32.91,12.91
NR-6217,2025-07-05,Apparel,Retail Store,3,137.9,65.7
NR-5253,2025-02-25,Home Goods,Retail Store,2,124.58,62.74
NR-5718,2025-04-02,Outdoor,Web,2,189.23,88.96
NR-8585,2026-06-08,Beauty,Retail Store,1,34.66,14.56
NR-5212,2025-02-19,Electronics,Web,1,233.3,126.04
NR-8392,2026-05-06,Outdoor,Web,2,164.04,79.82
NR-8078,2026-04-22,Apparel,Web,1,42.23,20.01
NR-5235,2025-02-13,Home Goods,Retail Store,1,59.67,31.81
NR-7658,2026-02-03,Apparel,Retail Store,1,44.01,19.76
NR-5785,2025-05-06,Home Goods,Web,3,184.18,97.34
NR-6605,2025-09-19,Apparel,Web,3,161.78,76.74
NR-7622,2026-02-10,Home Goods,Web,1,76.44,39.99
NR-7890,2026-03-01,Beauty,Retail Store,1,35.8,14.05
NR-7794,2026-03-08,Home Goods,Web,1,75.98,36.63
NR-8290,2026-05-13,Apparel,Web,1,41.63,19.54
NR-5145,2025-01-19,Beauty,Retail Store,3,103.98,41.34
NR-8203,2026-05-17,Electronics,Web,1,208.19,162.88
NR-8550,2026-06-26,Beauty,Web,2,58.46,24.64
NR-6824,2025-10-02,Beauty,Marketplace,3,81.79,31.58
NR-8504,2026-06-20,Apparel,Retail Store,3,169.91,84.37
NR-6027,2025-06-19,Beauty,Web,1,36.68,14.63
NR-5209,2025-02-27,Electronics,Retail Store,2,386.32,205.88
NR-7432,2026-01-25,Apparel,Marketplace,2,87.77,42.66
NR-7904,2026-03-21,Beauty,Retail Store,2,56.48,21.24
NR-7321,2026-01-23,Electronics,Web,3,674.58,453.15
NR-6765,2025-10-26,Home Goods,Web,2,146.22,75.62
NR-5993,2025-06-24,Apparel,Marketplace,3,137.48,66.41
NR-7891,2026-03-05,Beauty,Retail Store,3,85.09,31.76
NR-5349,2025-02-05,Outdoor,Web,3,274.85,138.02
NR-5931,2025-06-23,Electronics,Marketplace,1,259.45,141.36
NR-5862,2025-05-24,Beauty,Web,2,54.8,21.39
NR-6492,2025-09-11,Electronics,Retail Store,1,258.6,147.89
NR-5628,2025-04-03,Home Goods,Retail Store,3,180.24,88.91
NR-7235,2025-12-12,Beauty,Retail Store,2,69.99,26.76
NR-8371,2026-05-02,Outdoor,Web,1,97.17,47.24
NR-5624,2025-04-25,Home Goods,Marketplace,2,139.08,67.29
NR-5013,2025-01-23,Electronics,Web,2,397.13,215.79
NR-7034,2025-11-21,Beauty,Web,3,84.21,33.17
NR-6022,2025-06-19,Apparel,Web,2,85.6,41.92
NR-6489,2025-08-08,Outdoor,Marketplace,2,194.89,95.93
NR-8379,2026-05-27,Outdoor,Retail Store,3,254.38,130.16
NR-8383,2026-05-26,Outdoor,Retail Store,1,81.68,40.43
NR-8557,2026-06-16,Beauty,Web,1,32.0,13.15
NR-8165,2026-04-22,Outdoor,Retail Store,1,88.48,46.86
NR-5161,2025-01-13,Outdoor,Web,2,218.68,107.87
NR-8075,2026-04-15,Apparel,Web,2,105.59,53.37
NR-5836,2025-05-24,Apparel,Web,3,162.1,75.33
NR-5826,2025-05-01,Apparel,Retail Store,1,56.78,26.92
NR-7248,2025-12-02,Beauty,Marketplace,3,112.82,41.95
NR-6890,2025-10-17,Outdoor,Marketplace,1,100.31,51.09
NR-7652,2026-02-09,Apparel,Retail Store,2,87.18,38.84
NR-6859,2025-10-21,Outdoor,Web,3,279.24,144.41
NR-5529,2025-03-13,Outdoor,Retail Store,3,279.65,148.31
NR-7704,2026-02-25,Beauty,Web,2,62.25,25.58
NR-6680,2025-09-18,Outdoor,Retail Store,3,339.29,176.75
NR-8119,2026-04-01,Beauty,Marketplace,1,36.86,13.83
NR-7592,2026-02-01,Home Goods,Marketplace,1,67.4,33.01
NR-7251,2025-12-24,Beauty,Retail Store,3,84.39,32.92
NR-7371,2026-01-24,Home Goods,Retail Store,2,118.71,59.1
NR-6879,2025-10-22,Outdoor,Retail Store,3,339.88,178.82
NR-6014,2025-06-08,Apparel,Web,2,98.8,45.87
NR-8602,2026-06-04,Outdoor,Web,3,286.83,141.98
NR-5213,2025-02-01,Electronics,Web,2,374.66,206.82
NR-5745,2025-04-24,Outdoor,Web,1,90.87,42.87
NR-5723,2025-04-05,Outdoor,Retail Store,3,297.38,150.41
NR-7671,2026-02-05,Beauty,Web,2,57.3,22.31
NR-5832,2025-05-10,Apparel,Web,1,55.09,26.97
NR-8346,2026-05-25,Beauty,Marketplace,3,106.44,41.11
NR-6616,2025-09-25,Beauty,Web,3,104.11,42.26
NR-6826,2025-10-24,Beauty,Retail Store,3,83.57,32.7
NR-5322,2025-02-22,Beauty,Web,1,36.06,14.29
NR-8138,2026-04-12,Outdoor,Web,2,169.82,87.51
NR-6794,2025-10-15,Apparel,Retail Store,2,93.71,46.02
NR-8416,2026-06-19,Electronics,Retail Store,1,188.21,140.67
NR-7033,2025-11-22,beauty,Marketplace,3,102.38,43.52
NR-6621,2025-09-19,Beauty,Retail Store,2,71.24,27.74
NR-7640,2026-02-22,Apparel,Web,1,53.8,25.34
NR-7150,2025-12-08,Electronics,Web,2,496.08,307.7
NR-5238,2025-02-08,Home Goods,Web,3,200.13,103.46
NR-7843,2026-03-22,Apparel,Web,3,130.52,62.56
NR-5788,2025-05-22,Home Goods,Web,2,147.18,74.46
NR-7817,2026-03-04,Home Goods,Web,2,154.29,75.19
NR-6052,2025-06-15,Beauty,Web,3,90.88,35.46
NR-7348,2026-01-06,Electronics,Retail Store,2,404.46,254.9
NR-5335,2025-02-20,Outdoor,Web,2,179.81,94.76
NR-7356,2026-01-20,Electronics,Web,2,463.08,321.52
NR-7563,2026-02-23,Electronics,Web,2,379.7,243.31
NR-6417,2025-08-15,Apparel,Retail Store,1,51.39,23.71
NR-5827,2025-05-07,Apparel,Web,3,162.47,78.31
NR-6701,2025-10-26,Electronics,Web,2,452.69,276.08
NR-5702,2025-04-27,Beauty,Marketplace,1,37.8,15.84
NR-6381,2025-08-17,Apparel,Web,1,53.39,24.16
NR-6822,2025-10-27,Beauty,Web,2,59.05,24.21
NR-8583,2026-06-09,Beauty,Retail Store,3,105.07,42.17
NR-7313,2025-12-17,Outdoor,Web,1,101.74,50.24
NR-5107,2025-01-13,Apparel,Marketplace,3,124.4,61.99
NR-6754,2025-10-03,Home Goods,Web,3,192.31,94.87
NR-7706,2026-02-02,Beauty,Web,2,71.84,28.57
NR-5939,2025-06-13,Electronics,Web,2,401.57,213.58
NR-8334,2026-05-14,Beauty,Web,1,36.55,14.76
NR-6231,2025-07-12,Beauty,Web,1,34.15,14.05
NR-7851,2026-03-04,Apparel,Web,1,50.87,25.13
NR-7479,2026-01-06,Beauty,Web,1,35.0,14.63
NR-5454,2025-03-23,Apparel,Web,3,145.73,69.15
NR-8010,2026-04-21,Home Goods,Marketplace,3,171.58,86.29
NR-5574,2025-04-05,Electronics,Retail Store,2,456.08,264.14
NR-5384,2025-03-24,Electronics,Web,1,188.89,99.89
NR-7610,2026-02-20,Home Goods,Web,1,74.95,36.59
NR-6866,2025-10-12,Outdoor,Retail Store,2,208.88,107.79
NR-7893,2026-03-07,Beauty,Web,1,31.06,12.67
NR-6404,2025-08-13,Apparel,Web,1,47.56,22.02
NR-5636,2025-04-13,Home Goods,Web,2,133.84,68.17
NR-5655,2025-04-14,Apparel,Web,2,94.04,48.98
NR-5810,2025-05-18,Home Goods,Web,2,123.59,60.7
NR-6691,2025-09-04,Outdoor,Marketplace,3,301.35,143.58
NR-8447,2026-06-06,Home Goods,Marketplace,1,75.18,40.2
NR-6208,2025-07-18,Apparel,Retail Store,3,126.0,60.99
NR-7386,2026-01-01,Home Goods,Retail Store,2,150.17,79.66
NR-8397,2026-05-13,Outdoor,Marketplace,2,224.05,113.31
NR-5777,2025-05-07,Electronics,Web,1,238.74,124.39
NR-6082,2025-06-04,Outdoor,Web,3,267.72,136.57
NR-5616,2025-04-17,Home Goods,Retail Store,3,221.15,113.76
NR-6937,2025-11-15,Electronics,Web,1,245.15,146.56
NR-7741,2026-02-15,Outdoor,Marketplace,1,97.91,50.49
NR-5400,2025-03-20,Electronics,Retail Store,3,715.54,372.92
NR-6172,2025-07-20,Home Goods,Marketplace,3,177.68,87.57
NR-5642,2025-04-21,Apparel,Retail Store,3,163.26,85.39
NR-7703,2026-02-16,Beauty,Marketplace,2,67.87,27.42
NR-7133,2025-12-04,Electronics,Marketplace,3,725.21,476.18
NR-5379,2025-03-07,Electronics,Web,3,579.64,299.15
NR-7305,2025-12-26,Outdoor,Retail Store,1,94.74,45.98
NR-6121,2025-07-03,Electronics,Web,3,563.94,317.66
NR-6259,2025-07-10,Outdoor,Retail Store,3,259.64,131.58
NR-7620,2026-02-18,Home Goods,Web,2,153.61,81.8
NR-7820,2026-03-02,Home Goods,Marketplace,3,193.05,92.34
NR-7199,2025-12-05,Apparel,Web,2,84.3,40.96
NR-7001,2025-11-20,Apparel,Marketplace,1,57.51,28.64
NR-6229,2025-07-20,Beauty,Web,3,98.07,39.52
NR-8253,2026-05-07,Home Goods,Marketplace,2,126.24,67.7
NR-7705,2026-02-06,Beauty,Retail Store,2,63.71,26.48
NR-5756,2025-05-19,Electronics,Web,2,483.77,270.52
NR-8498,2026-06-13,Apparel,Web,2,109.17,49.59
NR-8402,2026-05-20,Outdoor,Web,2,211.91,104.8
NR-7584,2026-02-12,Home Goods,Retail Store,3,197.57,100.26
NR-7220,2025-12-26,Apparel,Marketplace,2,99.81,46.27
NR-5671,2025-04-18,Apparel,Retail Store,3,171.82,89.4
NR-7609,2026-02-25,Home Goods,Retail Store,2,136.16,70.42
NR-8471,2026-06-13,Home Goods,Retail Store,2,141.39,72.41
NR-8317,2026-05-22,Beauty,Web,1,36.44,14.49
NR-6410,2025-08-20,Apparel,Retail Store,1,41.45,19.69
NR-6326,2025-08-07,Electronics,Web,3,637.79,360.99
NR-5581,2025-04-01,Electronics,Web,3,762.77,408.03
NR-6222,2025-07-12,Beauty,Marketplace,3,89.76,34.17
NR-6739,2025-10-09,Home Goods,Retail Store,3,188.25,97.68
NR-5551,2025-03-01,Outdoor,Web,1,112.44,58.49
NR-7196,2025-12-12,Apparel,Web,3,150.12,68.29
NR-8565,2026-06-19,Beauty,Web,2,65.91,26.49
NR-8227,2026-05-22,Home Goods,Web,2,133.51,67.17
NR-7358,2026-01-14,Electronics,Web,1,204.95,135.58
NR-5040,2025-01-17,Home Goods,Retail Store,1,66.15,34.24
NR-8125,2026-04-07,Beauty,Web,3,104.51,40.94
NR-5861,2025-05-10,Beauty,Marketplace,3,84.64,34.32
NR-8135,2026-04-26,Outdoor,Web,2,202.46,108.35
NR-7474,2026-01-16,Beauty,Retail Store,2,73.87,31.06
NR-7664,2026-02-26,Apparel,Web,2,98.38,47.94
NR-5023,2025-01-01,Electronics,Web,1,244.85,132.95
NR-8297,2026-05-07,Apparel,Web,3,149.01,73.24
NR-7540,2026-01-19,Outdoor,Web,3,270.72,138.96
NR-8087,2026-04-06,Beauty,Retail Store,3,88.01,34.77
NR-6303,2025-08-07,Electronics,Marketplace,1,194.86,113.76
NR-5337,2025-02-23,Outdoor,Web,2,180.66,93.03
NR-6166,2025-07-03,Home Goods,Web,2,111.73,54.55
NR-6954,2025-11-10,Home Goods,Retail Store,1,63.49,34.06
NR-7132,2025-12-03,Electronics,Web,3,776.5,502.95
NR-8174,2026-04-15,Outdoor,Web,1,105.16,55.51
NR-5386,2025-03-13,Electronics,Web,1,251.86,132.71
NR-8176,2026-04-20,Outdoor,Web,2,170.9,88.55
NR-7554,2026-02-05,Electronics,Web,2,502.05,326.14
NR-6503,2025-09-09,Electronics,Web,1,230.59,124.09
NR-6759,2025-10-05,Home Goods,Web,2,146.65,77.44
NR-5715,2025-04-19,Outdoor,Web,1,113.85,55.3
NR-8393,2026-05-03,Outdoor,Web,2,189.87,100.11
NR-7300,2025-12-03,Outdoor,Retail Store,3,327.38,158.41
NR-6667,2025-09-16,Outdoor,Web,2,208.6,103.36
NR-6699,2025-10-18,Electronics,Web,2,419.81,235.79
NR-6756,2025-10-23,Home Goods,Retail Store,2,138.33,68.68
NR-7644,2026-02-14,Apparel,Marketplace,2,109.27,53.54
NR-6187,2025-07-25,Apparel,Marketplace,3,132.25,68.31
NR-5910,2025-05-14,Outdoor,Marketplace,2,169.23,86.98
NR-6197,2025-07-20,Apparel,Web,3,122.84,61.14
NR-5267,2025-02-02,Apparel,Web,1,49.15,23.74
NR-5489,2025-03-07,Beauty,Retail Store,3,82.22,32.1
NR-6729,2025-10-20,Electronics,Retail Store,2,476.65,290.53
NR-7105,2025-11-25,Outdoor,Web,2,216.65,113.08
NR-6245,2025-07-24,Beauty,Web,2,76.32,29.07
NR-8497,2026-06-24,Apparel,Web,1,49.57,24.63
NR-6224,2025-07-08,Beauty,Web,1,31.79,12.99
NR-7791,2026-03-20,Home Goods,Web,1,76.29,37.63
NR-7246,2025-12-22,Beauty,Retail Store,2,70.13,27.36
NR-5864,2025-05-23,Beauty,Web,1,35.53,13.81
NR-6284,2025-07-06,Outdoor,Marketplace,1,82.28,42.13
NR-6353,2025-08-06,Home Goods,Web,3,187.42,93.35
NR-5456,2025-03-18,Apparel,Web,3,160.2,75.82
NR-5203,2025-02-07,Electronics,Retail Store,2,497.56,266.02
NR-8140,2026-04-22,Outdoor,Web,2,207.39,105.35
NR-6171,2025-07-10,Home Goods,Retail Store,3,186.98,99.74
NR-8527,2026-06-05,Apparel,Marketplace,1,48.48,23.04
NR-5766,2025-05-20,Electronics,Retail Store,1,220.42,117.24
NR-8067,2026-04-22,Apparel,Web,3,142.85,66.18
NR-8265,2026-05-21,Home Goods,Retail Store,1,71.44,37.1
NR-6913,2025-11-14,Electronics,Retail Store,2,399.16,248.64
NR-6766,2025-10-12,Home Goods,Web,1,70.41,36.44
NR-5987,2025-06-09,Home Goods,Web,1,68.57,37.79
NR-7977,2026-04-05,Electronics,Web,2,404.95,306.95
NR-7974,2026-04-01,ELECTRONICS,Retail Store,3,690.81,521.98
NR-6884,2025-10-17,Outdoor,Web,2,200.51,101.96
NR-8456,2026-06-17,Home Goods,Web,2,137.55,70.95
NR-6706,2025-10-05,Electronics,Web,1,224.26,126.84
NR-7536,2026-01-16,Outdoor,Retail Store,2,167.1,81.4
NR-6223,2025-07-22,Beauty,Web,3,89.78,36.38
NR-7691,2026-02-09,Beauty,Retail Store,2,76.14,30.68
NR-7495,2026-01-23,Beauty,Web,1,31.34,12.6
NR-8423,2026-06-11,Electronics,Web,3,690.82,532.54
NR-7436,2026-01-04,Apparel,Retail Store,2,113.17,53.82
NR-7870,2026-03-05,Apparel,Retail Store,3,132.02,61.92
NR-8435,2026-06-15,Electronics,Retail Store,1,218.29,169.36
NR-7395,2026-01-04,Home Goods,Retail Store,2,117.74,64.39
NR-6835,2025-10-12,Beauty,Retail Store,3,112.04,45.8
NR-7728,2026-02-12,Outdoor,Retail Store,3,283.83,147.35
NR-7177,2025-12-06,Home Goods,Web,3,232.3,127.34
NR-5365,2025-02-07,Outdoor,Web,2,194.4,93.82
NR-8543,2026-06-17,Beauty,Web,1,31.83,12.92
NR-6051,2025-06-17,Beauty,Retail Store,1,32.67,13.24
NR-6336,2025-08-11,Home Goods,Web,2,142.44,76.97
NR-8306,2026-05-04,Apparel,Web,2,106.97,51.06
NR-6996,2025-11-18,Apparel,Web,1,55.19,27.7
NR-5923,2025-06-19,Electronics,Web,2,430.33,232.8
NR-7009,2025-11-02,Apparel,Web,1,45.22,22.57
NR-5677,2025-04-27,Apparel,Web,1,54.71,26.27
NR-5127,2025-01-07,Beauty,Web,2,69.7,27.91
NR-5327,2025-02-21,Beauty,Marketplace,1,27.84,10.59
NR-8287,2026-05-23,Apparel,Web,2,104.91,49.65
NR-8569,2026-06-27,Beauty,Marketplace,1,30.11,11.8
NR-5779,2025-05-25,Electronics,Web,3,645.54,334.58
NR-6613,2025-09-23,Beauty,Web,1,33.28,13.18
NR-6543,2025-09-07,Home Goods,Web,2,142.35,71.04
NR-6017,2025-06-21,Apparel,Web,1,49.21,22.58
NR-5037,2025-01-19,Electronics,Web,3,747.2,419.89
NR-8633,2026-06-14,Outdoor,Marketplace,2,188.21,91.33
NR-5798,2025-05-18,Home Goods,Marketplace,3,197.01,102.38
NR-5943,2025-06-09,Electronics,Web,1,225.81,124.03
NR-5561,2025-04-21,Electronics,Web,2,386.93,216.17
NR-8219,2026-05-13,Electronics,Web,3,688.82,522.14
NR-6131,2025-07-18,Electronics,Web,3,564.57,306.8
NR-5631,2025-04-17,Home Goods,Marketplace,2,120.91,59.75
NR-6832,2025-10-02,Beauty,Retail Store,1,38.13,14.89
NR-6727,2025-10-17,Electronics,Web,1,210.59,125.04
NR-6717,2025-10-26,Electronics,Marketplace,2,404.1,241.41
NR-5670,2025-04-12,Apparel,Retail Store,2,103.68,53.79
NR-5957,2025-06-03,Home Goods,Web,1,74.71,40.11
NR-5021,2025-01-12,Electronics,Retail Store,3,647.92,347.08
NR-8304,2026-05-26,Apparel,Web,1,51.55,24.63
NR-6483,2025-08-24,Outdoor,Marketplace,1,86.2,43.93
NR-7776,2026-03-04,Electronics,Retail Store,2,513.08,345.55
NR-6452,2025-08-13,Beauty,Web,3,103.66,40.22
NR-8039,2026-04-22,Apparel,Retail Store,3,148.12,74.23
NR-6124,2025-07-26,Electronics,Web,1,251.96,137.16
NR-5138,2025-01-13,Beauty,Web,1,27.37,10.44
NR-5061,2025-01-11,Home Goods,Retail Store,1,63.82,32.64
NR-6876,2025-10-04,Outdoor,Marketplace,2,176.89,90.53
NR-5008,2025-01-10,Electronics,Retail Store,3,607.34,317.47
NR-8341,2026-05-15,Beauty,Retail Store,3,110.19,43.19
NR-5371,2025-03-19,Electronics,Retail Store,1,263.49,135.56
NR-7663,2026-02-03,Apparel,Web,1,54.62,26.82
NR-5692,2025-04-14,beauty,Marketplace,2,56.22,22.51
NR-5198,2025-02-27,Electronics,Retail Store,1,255.67,137.15
NR-5081,2025-01-21,Apparel,Retail Store,3,144.89,69.06
NR-5398,2025-03-22,Electronics,Web,1,202.21,109.27
NR-5817,2025-05-24,Home Goods,Web,2,118.86,60.51
NR-5403,2025-03-18,Electronics,Retail Store,1,196.92,109.87
NR-5891,2025-05-22,Outdoor,Retail Store,2,206.38,106.54
NR-6398,2025-08-26,Apparel,Web,2,110.18,53.62
NR-5003,2025-01-27,Electronics,Web,2,459.24,259.98
NR-6030,2025-06-19,Beauty,Web,1,29.72,11.31
NR-5383,2025-03-24,Electronics,Web,3,612.18,341.09
NR-5308,2025-02-15,Beauty,Marketplace,3,85.74,31.92
NR-7508,2026-01-08,Outdoor,Web,2,224.43,116.03
NR-5654,2025-04-13,Apparel,Web,3,159.4,81.4
NR-5060,2025-01-04,Home Goods,Web,3,191.72,99.26
NR-6436,2025-08-17,Beauty,Web,1,33.6,13.64
NR-5648,2025-04-17,Apparel,Web,3,130.1,66.92
NR-6620,2025-09-01,Beauty,Web,2,74.82,30.48
NR-8051,2026-04-23,Apparel,Web,2,100.44,46.99
NR-5550,2025-03-09,Outdoor,Web,2,177.98,86.44
NR-8122,2026-04-20,Beauty,Retail Store,2,56.5,21.75
NR-5577,2025-04-20,Electronics,Web,2,376.09,204.53
NR-6251,2025-07-23,Beauty,Retail Store,1,28.73,11.47
NR-7350,2026-01-10,Electronics,Web,2,398.21,257.28
NR-7582,2026-02-13,Electronics,Web,2,513.26,328.23
NR-6390,2025-08-08,Apparel,Web,2,85.37,42.35
NR-6158,2025-07-27,Home Goods,Retail Store,3,172.2,85.72
NR-5323,2025-02-03,Beauty,Web,2,69.14,27.39
NR-7853,2026-03-16,Apparel,Marketplace,1,48.13,22.95
NR-5918,2025-06-02,Electronics,Web,2,479.14,278.32
NR-5996,2025-06-04,Apparel,Retail Store,2,96.48,46.23
NR-5904,2025-05-12,Outdoor,Retail Store,1,92.12,46.7
NR-6676,2025-09-16,Outdoor,Retail Store,1,100.05,49.18
NR-6857,2025-10-07,Outdoor,Marketplace,1,91.28,47.72
NR-6294,2025-08-10,Electronics,Marketplace,2,525.48,283.4
NR-8071,2026-04-17,Apparel,Retail Store,1,43.86,20.93
NR-6723,2025-10-13,Electronics,Retail Store,3,717.25,432.3
NR-8222,2026-05-25,Electronics,Web,3,629.27,469.55
NR-6539,2025-09-14,Home Goods,Web,2,152.08,74.71
NR-6858,2025-10-10,Outdoor,Marketplace,1,86.17,43.44
NR-5926,2025-06-05,Electronics,Retail Store,1,257.23,149.42
NR-6344,2025-08-24,Home Goods,Web,3,219.42,118.56
NR-6637,2025-09-03,Beauty,Web,1,35.2,14.08
NR-7023,2025-11-26,Apparel,Marketplace,2,85.56,42.25
NR-5790,2025-05-25,Home Goods,Web,3,181.29,94.57
NR-8301,2026-05-16,Apparel,Marketplace,3,129.91,61.16
NR-8116,2026-04-19,Beauty,Web,3,99.62,39.37
NR-5057,2025-01-05,Home Goods,Marketplace,1,75.56,36.67
NR-6584,2025-09-20,Apparel,Web,3,160.75,72.67
NR-7207,2025-12-04,Apparel,Marketplace,1,46.11,20.86
NR-6799,2025-10-08,Apparel,Web,2,98.82,45.49
NR-8028,2026-04-19,Home Goods,Retail Store,1,77.52,41.02
NR-8179,2026-04-12,Outdoor,Retail Store,1,105.63,53.7
NR-5341,2025-02-11,Outdoor,Marketplace,1,90.79,43.45
NR-6585,2025-09-07,Apparel,Marketplace,2,83.08,38.29
NR-7932,2026-03-11,Outdoor,Web,3,317.9,163.81
NR-6819,2025-10-11,Beauty,Web,3,86.69,35.28
NR-6579,2025-09-07,Apparel,Retail Store,3,172.0,83.27
NR-5545,2025-03-27,Outdoor,Web,1,110.89,58.37
NR-6707,2025-10-09,Electronics,Web,2,461.61,262.61
NR-8285,2026-05-14,Apparel,Web,2,102.42,48.49
NR-7036,2025-11-25,Beauty,Web,1,34.35,13.45
NR-8201,2026-05-21,Electronics,Web,2,421.74,326.2
NR-8208,2026-05-05,Electronics,Marketplace,3,639.72,486.31
NR-7143,2025-12-14,Electronics,Marketplace,1,203.2,130.2
NR-7512,2026-01-02,Outdoor,Web,1,101.52,52.23
NR-5970,2025-06-06,Home Goods,Retail Store,3,232.89,127.59
NR-5313,2025-02-19,Beauty,Retail Store,2,76.57,29.53
NR-8589,2026-06-21,Outdoor,Retail Store,3,302.81,157.21
NR-5339,2025-02-27,Outdoor,Retail Store,3,329.2,169.43
NR-5218,2025-02-01,Electronics,Web,3,611.63,323.39
NR-5195,2025-02-02,Electronics,Marketplace,3,702.28,388.39
NR-6812,2025-10-26,Apparel,Web,3,171.8,82.85
NR-8540,2026-06-17,Beauty,Web,2,67.71,27.15
NR-7017,2025-11-02,Apparel,Web,1,48.96,23.44
NR-8323,2026-05-14,Beauty,Marketplace,2,74.18,29.91
NR-6936,2025-11-04,Electronics,Retail Store,3,625.49,358.7
NR-8043,2026-04-10,Apparel,Retail Store,1,47.02,21.89
NR-6471,2025-08-25,Outdoor,Web,3,292.67,142.39
NR-7332,2026-01-25,Electronics,Web,3,784.63,520.77
NR-6905,2025-11-23,Electronics,Web,3,785.43,463.91
NR-6992,2025-11-11,Apparel,Web,2,92.93,46.48
NR-5196,2025-02-20,Electronics,Web,2,460.85,257.65
NR-5462,2025-03-10,Apparel,Retail Store,1,55.47,26.46
NR-6305,2025-08-22,Electronics,Web,2,409.74,238.2
NR-6007,2025-06-04,Apparel,Web,1,45.77,21.56
NR-5106,2025-01-16,Apparel,Retail Store,3,126.67,62.67
NR-7010,2025-11-26,Apparel,Retail Store,2,82.36,41.51
NR-8049,2026-04-08,Apparel,Retail Store,1,48.8,23.45
NR-6035,2025-06-23,Beauty,Retail Store,3,95.47,36.11
NR-7484,2026-01-08,Beauty,Marketplace,3,96.81,37.49
NR-5870,2025-05-01,Beauty,Web,2,63.52,25.92
NR-6384,2025-08-21,Apparel,Web,1,51.67,25.61
NR-6971,2025-11-09,Home Goods,Marketplace,3,218.2,116.04
NR-6207,2025-07-22,Apparel,Retail Store,3,157.4,75.56
NR-6974,2025-11-25,Home Goods,Retail Store,2,144.12,77.28
NR-5058,2025-01-16,Home Goods,Retail Store,1,60.13,32.0
NR-6091,2025-06-01,Outdoor,Web,2,166.83,79.66
NR-7149,2025-12-11,Electronics,Web,2,428.53,264.25
NR-7424,2026-01-24,Apparel,Retail Store,2,114.35,55.91
NR-8276,2026-05-18,Apparel,Web,3,149.84,70.72
NR-7201,2025-12-13,Apparel,Web,2,114.91,51.95
NR-5358,2025-02-10,Outdoor,Web,2,168.39,83.84
NR-7687,2026-02-22,Beauty,Retail Store,2,57.62,22.23
NR-8355,2026-05-11,Outdoor,Web,2,166.73,79.88
NR-5562,2025-04-15,Electronics,Web,1,187.72,99.47
NR-5800,2025-05-14,Home Goods,Web,1,59.36,30.32
NR-8073,2026-04-01,Apparel,Retail Store,1,55.14,26.61
NR-6915,2025-11-26,Electronics,Web,1,193.14,110.51
NR-8445,2026-06-17,Electronics,Web,2,405.93,322.22
NR-6268,2025-07-21,Outdoor,Retail Store,1,93.34,47.35
NR-5867,2025-05-09,Beauty,Marketplace,3,87.17,33.93
NR-6264,2025-07-06,Outdoor,Web,1,86.36,44.47
NR-8593,2026-06-27,Outdoor,Web,3,268.96,138.42
NR-8149,2026-04-15,Outdoor,Web,1,96.92,48.32
NR-6244,2025-07-03,Beauty,Web,3,115.0,47.27
NR-8552,2026-06-25,Beauty,Marketplace,1,29.82,11.4
NR-6395,2025-08-13,Apparel,Web,2,114.45,52.59
NR-8210,2026-05-07,Electronics,Web,3,684.78,527.49
NR-5085,2025-01-07,Apparel,Marketplace,2,112.39,54.7
NR-5592,2025-04-17,Electronics,Web,3,615.76,355.07
NR-6345,2025-08-04,Home Goods,Retail Store,2,150.2,82.22
NR-6861,2025-10-04,Outdoor,Web,3,340.6,172.03
NR-8441,2026-06-06,Electronics,Web,2,518.83,418.82
NR-7325,2026-01-20,Electronics,Web,2,380.31,248.66
NR-5298,2025-02-19,Beauty,Retail Store,2,55.74,22.64
NR-7276,2025-12-24,Beauty,Web,2,61.29,24.34
NR-6153,2025-07-26,Home Goods,Web,1,63.93,32.23
NR-6117,2025-07-12,Electronics,Web,2,455.77,256.32
NR-5672,2025-04-23,Apparel,Retail Store,1,52.73,25.3
NR-8500,2026-06-25,Apparel,Marketplace,1,48.07,22.43
NR-5080,2025-01-04,Apparel,Web,1,57.4,27.32
NR-7827,2026-03-06,Home Goods,Marketplace,3,224.65,113.5
NR-6009,2025-06-12,Apparel,Retail Store,3,127.89,58.81
NR-5657,2025-04-17,Apparel,Web,3,128.42,66.47
NR-6846,2025-10-11,Beauty,Marketplace,1,31.07,12.08
NR-7772,2026-03-02,Electronics,Marketplace,2,503.57,347.69
NR-5691,2025-04-05,Beauty,Retail Store,1,27.24,11.12
NR-8485,2026-06-01,Home Goods,Web,1,58.27,30.26
NR-6327,2025-08-12,Electronics,Web,1,228.83,122.65
NR-7746,2026-02-09,Outdoor,Retail Store,1,104.82,50.4
NR-5481,2025-03-04,Beauty,Retail Store,3,106.51,41.94
NR-6573,2025-09-13,Apparel,Retail Store,2,110.58,48.8
NR-6767,2025-10-11,Home Goods,Web,2,115.01,57.73
NR-7041,2025-11-04,Beauty,Retail Store,1,37.35,15.41
NR-6080,2025-06-18,Outdoor,Retail Store,2,182.98,93.69
NR-6871,2025-10-07,Outdoor,Retail Store,3,295.44,143.17
NR-7107,2025-11-08,Outdoor,Marketplace,3,258.32,135.3
NR-6265,2025-07-05,Outdoor,Web,2,162.93,80.77
NR-7297,2025-12-22,Outdoor,Retail Store,3,263.02,128.41
NR-5912,2025-05-10,Outdoor,Web,1,90.37,44.27
NR-6746,2025-10-04,Home Goods,Web,3,188.18,95.85
NR-7837,2026-03-07,Apparel,Retail Store,2,112.75,52.79
NR-7076,2025-11-20,Outdoor,Web,3,285.72,141.07
NR-8596,2026-06-13,Outdoor,Web,3,332.6,165.58
NR-5554,2025-03-16,Outdoor,Marketplace,1,109.55,56.73
NR-5640,2025-04-03,Apparel,Web,1,44.03,21.04
NR-5038,2025-01-09,Electronics,Retail Store,1,261.81,142.53
NR-7988,2026-04-22,Electronics,Retail Store,1,193.05,142.0
NR-7855,2026-03-07,Apparel,Retail Store,2,100.84,48.59
NR-5405,2025-03-10,Electronics,Web,3,685.48,375.68
NR-6464,2025-08-04,Outdoor,Web,3,282.7,138.35
NR-5634,2025-04-21,Home Goods,Web,2,149.51,77.44
NR-7798,2026-03-23,Home Goods,Retail Store,3,204.83,98.36
NR-6529,2025-09-03,Electronics,Web,1,248.83,133.54
NR-5423,2025-03-05,Home Goods,Web,3,193.44,97.95
NR-5471,2025-03-16,Apparel,Retail Store,2,94.64,45.81
NR-6648,2025-09-23,Outdoor,Web,1,96.98,47.87
NR-8006,2026-04-27,Home Goods,Retail Store,-2,124.9,64.16
NR-7457,2026-01-02,Beauty,Retail Store,3,85.0,33.09
NR-6981,2025-11-04,Home Goods,Web,2,154.95,83.74
NR-6493,2025-09-24,Electronics,Web,2,448.92,262.31
NR-7835,2026-03-19,Apparel,Web,1,54.31,25.78
NR-6760,2025-10-21,Home Goods,Retail Store,3,183.5,90.66
NR-7548,2026-02-26,Electronics,Web,3,630.48,428.94
NR-5093,2025-01-02,Apparel,Web,3,168.51,81.36
NR-8422,2026-06-26,Electronics,Marketplace,3,777.85,603.05
NR-5494,2025-03-19,Beauty,Retail Store,2,66.08,26.99
NR-8618,2026-06-10,Outdoor,Web,2,192.71,91.45
NR-6544,2025-09-20,Home Goods,Web,1,58.22,29.36
NR-7579,2026-02-23,Electronics,Web,1,217.66,152.1
NR-6786,2025-10-07,Apparel,Retail Store,2,97.91,45.11
NR-6571,2025-09-26,Apparel,Marketplace,1,44.81,20.75
NR-8364,2026-05-21,Outdoor,Retail Store,2,216.91,110.36
NR-6078,2025-06-23,Outdoor,Web,3,283.04,134.45
NR-5022,2025-01-13,Electronics,Web,2,508.94,281.26
NR-6596,2025-09-14,Apparel,Web,1,49.32,23.41
NR-6851,2025-10-20,Beauty,Web,2,71.55,27.02
NR-6592,2025-09-09,Apparel,Web,1,54.21,25.52
NR-6362,2025-08-10,Home Goods,Web,3,167.5,89.64
NR-5841,2025-05-19,Apparel,Web,3,154.83,75.64
NR-6357,2025-08-09,Home Goods,Marketplace,3,213.99,111.59
NR-5244,2025-02-19,Home Goods,Retail Store,2,114.94,61.21
NR-5024,2025-01-27,Electronics,Web,2,392.93,219.53
NR-5799,2025-05-01,Home Goods,Retail Store,2,140.39,73.73
NR-5719,2025-04-06,Outdoor,Web,1,108.18,53.05
NR-7636,2026-02-05,Apparel,Web,3,142.01,63.27
NR-8411,2026-06-24,Electronics,Web,3,783.36,585.32
NR-7550,2026-02-14,Electronics,Retail Store,2,482.08,334.68
NR-8196,2026-05-14,Electronics,Retail Store,2,398.1,307.48
NR-5450,2025-03-08,Apparel,Retail Store,2,114.43,55.21
NR-7360,2026-01-07,Electronics,Web,3,592.88,390.23
NR-6319,2025-08-03,Electronics,Web,2,374.19,209.62
NR-7061,2025-11-02,Beauty,Web,2,58.33,23.98
NR-7585,2026-02-04,Home Goods,Web,2,114.43,56.15
NR-8467,2026-06-04,Home Goods,Web,1,73.33,37.21
NR-5490,2025-03-01,Beauty,Web,2,75.58,29.88
NR-6908,2025-11-02,Electronics,Marketplace,1,247.07,146.53
NR-6769,2025-10-10,Home Goods,Marketplace,3,173.05,92.35
NR-6687,2025-09-01,Outdoor,Web,1,84.81,40.66
NR-7576,2026-02-12,Electronics,Retail Store,2,527.44,361.52
NR-6923,2025-11-02,Electronics,Retail Store,2,433.67,257.85
NR-5590,2025-04-13,Electronics,Web,1,222.81,120.38
NR-6473,2025-08-20,Outdoor,Retail Store,3,302.05,153.47
NR-7179,2025-12-24,Home Goods,Web,1,75.02,39.75
NR-7914,2026-03-09,Beauty,Web,3,105.67,39.79
NR-5688,2025-04-17,Beauty,Web,2,59.51,24.83
NR-5625,2025-04-17,Home Goods,Marketplace,1,75.21,37.8
NR-6535,2025-09-10,Home Goods,Web,2,154.3,80.46
NR-8221,2026-05-01,Electronics,Web,3,758.53,592.49
NR-8318,2026-05-05,Beauty,Web,1,29.96,11.4
NR-6955,2025-11-15,Home Goods,Web,3,213.66,112.73
NR-5644,2025-04-02,Apparel,Marketplace,1,43.91,22.84
NR-8483,2026-06-15,Home Goods,Retail Store,2,152.2,76.57
NR-7175,2025-12-25,Home Goods,Retail Store,1,69.79,37.83
NR-8459,2026-06-20,Home Goods,Retail Store,2,114.32,60.39
NR-7298,2025-12-14,Outdoor,Marketplace,2,185.63,87.92
NR-5595,2025-04-23,Electronics,Marketplace,1,247.68,135.36
NR-7037,2025-11-11,Beauty,Marketplace,3,92.04,39.61
NR-7025,2025-11-25,Apparel,Marketplace,3,147.01,68.88
NR-5287,2025-02-09,apparel,Web,3,164.25,81.68
NR-5162,2025-01-06,Outdoor,Web,3,249.93,123.07
NR-8477,2026-06-15,Home Goods,Web,2,133.04,68.44
NR-8229,2026-05-09,Home Goods,Web,1,60.19,31.84
NR-6467,2025-08-11,Outdoor,Web,1,93.66,46.56
NR-7145,2025-12-16,Electronics,Web,1,246.83,148.98
NR-5352,2025-02-26,Outdoor,Web,1,93.81,45.2
NR-8033,2026-04-10,Home Goods,Web,1,73.21,40.02
NR-7601,2026-02-05,Home Goods,Retail Store,2,144.5,75.75
NR-5673,2025-04-02,Apparel,Web,3,152.92,78.72
NR-6530,2025-09-17,Electronics,Retail Store,1,197.04,113.41
NR-6960,2025-11-22,Home Goods,Web,1,73.96,37.16
NR-7717,2026-02-09,Outdoor,Retail Store,3,296.33,144.48
NR-5330,2025-02-13,Outdoor,Web,1,100.95,51.05
NR-5880,2025-05-24,Beauty,Retail Store,1,37.69,15.24
NR-6360,2025-08-09,Home Goods,Web,1,55.95,28.75
NR-5224,2025-02-22,Home Goods,Retail Store,3,221.18,112.04
NR-7044,2025-11-03,Beauty,Retail Store,2,63.81,26.07
NR-7657,2026-02-14,Apparel,Retail Store,1,49.77,22.2
NR-5705,2025-04-07,Beauty,Web,3,95.86,40.18
NR-7159,2025-12-15,Home Goods,Retail Store,2,112.45,56.71
NR-8223,2026-05-26,Electronics,Web,1,196.74,148.29
NR-7397,2026-01-04,Home Goods,Web,1,60.71,31.83
NR-8607,2026-06-23,Outdoor,Web,2,192.34,99.9
NR-7502,2026-01-08,Outdoor,Retail Store,1,105.24,53.89
NR-7522,2026-01-05,Outdoor,Retail Store,2,190.09,96.53
NR-5305,2025-02-02,Beauty,Retail Store,1,35.41,13.24
NR-6924,2025-11-27,Electronics,Retail Store,3,667.74,400.62
NR-7984,2026-04-23,Electronics,Retail Store,3,595.89,447.6
NR-7454,2026-01-03,Beauty,Retail Store,1,37.32,15.62
NR-6044,2025-06-14,Beauty,Web,2,70.8,28.75
NR-7117,2025-12-11,Electronics,Web,3,708.74,460.01
NR-8281,2026-05-04,Apparel,Marketplace,2,95.24,45.04
NR-8501,2026-06-09,Apparel,Web,2,112.36,55.95
NR-6784,2025-10-19,Apparel,Web,3,132.7,65.24
NR-7379,2026-01-01,Home Goods,Web,2,131.97,70.22
NR-8427,2026-06-19,Electronics,Retail Store,2,454.92,371.01
NR-6084,2025-06-02,Outdoor,Marketplace,3,280.51,143.43
NR-5289,2025-02-24,Apparel,Web,3,171.04,80.58
NR-7572,2026-02-23,Electronics,Web,3,588.7,405.07
NR-5113,2025-01-14,Beauty,Web,3,106.98,41.55
NR-5916,2025-06-08,Electronics,Web,1,196.8,105.58
NR-5525,2025-03-13,Outdoor,Web,3,252.5,133.08
NR-5541,2025-03-21,Outdoor,Marketplace,3,258.26,128.4
NR-6258,2025-07-05,Outdoor,Web,1,113.86,55.0
NR-6495,2025-09-01,Electronics,Retail Store,2,411.5,235.57
NR-7361,2026-01-25,Electronics,Retail Store,1,244.39,155.3
NR-8012,2026-04-04,Home Goods,Web,2,124.12,64.35
NR-8303,2026-05-22,Apparel,Retail Store,3,161.48,80.33
NR-6351,2025-08-26,Home Goods,Web,1,68.76,37.49
NR-7892,2026-03-07,Beauty,Web,2,71.78,29.05
NR-6401,2025-08-14,Apparel,Retail Store,2,108.68,52.62
NR-8571,2026-06-04,Beauty,Retail Store,2,63.31,26.21
NR-8428,2026-06-12,Electronics,Marketplace,1,251.61,198.07
NR-7027,2025-11-23,Beauty,Web,3,84.88,35.96
NR-7346,2026-01-09,Electronics,Web,3,650.92,432.8
NR-7139,2025-12-27,Electronics,Retail Store,3,603.67,359.46
NR-8458,2026-06-13,HOME GOODS,Web,3,217.69,113.7
NR-7868,2026-03-15,Apparel,Web,3,145.2,68.83
NR-6942,2025-11-06,Home Goods,Retail Store,2,114.04,56.94
NR-8127,2026-04-20,Beauty,Retail Store,3,109.92,42.12
NR-6331,2025-08-15,Home Goods,Retail Store,2,113.66,61.19
NR-6079,2025-06-25,Outdoor,Web,3,277.62,132.93
NR-5686,2025-04-21,Beauty,Retail Store,1,28.34,11.65
NR-8044,2026-04-23,Apparel,Retail Store,1,40.81,18.9
NR-5643,2025-04-26,Apparel,Web,1,47.25,23.56
NR-6622,2025-09-08,Beauty,Web,1,29.53,11.02
NR-7706,2026-02-02,Beauty,Web,2,71.84,28.57
NR-6775,2025-10-09,Apparel,Retail Store,3,160.29,72.85
NR-6880,2025-10-10,Outdoor,Web,1,86.02,44.52
NR-5555,2025-04-08,Electronics,Retail Store,2,511.82,296.43
NR-7959,2026-04-20,Electronics,Retail Store,1,255.74,190.31
NR-6426,2025-08-08,Beauty,Web,3,112.31,42.95
NR-5516,2025-03-01,Outdoor,Web,1,96.71,50.88
NR-6256,2025-07-11,Outdoor,Retail Store,1,99.38,51.76
NR-8141,2026-04-20,Outdoor,Retail Store,1,88.79,45.07
NR-7951,2026-03-25,Outdoor,Retail Store,3,273.38,132.4
NR-5500,2025-03-21,Beauty,Web,1,30.14,11.7
NR-7413,2026-01-26,Apparel,Marketplace,2,112.47,56.61
NR-6041,2025-06-08,Beauty,Web,3,88.52,35.77
NR-5742,2025-04-17,Outdoor,Retail Store,3,337.3,166.78
NR-6304,2025-08-22,Electronics,Retail Store,1,212.84,121.77
NR-6385,2025-08-11,Apparel,Web,3,134.49,62.82
NR-7997,2026-04-15,Electronics,Web,3,763.58,582.52
NR-6466,2025-08-06,Outdoor,Retail Store,2,162.07,80.55
NR-7399,2026-01-07,Home Goods,Web,1,55.54,29.9
NR-6369,2025-08-20,Home Goods,Web,3,175.47,89.92
NR-6347,2025-08-05,Home Goods,Retail Store,1,77.04,40.83
NR-7111,2025-12-02,Electronics,Web,3,562.33,341.24
NR-5730,2025-04-10,Outdoor,Web,2,186.35,95.0
NR-6788,2025-10-23,Apparel,Retail Store,2,112.8,53.47
NR-5868,2025-05-24,Beauty,Marketplace,2,56.48,22.18
NR-5542,2025-03-16,Outdoor,Web,3,261.92,130.28
NR-8562,2026-06-15,Beauty,Web,3,98.97,39.58
NR-7573,2026-02-14,Electronics,Marketplace,1,249.04,164.35
NR-5206,2025-02-09,Electronics,Retail Store,1,245.25,136.54
NR-8118,2026-04-27,Beauty,Retail Store,2,55.95,22.17
NR-6482,2025-08-06,Outdoor,Marketplace,2,182.86,94.38
NR-5340,2025-02-11,Outdoor,Retail Store,2,176.21,89.65
NR-7844,2026-03-09,Apparel,Retail Store,1,51.48,25.16
NR-5961,2025-06-16,Home Goods,Web,2,131.76,71.78
NR-7694,2026-02-10,Beauty,Retail Store,2,73.84,29.69
NR-7947,2026-03-07,Outdoor,Retail Store,3,256.35,131.11
NR-7389,2026-01-07,Home Goods,Marketplace,3,216.1,110.81
NR-7568,2026-02-13,Electronics,Web,1,241.72,154.83
NR-5706,2025-04-22,Beauty,Web,3,94.39,38.41
NR-6684,2025-09-20,Outdoor,Marketplace,2,214.78,107.37
NR-5429,2025-03-08,Home Goods,Retail Store,1,68.66,37.04
NR-7365,2026-01-23,Home Goods,Retail Store,1,68.76,35.51
NR-5367,2025-03-12,Electronics,Web,2,434.23,229.5
NR-6292,2025-08-12,Electronics,Marketplace,1,260.33,151.11
NR-7448,2026-01-19,APPAREL,Web,1,55.07,26.05
NR-8420,2026-06-07,Electronics,Retail Store,2,440.12,361.19
NR-7216,2025-12-21,Apparel,Retail Store,2,107.43,51.54
NR-7642,2026-02-16,Apparel,Web,1,52.48,24.28
NR-6505,2025-09-02,Electronics,Web,2,506.54,284.36
NR-5505,2025-03-22,Beauty,Marketplace,1,27.24,11.17
NR-7026,2025-11-22,Beauty,Web,1,28.11,11.88
NR-6536,2025-09-14,Home Goods,Marketplace,3,221.71,110.85
NR-6202,2025-07-10,Apparel,Web,1,45.3,22.04
NR-6772,2025-10-06,Apparel,Retail Store,1,51.36,23.95
NR-7763,2026-03-27,Electronics,Web,2,429.43,306.37
NR-6389,2025-08-11,Apparel,Web,1,56.04,26.64
NR-6146,2025-07-02,Home Goods,Web,1,59.97,29.65
NR-7713,2026-02-25,Outdoor,Retail Store,1,88.88,42.24
NR-5319,2025-02-18,Beauty,Web,3,114.04,45.77
NR-8404,2026-06-15,Electronics,Web,1,203.51,158.24
NR-8169,2026-04-09,Outdoor,Retail Store,1,91.75,45.13
NR-8377,2026-05-17,Outdoor,Marketplace,1,99.52,48.15
NR-7357,2026-01-03,Electronics,Web,3,644.82,441.43
NR-6364,2025-08-26,Home Goods,Web,1,59.47,32.03
NR-6418,2025-08-20,Beauty,Web,2,62.16,23.85
NR-5355,2025-02-27,Outdoor,Web,1,90.9,44.93
NR-7928,2026-03-27,Outdoor,Retail Store,3,273.22,138.0
NR-7812,2026-03-03,Home Goods,Retail Store,2,131.24,63.46
NR-5679,2025-04-19,Beauty,Web,1,29.96,11.54
NR-7035,2025-11-12,Beauty,Marketplace,3,104.79,43.94
NR-6416,2025-08-27,Apparel,Marketplace,2,112.41,50.98
NR-8156,2026-04-01,Outdoor,Retail Store,3,329.3,165.86
NR-6806,2025-10-16,Apparel,Web,2,83.29,37.78
NR-8233,2026-05-15,Home Goods,Web,1,61.53,32.98
NR-7507,2026-01-11,Outdoor,Retail Store,3,291.91,150.26
NR-6164,2025-07-10,Home Goods,Marketplace,1,61.01,30.38
NR-5754,2025-05-08,Electronics,Marketplace,1,233.75,130.97
NR-6681,2025-09-17,Outdoor,Retail Store,3,264.03,134.83
NR-7876,2026-03-25,Apparel,Web,1,47.69,21.87
NR-6055,2025-06-11,Beauty,Web,3,94.77,37.64
NR-7685,2026-02-03,Beauty,Web,3,86.02,34.74
NR-7952,2026-03-08,Outdoor,Web,3,244.6,125.2
NR-5193,2025-02-25,Electronics,Retail Store,1,196.92,103.87
NR-6440,2025-08-05,Beauty,Web,2,55.68,22.58
NR-7889,2026-03-24,Beauty,Retail Store,1,32.57,12.79
NR-7222,2025-12-15,Apparel,Retail Store,2,112.87,52.09
NR-5357,2025-02-12,Outdoor,Marketplace,3,306.79,149.52
NR-7935,2026-03-08,Outdoor,Retail Store,1,93.41,45.55
NR-5541,2025-03-21,Outdoor,Marketplace,3,258.26,128.4
NR-8403,2026-05-13,Outdoor,Retail Store,1,85.74,44.7
NR-5537,2025-03-10,Outdoor,Retail Store,1,110.93,58.89
NR-6780,2025-10-18,Apparel,Marketplace,2,106.37,52.18
NR-7513,2026-01-19,Outdoor,Retail Store,1,103.63,52.09
NR-6551,2025-09-12,Home Goods,Retail Store,3,200.38,100.79
NR-5018,2025-01-26,Electronics,Web,2,504.14,288.48
NR-5645,2025-04-26,Apparel,Web,2,98.68,47.99
NR-5434,2025-03-01,Home Goods,Web,2,119.75,61.9
NR-6985,2025-11-10,Apparel,Web,1,50.09,25.29
NR-6662,2025-09-12,Outdoor,Web,1,89.28,44.64
NR-5445,2025-03-25,Apparel,Web,1,43.75,21.88
NR-8356,2026-05-09,Outdoor,Web,3,285.72,144.35
NR-6253,2025-07-19,Beauty,Marketplace,3,84.13,33.08
NR-6783,2025-10-20,Apparel,Retail Store,2,96.6,44.21
NR-5048,2025-01-26,Home Goods,Web,2,124.63,63.74
NR-5439,2025-03-16,Home Goods,Retail Store,3,181.58,92.07
NR-8624,2026-06-04,Outdoor,Web,3,280.93,145.14
NR-6048,2025-06-06,Beauty,Marketplace,1,32.68,13.35
NR-6868,2025-10-06,Outdoor,Marketplace,2,210.0,107.94
NR-6028,2025-06-09,Beauty,Marketplace,3,108.82,42.75
NR-5786,2025-05-18,Home Goods,Web,1,58.41,30.98
NR-7202,2025-12-03,Apparel,Web,3,126.02,59.45
NR-6882,2025-10-08,Outdoor,Web,2,182.95,92.51
NR-7566,2026-02-18,Electronics,Retail Store,3,773.21,535.12
NR-6894,2025-10-19,Outdoor,Web,1,100.52,52.61
NR-7911,2026-03-27,Beauty,Retail Store,3,83.67,32.71
NR-8353,2026-05-21,Beauty,Retail Store,1,37.09,14.09
NR-5309,2025-02-12,Beauty,Marketplace,2,58.24,22.81
NR-7534,2026-01-14,Outdoor,Retail Store,1,111.05,55.03
NR-5809,2025-05-25,Home Goods,Web,3,197.71,104.31
NR-6377,2025-08-10,Apparel,Web,2,99.8,46.16
NR-8251,2026-05-18,Home Goods,Retail Store,1,69.65,34.77
NR-6950,2025-11-22,Home Goods,Marketplace,1,72.53,38.01
NR-6243,2025-07-17,Beauty,Retail Store,2,54.75,20.99
NR-7740,2026-02-20,Outdoor,Retail Store,3,336.25,161.52
NR-6560,2025-09-06,Home Goods,Web,3,221.55,117.85
NR-7538,2026-01-26,Outdoor,Marketplace,2,210.51,101.0
NR-8468,2026-06-11,Home Goods,Web,3,210.71,112.95
NR-6755,2025-10-09,Home Goods,Web,1,66.84,33.25
NR-5558,2025-04-10,Electronics,Marketplace,2,386.69,221.26
NR-7096,2025-11-27,Outdoor,Web,2,223.73,109.08
NR-6640,2025-09-27,Beauty,Web,3,112.0,43.39
NR-5407,2025-03-16,Home Goods,Web,2,153.55,77.57
NR-6644,2025-09-08,Beauty,Web,2,68.89,27.29
NR-6285,2025-07-20,Outdoor,Marketplace,2,216.06,111.56
NR-7660,2026-02-07,Apparel,Web,2,113.74,52.13
NR-8019,2026-04-10,Home Goods,Web,2,132.64,68.33
NR-7801,2026-03-15,Home Goods,Retail Store,3,215.83,105.2
NR-8590,2026-06-19,Outdoor,Web,1,82.61,40.35
NR-7022,2025-11-20,Apparel,Web,3,164.41,82.14
NR-7608,2026-02-03,Home Goods,Web,2,111.45,58.91
NR-8273,2026-05-26,Apparel,Web,1,50.88,24.08
NR-7293,2025-12-10,Outdoor,Web,1,85.96,41.14
NR-7012,2025-11-02,Apparel,Retail Store,1,56.85,28.02
NR-5872,2025-05-01,Beauty,Web,1,30.87,12.23
NR-6722,2025-10-02,Electronics,Web,1,254.82,142.5
NR-7804,2026-03-02,Home Goods,Web,1,70.0,35.56
NR-5030,2025-01-20,Electronics,Retail Store,1,226.5,121.17
NR-7084,2025-11-23,Outdoor,Retail Store,1,103.84,52.02
NR-5485,2025-03-18,Beauty,Web,3,104.99,44.37
NR-6839,2025-10-12,Beauty,Retail Store,3,98.74,40.33
NR-5553,2025-03-20,Outdoor,Retail Store,1,104.29,53.0
NR-5873,2025-05-09,Beauty,Web,3,99.53,38.89
NR-6063,2025-06-19,Beauty,Retail Store,3,109.78,42.84
NR-6040,2025-06-26,Beauty,Marketplace,3,82.05,30.52
NR-5774,2025-05-01,Electronics,,2,436.69,223.48
NR-6506,2025-09-25,Electronics,Web,1,210.16,111.83
NR-5129,2025-01-06,Beauty,Web,1,34.27,14.16
NR-7683,2026-02-10,Beauty,Web,2,74.38,30.45
NR-7603,2026-02-22,Home Goods,Web,2,142.06,75.22
NR-5848,2025-05-11,Apparel,Web,1,53.69,24.67
NR-7861,2026-03-01,APPAREL,Web,2,88.8,41.36
NR-6162,2025-07-12,Home Goods,Web,1,70.03,35.9
NR-5455,2025-03-13,Apparel,Retail Store,1,53.94,27.0
NR-7211,2025-12-16,Apparel,Marketplace,2,101.63,48.77
NR-6524,2025-09-25,Electronics,Retail Store,1,194.24,113.14
NR-6589,2025-09-13,Apparel,Marketplace,2,94.24,45.15
NR-5031,2025-01-05,Electronics,Web,1,214.96,116.41
NR-8159,2026-04-13,Outdoor,Web,2,224.71,110.1
NR-5493,2025-03-26,Beauty,Web,2,65.43,27.0
NR-6817,2025-10-16,Beauty,Retail Store,3,87.77,34.22
NR-6280,2025-07-21,Outdoor,Retail Store,1,88.86,45.86
NR-6380,2025-08-18,Apparel,Web,2,112.07,51.53
NR-7578,2026-02-16,Electronics,Web,2,500.16,321.47
NR-6309,2025-08-11,Electronics,Web,2,401.26,223.07
NR-7090,2025-11-10,Outdoor,Web,1,85.52,45.14
NR-7423,2026-01-03,Apparel,Web,1,51.88,24.96
NR-5885,2025-05-22,Outdoor,Web,2,204.55,97.91
NR-7038,2025-11-27,Beauty,Retail Store,1,31.51,12.38
NR-8533,2026-06-01,Apparel,Retail Store,2,102.66,48.39
NR-6299,2025-08-02,Electronics,Retail Store,1,233.1,137.05
NR-6629,2025-09-12,Beauty,Web,3,93.46,35.59
NR-8296,2026-05-02,Apparel,Web,3,124.48,57.22
NR-7329,2026-01-27,Electronics,Web,1,221.97,148.24
NR-6193,2025-07-07,Apparel,Web,1,53.92,27.83
NR-6939,2025-11-05,Home Goods,Marketplace,3,225.92,122.46
NR-5933,2025-06-19,Electronics,Web,2,479.05,275.89
NR-8424,2026-06-15,Electronics,Retail Store,2,511.7,394.56
NR-8134,2026-04-26,Outdoor,Web,2,188.09,92.18
NR-7860,2026-03-12,Apparel,Retail Store,1,51.64,25.64
NR-7218,2025-12-05,Apparel,Web,3,165.6,79.52
NR-7882,2026-03-04,Beauty,Web,2,61.09,24.56
NR-6480,2025-08-18,Outdoor,Web,1,85.6,42.9
NR-6863,2025-10-12,Outdoor,Web,2,176.19,89.68
NR-7466,2026-01-04,Beauty,Retail Store,1,37.7,14.57
NR-5056,2025-01-09,Home Goods,Retail Store,2,147.06,76.58
NR-7712,2026-02-18,Outdoor,Web,3,330.1,162.23
NR-7286,2025-12-22,outdoor,Retail Store,3,265.49,127.37
NR-7449,2026-01-14,Beauty,Retail Store,3,113.06,44.35
NR-7005,2025-11-08,Apparel,Retail Store,1,48.82,23.47
NR-5596,2025-04-24,Electronics,Web,2,411.01,236.61
NR-7715,2026-02-10,Outdoor,Retail Store,2,206.74,101.96
NR-5512,2025-03-11,Beauty,Retail Store,3,106.53,42.5
NR-5134,2025-01-07,Beauty,Retail Store,1,31.05,12.18
NR-7427,2026-01-25,Apparel,Web,2,92.6,45.3
NR-8109,2026-04-01,Beauty,Web,2,65.25,26.37
NR-5155,2025-01-03,Outdoor,Retail Store,2,217.8,107.28
NR-8164,2026-04-16,Outdoor,,3,271.89,144.92
NR-6038,2025-06-20,Beauty,Web,2,69.93,26.53
NR-5925,2025-06-16,Electronics,Web,3,759.98,417.26
NR-8007,2026-04-13,Home Goods,Retail Store,1,58.04,31.29
NR-8024,2026-04-21,home goods,Retail Store,3,192.9,99.25
NR-6133,2025-07-24,Electronics,Retail Store,1,256.35,139.78
NR-8234,2026-05-01,Home Goods,Web,1,67.34,36.42
NR-5530,2025-03-10,Outdoor,Retail Store,2,210.47,110.69
NR-5765,2025-05-11,Electronics,Web,3,767.02,417.42
NR-8047,2026-04-27,Apparel,Web,1,45.42,22.54
NR-5950,2025-06-01,Home Goods,Web,3,209.57,111.32
NR-8037,2026-04-26,Apparel,Web,1,49.56,24.45
NR-8444,2026-06-23,Electronics,Web,2,434.71,349.29
NR-8183,2026-05-26,Electronics,Retail Store,1,234.67,175.16
NR-7979,2026-04-26,Electronics,Web,2,424.72,306.12
NR-5876,2025-05-23,Beauty,Web,2,60.18,23.77
NR-5813,2025-05-16,Home Goods,Web,3,221.79,110.15
NR-7732,2026-02-26,Outdoor,Web,2,195.66,92.27
NR-7848,2026-03-18,Apparel,Web,3,143.39,69.74
NR-7468,2026-01-22,Beauty,Web,1,38.04,15.37
NR-5409,2025-03-22,Home Goods,Web,2,127.04,65.26
NR-7285,2025-12-20,Outdoor,Web,2,198.43,95.83
NR-6366,2025-08-18,Home Goods,Web,3,220.51,112.58
NR-5296,2025-02-25,Beauty,Web,2,74.56,30.34
NR-5200,2025-02-11,Electronics,Marketplace,3,654.76,368.87
NR-5375,2025-03-27,Electronics,Marketplace,2,470.19,242.83
NR-5585,2025-04-08,Electronics,Web,2,484.87,257.99
NR-7147,2025-12-04,Electronics,Web,1,239.72,144.87
NR-7734,2026-02-01,Outdoor,Marketplace,3,252.93,130.6
NR-6740,2025-10-07,Home Goods,Marketplace,2,123.38,62.57
NR-5647,2025-04-24,Apparel,Web,3,145.94,69.74
NR-5109,2025-01-06,Apparel,Web,2,111.12,54.41
NR-7227,2025-12-18,Apparel,Web,3,172.41,77.0
NR-7670,2026-02-22,Beauty,Web,2,75.55,31.69
NR-6578,2025-09-19,Apparel,Web,1,43.84,20.53
NR-7872,2026-03-21,Apparel,Web,2,112.75,52.3
NR-5630,2025-04-13,Home Goods,Marketplace,1,75.37,36.78
NR-5157,2025-01-08,Outdoor,Web,3,328.27,169.7
NR-7206,2025-12-04,Apparel,Web,2,107.65,49.92
NR-8535,2026-06-25,Beauty,Web,1,32.58,12.55
NR-8476,2026-06-20,Home Goods,Retail Store,3,233.49,114.48
NR-7182,2025-12-16,Home Goods,Web,2,134.71,73.86
NR-7533,2026-01-27,Outdoor,Marketplace,3,275.31,136.62
NR-7100,2025-11-12,Outdoor,Web,3,299.22,153.28
NR-8014,2026-04-19,Home Goods,Web,3,210.36,108.37
NR-8036,2026-04-08,Home Goods,Retail Store,3,209.83,111.52
NR-7377,2026-01-12,Home Goods,Retail Store,2,145.25,75.73
NR-7784,2026-03-26,Electronics,Retail Store,3,618.69,435.99
NR-7802,2026-03-04,Home Goods,Web,1,65.26,34.18
NR-6665,2025-09-18,Outdoor,Web,3,301.52,144.1
NR-7960,2026-04-27,Electronics,Retail Store,2,453.59,344.28
NR-8320,2026-05-22,Beauty,Web,1,30.29,11.69
NR-6988,2025-11-08,Apparel,Marketplace,2,82.83,40.15
NR-7070,2025-11-03,Outdoor,Retail Store,2,219.84,106.58
NR-6514,2025-09-10,Electronics,Web,3,654.17,376.8
NR-7832,2026-03-21,Home Goods,Web,2,111.8,58.42
NR-7521,2026-01-20,Outdoor,Web,2,227.79,108.29
NR-6306,2025-08-20,Electronics,Web,3,681.48,377.52
NR-5608,2025-04-25,Home Goods,Retail Store,3,168.24,84.97
NR-8488,2026-06-02,Home Goods,Retail Store,1,69.8,35.89
NR-6967,2025-11-01,Home Goods,Web,2,123.66,66.83
NR-8581,2026-06-25,Beauty,Web,2,76.4,30.51
NR-5497,2025-03-17,Beauty,Web,1,37.57,15.23
NR-8592,2026-06-15,Outdoor,Web,2,173.52,83.51
NR-7337,2026-01-27,Electronics,Web,2,503.61,347.47
NR-6668,2025-09-22,Outdoor,Retail Store,3,313.07,156.65
NR-7515,2026-01-14,Outdoor,Web,2,211.07,106.87
NR-5604,2025-04-16,Home Goods,Web,1,74.19,38.18
NR-5066,2025-01-17,Home Goods,Web,2,148.39,73.23
NR-5451,2025-03-12,Apparel,Web,2,84.41,41.53
NR-8584,2026-06-26,Beauty,Retail Store,3,106.12,41.12
NR-8615,2026-06-18,Outdoor,Web,3,257.45,126.47
NR-8560,2026-06-13,Beauty,Web,1,31.43,12.2
NR-5143,2025-01-04,Beauty,Marketplace,1,37.13,14.39
NR-8453,2026-06-04,Home Goods,Web,3,170.11,85.31
NR-6797,2025-10-17,Apparel,Retail Store,1,55.84,25.77
NR-7764,2026-03-08,ELECTRONICS,Retail Store,2,378.39,261.36
NR-8627,2026-06-25,Outdoor,Marketplace,3,309.05,149.99
NR-8145,2026-04-03,Outdoor,Web,1,108.74,57.93
NR-7580,2026-02-25,Electronics,Retail Store,2,408.65,263.21
NR-6627,2025-09-16,Beauty,Web,2,75.39,28.86
NR-6194,2025-07-13,Apparel,Web,3,165.67,85.2
NR-6504,2025-09-27,Electronics,Marketplace,1,196.44,113.37
NR-6144,2025-07-21,Home Goods,Web,3,174.01,90.64
NR-5682,2025-04-15,Beauty,Web,1,37.4,15.64
NR-5089,2025-01-17,Apparel,Web,3,148.41,73.26
NR-7269,2025-12-21,Beauty,Web,3,99.01,38.76
NR-5972,2025-06-18,Home Goods,Web,3,173.0,93.32
NR-6692,2025-09-07,Outdoor,Retail Store,3,295.65,142.11
NR-7520,2026-01-12,Outdoor,Web,2,167.63,85.86
NR-6182,2025-07-27,Apparel,Web,1,53.63,25.69
NR-5623,2025-04-04,Home Goods,Retail Store,1,55.72,28.8
NR-7339,2026-01-17,Electronics,Web,1,233.61,149.97
NR-8305,2026-05-01,Apparel,Web,1,51.81,25.62
NR-6273,2025-07-09,Outdoor,Web,3,266.1,128.8
NR-6978,2025-11-05,Home Goods,Web,3,182.7,96.77
NR-7311,2025-12-06,Outdoor,Web,1,106.69,52.02
NR-5420,2025-03-23,Home Goods,Web,1,71.89,36.25
NR-7878,2026-03-09,Apparel,Retail Store,2,88.81,41.81
NR-5140,2025-01-23,Beauty,Web,2,63.75,24.32
NR-6490,2025-08-22,Outdoor,Retail Store,2,212.06,110.71
NR-7510,2026-01-17,Outdoor,Web,3,284.85,139.1
NR-6501,2025-09-19,Electronics,Web,3,597.41,342.41
NR-5911,2025-05-27,Outdoor,Web,2,197.57,96.31
NR-5105,2025-01-20,Apparel,Web,1,47.67,23.5
NR-7774,2026-03-20,Electronics,Web,3,726.07,516.05
NR-8202,2026-05-21,electronics,Retail Store,2,406.8,319.86
NR-5942,2025-06-12,Electronics,Web,2,482.15,271.38
NR-6520,2025-09-10,Electronics,Retail Store,2,462.19,248.57
NR-5996,2025-06-04,Apparel,Retail Store,2,96.48,46.23
NR-8220,2026-05-25,Electronics,Retail Store,3,739.8,561.85
NR-6635,2025-09-15,Beauty,Retail Store,1,28.91,11.11
NR-7661,2026-02-09,Apparel,Web,2,92.18,44.53
NR-8054,2026-04-12,Apparel,Web,3,136.56,65.6
NR-6148,2025-07-11,Home Goods,Retail Store,2,150.16,73.91
NR-7319,2026-01-12,Electronics,Marketplace,1,253.37,164.19
NR-6372,2025-08-09,Home Goods,Web,3,199.17,102.13
NR-6392,2025-08-12,Apparel,Retail Store,2,82.46,38.93
NR-5350,2025-02-23,Outdoor,Web,2,189.53,96.98
NR-6045,2025-06-14,Beauty,Marketplace,2,55.44,21.07
NR-5518,2025-03-19,Outdoor,Web,1,98.21,49.13
NR-8016,2026-04-14,Home Goods,Web,3,193.46,103.86
NR-8074,2026-04-02,Apparel,Marketplace,2,93.26,46.79
NR-5049,2025-01-17,Home Goods,Retail Store,1,70.22,34.67
NR-7969,2026-04-18,Electronics,Web,3,730.74,516.99
NR-6085,2025-06-01,Outdoor,Web,3,319.37,151.05
NR-5053,2025-01-04,Home Goods,Marketplace,1,73.38,38.38
NR-6100,2025-06-09,Outdoor,Web,1,85.26,41.55
NR-6586,2025-09-19,Apparel,Retail Store,3,150.89,73.14
NR-8184,2026-05-07,Electronics,Web,1,243.59,180.44
NR-8342,2026-05-16,Beauty,Web,3,102.55,40.45
NR-6500,2025-09-10,Electronics,Web,3,739.32,429.01
NR-5818,2025-05-14,Apparel,Web,3,127.26,61.26
NR-6168,2025-07-23,Home Goods,Web,3,168.26,82.83
NR-6567,2025-09-04,Home Goods,Web,1,76.54,41.04
NR-5639,2025-04-11,Apparel,Web,1,51.85,25.74
NR-6604,2025-09-19,Apparel,Web,3,132.26,59.91
NR-6050,2025-06-08,Beauty,Web,1,29.56,11.03
NR-5251,2025-02-18,Home Goods,Web,3,179.78,89.58
NR-8469,2026-06-09,Home Goods,Web,3,228.38,123.0
NR-6789,2025-10-16,Apparel,Web,1,43.67,19.65
NR-5956,2025-06-02,Home Goods,Web,3,207.03,109.85
NR-5025,2025-01-24,Electronics,Web,2,454.66,246.17
NR-6429,2025-08-01,Beauty,Web,3,93.44,35.79
NR-7125,2025-12-02,Electronics,Web,3,642.2,415.61
NR-7296,2025-12-15,Outdoor,Marketplace,2,169.28,81.06
NR-6409,2025-08-21,Apparel,Retail Store,2,86.98,43.31
NR-7236,2025-12-03,Beauty,Web,3,102.57,39.58
NR-8241,2026-05-03,Home Goods,Marketplace,1,69.73,35.58
NR-5272,2025-02-03,Apparel,Web,3,167.5,77.44
NR-7288,2025-12-12,Outdoor,Retail Store,1,91.08,46.57
NR-5905,2025-05-12,Outdoor,Web,2,180.34,89.23
NR-5310,2025-02-20,Beauty,Retail Store,2,75.4,28.95
NR-5984,2025-06-05,Home Goods,Marketplace,1,76.96,40.95
NR-5241,2025-02-10,Home Goods,Web,2,143.26,73.67
NR-7442,2026-01-26,Apparel,Marketplace,1,48.2,22.58
NR-7943,2026-03-12,Outdoor,Web,3,286.91,150.88
NR-5951,2025-06-10,Home Goods,Web,3,210.74,113.09
NR-5507,2025-03-06,Beauty,Web,1,36.85,14.76
NR-6086,2025-06-16,Outdoor,Retail Store,1,103.5,51.51
NR-5898,2025-05-17,Outdoor,Retail Store,3,249.87,122.15
NR-6874,2025-10-22,Outdoor,Web,2,178.58,87.4
NR-5744,2025-04-18,Outdoor,Web,2,226.23,113.43
NR-6179,2025-07-05,Home Goods,Retail Store,3,226.52,120.05
NR-7326,2026-01-10,Electronics,Retail Store,1,207.85,134.44
NR-8464,2026-06-04,Home Goods,Marketplace,3,174.91,90.75
NR-7633,2026-02-04,Apparel,Web,2,91.22,44.22
NR-5764,2025-05-01,Electronics,Web,1,258.83,132.04
NR-6515,2025-09-12,Electronics,Web,3,614.44,357.38
NR-5273,2025-02-04,Apparel,Retail Store,1,48.35,23.27
NR-7426,2026-01-13,Apparel,Web,3,158.7,79.19
NR-5306,2025-02-14,Beauty,Web,1,27.76,11.08
NR-7110,2025-12-26,Electronics,Retail Store,2,478.8,286.98
NR-5260,2025-02-16,Apparel,Web,3,128.15,63.23
NR-6751,2025-10-01,Home Goods,Marketplace,1,71.62,38.59
NR-8061,2026-04-13,Apparel,Retail Store,3,123.69,59.64
NR-5502,2025-03-11,Beauty,Web,3,88.62,36.79
NR-6651,2025-09-18,Outdoor,Retail Store,1,83.78,43.35
NR-7047,2025-11-08,Beauty,Web,1,32.84,13.63
NR-6135,2025-07-09,Electronics,Marketplace,2,509.49,286.75
NR-7867,2026-03-10,Apparel,Web,3,130.66,60.11
NR-7103,2025-11-15,Outdoor,Web,1,109.2,53.35
NR-5252,2025-02-25,Home Goods,Web,3,197.38,97.92
NR-7762,2026-03-16,Electronics,Web,1,195.48,137.74
NR-5214,2025-02-09,Electronics,Web,3,607.77,319.49
NR-5875,2025-05-03,Beauty,Web,2,70.68,27.83
NR-8295,2026-05-24,Apparel,Retail Store,2,84.07,40.43
NR-7769,2026-03-16,Electronics,Retail Store,3,742.32,498.35
NR-8243,2026-05-09,Home Goods,Web,1,61.63,30.83
NR-7373,2026-01-14,Home Goods,Web,2,132.14,66.74
NR-6221,2025-07-11,Beauty,Retail Store,1,30.47,12.23
NR-8329,2026-05-03,Beauty,Web,1,37.43,14.24
NR-7116,2025-12-19,Electronics,Retail Store,1,223.82,138.04
NR-6671,2025-09-17,Outdoor,Retail Store,2,178.02,91.34
NR-5895,2025-05-24,Outdoor,Retail Store,3,320.76,164.68
NR-8286,2026-05-23,Apparel,Web,3,141.38,67.38
NR-6918,2025-11-22,Electronics,Web,3,591.53,365.9
NR-6953,2025-11-22,Home Goods,Web,1,72.41,38.7
NR-6945,2025-11-03,Home Goods,Marketplace,3,167.88,85.59
NR-6211,2025-07-01,Apparel,Retail Store,3,167.47,81.25
NR-7042,2025-11-20,Beauty,Marketplace,3,84.0,33.89
NR-7444,2026-01-23,Apparel,Web,3,132.47,64.46
NR-8069,2026-04-19,Apparel,Web,1,44.08,20.92
NR-7112,2025-12-17,Electronics,Marketplace,3,633.81,389.02
NR-5854,2025-05-02,Beauty,Retail Store,3,81.77,34.39
NR-6139,2025-07-04,Home Goods,Marketplace,2,123.85,65.33
NR-8368,2026-05-08,Outdoor,Web,2,200.08,100.53
NR-7411,2026-01-08,Apparel,Retail Store,3,138.57,65.22
NR-6337,2025-08-04,Home Goods,Web,2,119.89,63.42
NR-5128,2025-01-07,Beauty,Web,3,103.01,40.57
NR-5760,2025-05-12,Electronics,Marketplace,2,460.08,257.38
NR-7488,2026-01-20,Beauty,Web,2,63.26,26.32
NR-8559,2026-06-04,Beauty,Web,1,30.74,12.82
NR-6043,2025-06-03,Beauty,Retail Store,1,37.27,15.02
NR-6248,2025-07-12,Beauty,Marketplace,3,89.5,35.59
NR-8390,2026-05-18,Outdoor,Retail Store,2,191.63,97.77
NR-7611,2026-02-23,Home Goods,Retail Store,1,63.55,33.43
NR-7750,2026-03-03,Electronics,Web,1,247.5,182.64
NR-7290,2025-12-06,Outdoor,Retail Store,3,334.97,163.2
NR-6099,2025-06-26,Outdoor,Marketplace,3,311.25,151.4
NR-5829,2025-05-19,Apparel,Marketplace,1,48.16,21.95
NR-8170,2026-04-19,Outdoor,Web,2,175.6,93.53
NR-8473,2026-06-27,HOME GOODS,Retail Store,1,64.28,33.42
NR-5359,2025-02-27,Outdoor,Marketplace,2,197.16,101.28
NR-6855,2025-10-18,Beauty,Web,3,102.82,41.77
NR-6247,2025-07-09,Beauty,Web,2,59.0,23.01
NR-7417,2026-01-01,Apparel,Retail Store,2,104.02,48.51
NR-5268,2025-02-09,Apparel,Web,2,93.96,45.62
NR-8515,2026-06-13,Apparel,Marketplace,1,51.69,24.82
NR-6540,2025-09-26,Home Goods,Web,1,59.24,30.12
NR-5794,2025-05-16,Home Goods,Retail Store,2,112.41,56.47
NR-6664,2025-09-08,Outdoor,Retail Store,2,194.79,99.93
NR-8155,2026-04-02,Outdoor,Retail Store,3,295.8,153.03
NR-6984,2025-11-12,Home Goods,Marketplace,1,77.31,41.02
NR-6551,2025-09-12,Home Goods,Retail Store,3,200.38,100.79
NR-7428,2026-01-25,Apparel,Marketplace,3,125.5,58.22
NR-8212,2026-05-16,Electronics,Web,1,230.52,172.86
NR-5536,2025-03-03,Outdoor,Web,1,83.96,43.25
NR-8055,2026-04-11,Apparel,Web,1,45.0,21.3
NR-8321,2026-05-07,Beauty,Web,3,91.09,35.35
NR-8299,2026-05-09,Apparel,Web,3,134.14,64.15
NR-5318,2025-02-18,Beauty,Retail Store,3,96.5,39.35
NR-8058,2026-04-08,Apparel,Retail Store,2,100.59,48.41
NR-6927,2025-11-22,Electronics,Web,2,521.84,301.92
NR-8020,2026-04-22,Home Goods,Web,3,202.48,103.17
NR-7104,2025-11-12,Outdoor,Web,2,171.23,85.96
NR-6407,2025-08-19,Apparel,Marketplace,2,106.0,50.34
NR-7405,2026-01-27,HOME GOODS,Web,1,65.53,35.5
NR-6898,2025-11-02,Electronics,Web,2,407.64,242.63
NR-5510,2025-03-19,Beauty,Retail Store,1,29.41,11.41
NR-6570,2025-09-10,Apparel,Web,3,164.6,77.22
NR-8148,2026-04-13,Outdoor,Retail Store,3,318.79,161.39
NR-8358,2026-05-26,Outdoor,Web,2,178.74,87.19
NR-6249,2025-07-17,Beauty,Retail Store,3,114.19,47.11
NR-6210,2025-07-05,Apparel,Marketplace,2,93.05,44.13
NR-7058,2025-11-03,Beauty,Marketplace,2,75.92,31.82
NR-7645,2026-02-18,Apparel,Retail Store,2,101.04,48.2
NR-6710,2025-10-11,Electronics,Web,3,706.67,399.66
NR-7230,2025-12-09,Apparel,Web,2,102.57,48.79
NR-5627,2025-04-01,Home Goods,Web,3,183.5,90.05
NR-6140,2025-07-07,Home Goods,Web,3,181.66,95.44
NR-5946,2025-06-18,Electronics,Retail Store,2,429.55,245.45
NR-7185,2025-12-08,Home Goods,Web,3,218.83,119.04
NR-6593,2025-09-17,Apparel,Retail Store,3,148.81,68.74
NR-5865,2025-05-18,Beauty,Marketplace,1,28.34,11.06
NR-6793,2025-10-04,Apparel,Retail Store,3,168.74,81.02
NR-7955,2026-03-10,Outdoor,Web,1,98.68,48.97
NR-7064,2025-11-13,Beauty,Web,1,31.48,13.2
NR-7556,2026-02-09,Electronics,Web,2,468.05,319.73
NR-5700,2025-04-21,Beauty,Web,1,31.45,12.99
NR-5717,2025-04-20,Outdoor,Retail Store,1,95.22,46.22
NR-7819,2026-03-19,Home Goods,Web,3,170.18,84.12
NR-6872,2025-10-13,Outdoor,Web,1,99.4,47.64
NR-8551,2026-06-21,Beauty,Retail Store,3,102.68,41.0
NR-5125,2025-01-20,Beauty,Web,2,61.49,24.93
NR-7917,2026-03-04,Beauty,Retail Store,1,31.18,12.55
NR-7926,2026-03-25,Outdoor,Marketplace,2,187.12,90.01
NR-5256,2025-02-03,Apparel,Web,3,133.15,63.81
NR-6853,2025-10-26,Beauty,Retail Store,3,110.38,42.31
NR-8200,2026-05-25,Electronics,Web,3,696.84,527.26
NR-6577,2025-09-05,Apparel,Web,3,143.05,65.05
NR-7887,2026-03-21,Beauty,Web,1,32.91,13.37
NR-5582,2025-04-07,Electronics,Retail Store,3,612.58,354.28
NR-5091,2025-01-27,Apparel,Web,2,85.4,43.86
NR-8322,2026-05-17,Beauty,Web,3,89.24,33.96
NR-6807,2025-10-09,Apparel,Marketplace,3,123.71,56.37
NR-5016,2025-01-27,Electronics,Web,2,388.89,207.8
NR-8496,2026-06-13,Apparel,Marketplace,1,42.37,20.82
NR-7205,2025-12-02,Apparel,Web,3,162.86,73.52
NR-6374,2025-08-16,Apparel,Web,3,142.93,68.31
NR-6313,2025-08-10,Electronics,Marketplace,2,426.35,234.3
NR-6770,2025-10-02,Apparel,Web,1,50.32,22.65
NR-7931,2026-03-08,Outdoor,Web,2,199.26,94.97
NR-6565,2025-09-21,Home Goods,Web,2,142.74,70.68
NR-5990,2025-06-07,Home Goods,Web,1,74.75,38.48
NR-5971,2025-06-01,Home Goods,Retail Store,2,115.1,63.16
NR-5658,2025-04-11,Apparel,Retail Store,2,86.7,42.36
NR-5382,2025-03-12,Electronics,Retail Store,2,456.23,240.49
NR-6242,2025-07-10,Beauty,Retail Store,3,85.04,35.17
NR-8443,2026-06-13,Electronics,Web,1,208.7,162.63
NR-6731,2025-10-14,Home Goods,Retail Store,2,120.13,58.8
NR-7138,2025-12-16,Electronics,Web,2,375.89,233.79
NR-7722,2026-02-01,Outdoor,Web,1,102.33,49.61
NR-7477,2026-01-04,Beauty,Retail Store,1,33.2,13.77
NR-5102,2025-01-23,Apparel,Web,1,52.43,25.36
NR-8126,2026-04-02,Beauty,Web,1,34.27,13.12
NR-8313,2026-05-26,Beauty,Marketplace,2,69.35,26.04
NR-7505,2026-01-06,Outdoor,Web,1,90.95,44.84
NR-8060,2026-04-07,apparel,Retail Store,1,42.82,21.5
NR-5614,2025-04-07,Home Goods,Web,3,199.17,100.07
NR-6552,2025-09-18,Home Goods,Marketplace,1,64.44,33.51
NR-5913,2025-05-14,Outdoor,Web,1,108.46,54.77
NR-6151,2025-07-15,Home Goods,Web,3,168.08,86.93
NR-7532,2026-01-27,Outdoor,Web,3,268.59,136.54
NR-7091,2025-11-19,Outdoor,Web,2,216.07,107.31
NR-5422,2025-03-14,Home Goods,Retail Store,1,65.79,33.97
NR-5593,2025-04-17,Electronics,Web,3,607.39,350.94
NR-8160,2026-04-21,Outdoor,Web,1,98.57,49.31
NR-7086,2025-11-09,Outdoor,Web,1,82.09,43.33
NR-6136,2025-07-23,Electronics,Marketplace,2,429.77,244.58
NR-6999,2025-11-13,Apparel,Web,2,88.09,45.19
NR-5588,2025-04-12,Electronics,Marketplace,1,262.94,149.29
NR-7857,2026-03-11,Apparel,Web,3,127.83,59.03
NR-5998,2025-06-06,Apparel,Retail Store,2,102.55,47.55
NR-7501,2026-01-24,Outdoor,Marketplace,3,339.62,170.09
NR-7865,2026-03-10,Apparel,Web,1,54.34,25.49
NR-7463,2026-01-07,Beauty,Retail Store,1,31.46,12.14
NR-5160,2025-01-20,Outdoor,Retail Store,3,262.67,129.44
NR-7970,2026-04-06,Electronics,Retail Store,3,780.42,580.09
NR-6169,2025-07-07,Home Goods,Web,3,221.52,109.85
NR-8150,2026-04-12,Outdoor,Retail Store,3,259.41,129.97
NR-5474,2025-03-23,Apparel,Web,2,97.3,44.66
NR-6734,2025-10-27,Home Goods,Web,2,135.41,71.22
NR-6281,2025-07-06,Outdoor,Web,2,177.39,89.05
NR-7144,2025-12-20,Electronics,Web,1,251.77,162.02
NR-6209,2025-07-10,Apparel,Retail Store,1,44.61,22.36
NR-6339,2025-08-04,Home Goods,Marketplace,3,216.73,109.24
NR-7797,2026-03-03,Home Goods,Web,1,67.39,35.5
NR-8187,2026-05-09,Electronics,Retail Store,1,213.26,165.69
NR-7836,2026-03-09,Apparel,Web,2,85.38,41.97
NR-6122,2025-07-15,Electronics,Web,3,753.55,424.19
NR-7274,2025-12-04,Beauty,Marketplace,3,114.36,44.89
NR-7498,2026-01-24,Outdoor,Web,2,205.13,98.05
NR-7924,2026-03-07,Outdoor,Retail Store,2,170.72,82.88
NR-7898,2026-03-19,Beauty,Web,2,57.73,22.4
NR-5381,2025-03-01,Electronics,Web,2,499.8,259.03
NR-7863,2026-03-12,Apparel,Web,2,104.32,51.64
NR-5761,2025-05-07,Electronics,Web,1,242.94,133.06
NR-8103,2026-04-02,Beauty,Retail Store,1,35.08,13.1
NR-7696,2026-02-03,Beauty,Retail Store,2,58.24,24.01
NR-6301,2025-08-21,Electronics,Retail Store,1,239.58,129.6
NR-6785,2025-10-18,Apparel,Retail Store,1,45.28,20.99
NR-7369,2026-01-16,Home Goods,Web,2,150.09,81.16
NR-7699,2026-02-21,Beauty,Web,3,88.17,36.42
NR-7883,2026-03-09,Beauty,Retail Store,2,72.49,28.35
NR-7996,2026-04-23,Electronics,Retail Store,3,753.74,571.78
NR-7490,2026-01-04,Beauty,Marketplace,1,29.08,12.34
NR-6527,2025-09-06,Electronics,Marketplace,2,473.61,261.0
NR-7029,2025-11-12,Beauty,Web,2,63.14,26.48
NR-7630,2026-02-05,Apparel,Web,1,41.55,19.9
NR-5750,2025-04-10,Outdoor,Web,1,106.7,54.08
NR-8266,2026-05-01,Home Goods,Web,1,69.82,35.91
NR-6600,2025-09-08,Apparel,Web,1,54.16,24.7
NR-6010,2025-06-08,Apparel,Web,2,94.18,46.96
NR-6697,2025-10-09,Electronics,Web,3,606.28,353.84
NR-6869,2025-10-01,Outdoor,Web,3,334.49,173.06
NR-6989,2025-11-20,Apparel,Retail Store,1,50.71,25.89
NR-7921,2026-03-14,Outdoor,Web,1,107.79,54.18
NR-5713,2025-04-14,Outdoor,Web,3,287.74,146.7
NR-7419,2026-01-10,Apparel,Web,1,50.54,24.62
NR-5397,2025-03-11,Electronics,Web,3,637.78,348.29
NR-5389,2025-03-27,Electronics,Marketplace,1,259.51,143.27
NR-5188,2025-02-07,Electronics,Web,-3,735.45,400.1
NR-5921,2025-06-10,Electronics,Retail Store,3,581.28,316.22
NR-5320,2025-02-09,Beauty,Retail Store,3,110.84,44.11
NR-7760,2026-03-25,Electronics,Marketplace,1,191.09,136.47
NR-8430,2026-06-26,Electronics,Web,3,562.33,439.89
NR-6199,2025-07-19,Apparel,Marketplace,3,130.86,67.34
NR-5122,2025-01-14,Beauty,Marketplace,2,61.41,23.51
NR-7057,2025-11-17,Beauty,Marketplace,1,38.07,15.08
NR-5067,2025-01-11,Home Goods,Web,3,226.08,117.61
NR-7212,2025-12-17,Apparel,Retail Store,3,126.77,57.52
NR-5804,2025-05-07,Home Goods,Web,1,66.03,34.75
NR-6810,2025-10-17,Apparel,Web,1,48.58,21.97
NR-6973,2025-11-23,Home Goods,Marketplace,1,61.55,32.3
NR-8173,2026-04-09,Outdoor,Retail Store,2,216.9,107.01
NR-7279,2025-12-06,Beauty,Marketplace,3,113.25,43.58
NR-6375,2025-08-21,Apparel,Web,3,156.5,72.78
NR-5373,2025-03-18,Electronics,Web,3,643.03,359.67
NR-5571,2025-04-23,Electronics,Retail Store,1,241.24,130.13
NR-8440,2026-06-24,Electronics,Web,3,611.29,473.2
NR-5726,2025-04-11,Outdoor,Web,1,90.63,44.61
NR-5271,2025-02-08,Apparel,Marketplace,1,51.76,25.57
NR-6645,2025-09-14,Beauty,Web,1,35.98,14.59
NR-8333,2026-05-25,Beauty,Web,3,109.08,41.77
NR-6669,2025-09-05,Outdoor,Retail Store,1,87.24,44.73
NR-5239,2025-02-26,Home Goods,Web,1,75.88,38.6
NR-7982,2026-04-23,Electronics,Marketplace,2,473.5,344.97
NR-7124,2025-12-09,Electronics,Web,3,786.1,474.0
NR-7271,2025-12-09,Beauty,Marketplace,1,35.32,13.41
NR-6917,2025-11-11,Electronics,Web,2,388.0,237.41
NR-7710,2026-02-21,Outdoor,Web,3,337.96,159.62
NR-7690,2026-02-06,Beauty,Web,3,88.54,36.36
NR-6854,2025-10-02,Beauty,Retail Store,3,94.11,35.49
NR-6594,2025-09-25,Apparel,Retail Store,1,48.54,21.64
NR-6966,2025-11-14,Home Goods,Web,3,219.47,117.69
NR-5981,2025-06-16,Home Goods,Web,3,191.19,105.2
NR-8279,2026-05-14,Apparel,Retail Store,2,101.18,47.24
NR-5460,2025-03-15,Apparel,Retail Store,2,109.39,50.29
NR-7359,2026-01-14,Electronics,Retail Store,1,204.68,134.86
NR-8090,2026-04-12,Beauty,Web,1,30.2,11.51
NR-7461,2026-01-02,Beauty,Retail Store,1,32.24,13.23
NR-8077,2026-04-19,Apparel,Web,3,164.56,80.01
NR-8226,2026-05-06,Home Goods,Marketplace,1,75.92,39.7
NR-7328,2026-01-10,Electronics,Web,2,481.25,304.88
NR-5499,2025-03-03,Beauty,Retail Store,3,93.58,36.37
NR-7376,2026-01-18,Home Goods,Retail Store,2,110.94,60.61
NR-7048,2025-11-12,Beauty,Web,3,114.05,44.71
NR-5572,2025-04-05,Electronics,Web,3,668.93,351.87
NR-7980,2026-04-21,Electronics,Web,2,440.81,340.11
NR-6900,2025-11-10,Electronics,Marketplace,1,233.87,133.35
NR-6779,2025-10-07,Apparel,Retail Store,2,100.42,46.27
NR-5609,2025-04-22,Home Goods,Web,1,55.94,27.85
NR-5741,2025-04-25,Outdoor,Marketplace,2,177.24,86.07
NR-6185,2025-07-12,Apparel,Web,1,51.5,26.43
NR-6930,2025-11-01,ELECTRONICS,Retail Store,1,249.39,144.0
NR-7387,2026-01-06,Home Goods,Retail Store,1,72.97,38.46
NR-6206,2025-07-06,Apparel,Web,2,92.13,47.11
NR-7541,2026-01-21,Outdoor,Retail Store,1,102.96,53.62
NR-7252,2025-12-24,Beauty,Web,3,103.81,39.24
NR-7829,2026-03-01,Home Goods,Web,2,140.92,68.0
NR-6120,2025-07-11,Electronics,Retail Store,3,775.99,447.99
NR-7045,2025-11-17,Beauty,Retail Store,1,33.72,13.59
NR-6690,2025-09-21,Outdoor,Web,1,95.26,48.7
NR-5927,2025-06-08,Electronics,Web,2,468.55,252.84
NR-5055,2025-01-18,Home Goods,Retail Store,2,114.88,59.3
NR-7398,2026-01-03,Home Goods,Web,2,118.35,62.31
NR-8362,2026-05-08,Outdoor,Web,3,255.23,130.12
NR-5940,2025-06-03,Electronics,Marketplace,3,688.13,374.21
NR-5771,2025-05-25,Electronics,Retail Store,1,225.82,114.97
NR-7087,2025-11-01,Outdoor,Retail Store,1,100.16,50.61
NR-5522,2025-03-14,Outdoor,Retail Store,1,91.73,46.51
NR-5491,2025-03-21,Beauty,Retail Store,1,35.07,13.98
NR-7352,2026-01-07,Electronics,Retail Store,3,738.91,511.06
NR-5215,2025-02-12,Electronics,Web,3,775.12,413.19
NR-6849,2025-10-27,Beauty,Web,3,102.7,41.94
NR-6322,2025-08-13,Electronics,Retail Store,1,187.35,103.86
NR-5538,2025-03-25,Outdoor,Web,2,224.0,110.0
NR-8400,2026-05-02,Outdoor,Web,1,110.01,55.54
NR-6261,2025-07-05,Outdoor,Retail Store,1,95.75,49.85
NR-6112,2025-07-25,Electronics,Web,1,193.19,104.18
NR-6553,2025-09-05,Home Goods,Marketplace,2,121.6,65.22
NR-5005,2025-01-01,Electronics,Retail Store,2,380.77,209.74
NR-8455,2026-06-20,Home Goods,Retail Store,1,69.28,35.97
NR-7316,2025-12-26,Outdoor,Marketplace,1,92.23,43.81
NR-8110,2026-04-18,Beauty,Retail Store,2,72.11,27.61
NR-5152,2025-01-06,Outdoor,Retail Store,3,310.71,152.95
NR-7127,2025-12-07,Electronics,Web,1,226.2,141.03
NR-6453,2025-08-26,Beauty,Web,1,34.27,13.98
NR-8415,2026-06-16,Electronics,Web,2,452.93,355.21
NR-5844,2025-05-01,Apparel,Retail Store,2,108.72,53.38
NR-7437,2026-01-12,Apparel,Web,1,42.28,20.68
NR-7393,2026-01-14,Home Goods,Web,2,120.44,60.99
NR-6916,2025-11-12,Electronics,Retail Store,2,378.73,220.96
NR-5174,2025-01-05,Outdoor,Retail Store,1,97.07,49.5
NR-5276,2025-02-24,Apparel,Retail Store,1,42.43,20.56
NR-8386,2026-05-13,Outdoor,Web,3,312.15,163.5
NR-7072,2025-11-24,outdoor,Web,3,265.08,132.7
NR-7209,2025-12-18,Apparel,Web,2,107.54,48.93
NR-5605,2025-04-25,Home Goods,Marketplace,3,193.42,101.62
NR-5694,2025-04-13,Beauty,Web,1,33.41,13.8
NR-7167,2025-12-20,Home Goods,Web,3,214.17,116.89
NR-8130,2026-04-19,Beauty,Web,2,62.68,24.09
NR-7310,2025-12-26,Outdoor,Web,3,281.82,138.25
NR-6802,2025-10-25,Apparel,Retail Store,1,47.17,22.65
NR-7618,2026-02-05,Home Goods,Web,3,183.65,93.12
NR-8336,2026-05-14,Beauty,Marketplace,1,31.58,12.83
NR-8240,2026-05-25,Home Goods,Marketplace,1,61.73,32.49
NR-7129,2025-12-15,Electronics,Marketplace,2,400.52,255.76
NR-8327,2026-05-08,Beauty,Web,3,109.62,44.72
NR-6800,2025-10-02,Apparel,Marketplace,1,53.74,25.97
NR-5738,2025-04-09,Outdoor,Retail Store,2,194.06,90.5
NR-6870,2025-10-17,Outdoor,Web,2,218.4,104.58
NR-7162,2025-12-24,Home Goods,Marketplace,1,76.1,39.54
NR-8293,2026-05-04,Apparel,Retail Store,2,98.59,48.7
NR-6077,2025-06-09,Outdoor,Marketplace,2,215.98,103.15
NR-8575,2026-06-16,Beauty,Web,3,93.33,36.79
NR-7458,2026-01-04,Beauty,Web,1,36.18,14.46
NR-6808,2025-10-04,Apparel,Marketplace,3,160.24,72.05
NR-7161,2025-12-19,Home Goods,Web,3,179.9,93.41
NR-5725,2025-04-01,Outdoor,Web,1,108.18,50.48
NR-5435,2025-03-19,Home Goods,Web,2,151.45,77.27
NR-5083,2025-01-09,Apparel,Web,1,41.35,19.96
NR-7140,2025-12-04,Electronics,Web,3,709.2,432.98
NR-7349,2026-01-02,Electronics,Web,2,494.56,320.1
NR-5019,2025-01-06,Electronics,Retail Store,2,396.4,227.35
NR-6582,2025-09-01,Apparel,Retail Store,1,52.28,23.64
NR-5185,2025-01-14,Outdoor,Web,1,102.75,50.05
NR-7275,2025-12-15,Beauty,Web,3,91.01,36.18
NR-6233,2025-07-17,Beauty,Web,2,74.77,29.19
NR-5333,2025-02-04,Outdoor,Web,2,202.75,105.89
NR-6255,2025-07-04,Beauty,Web,3,110.48,41.84
NR-5508,2025-03-03,Beauty,Web,1,34.43,13.44
NR-7362,2026-01-22,Electronics,Marketplace,3,656.32,427.52
NR-8631,2026-06-13,Outdoor,Web,1,99.18,50.6
NR-7838,2026-03-10,Apparel,Retail Store,1,56.87,27.08
NR-8486,2026-06-22,Home Goods,Retail Store,1,76.96,38.32
NR-7599,2026-02-27,Home Goods,Marketplace,3,170.32,87.36
NR-7719,2026-02-10,Outdoor,Marketplace,2,207.18,103.45
NR-6782,2025-10-27,Apparel,Web,3,163.18,79.76
NR-8310,2026-05-21,Beauty,Web,3,94.86,36.15
NR-8209,2026-05-26,Electronics,Retail Store,-1,214.88,160.68
NR-8097,2026-04-10,Beauty,Marketplace,3,95.85,37.65
NR-7046,2025-11-25,Beauty,Web,3,96.6,41.33
NR-7122,2025-12-19,Electronics,,1,238.98,142.63
NR-8252,2026-05-12,Home Goods,Web,1,56.5,27.83
NR-7388,2026-01-03,Home Goods,Web,3,217.26,109.65
NR-8133,2026-04-03,Outdoor,Web,2,181.46,88.95
NR-5307,2025-02-02,Beauty,Retail Store,3,102.32,38.84
NR-8406,2026-06-05,Electronics,Web,3,704.42,536.37
NR-5922,2025-06-03,Electronics,Web,2,490.09,282.75
NR-8230,2026-05-08,Home Goods,Web,3,206.77,107.92
NR-6547,2025-09-04,Home Goods,Web,2,114.76,61.55
NR-6776,2025-10-07,Apparel,Marketplace,3,134.74,62.55
NR-5017,2025-01-24,Electronics,Retail Store,2,420.26,234.9
NR-6743,2025-10-12,Home Goods,Retail Store,1,64.19,34.45
NR-7115,2025-12-10,Electronics,Web,3,765.6,455.49
NR-8410,2026-06-25,Electronics,Web,1,232.24,175.59
NR-8382,2026-05-14,Outdoor,Web,1,94.84,48.69
NR-5721,2025-04-17,Outdoor,Retail Store,1,100.1,48.92
NR-7160,2025-12-02,Home Goods,Retail Store,2,135.91,71.36
NR-6888,2025-10-20,Outdoor,Web,2,207.15,105.95
NR-6860,2025-10-08,Outdoor,Web,1,90.84,46.59
NR-8484,2026-06-18,Home Goods,Web,3,182.14,92.7
NR-7773,2026-03-01,Electronics,Retail Store,1,202.06,138.69
NR-7564,2026-02-27,Electronics,Web,3,743.21,506.97
NR-8574,2026-06-27,Beauty,Retail Store,2,70.48,28.11
NR-6126,2025-07-23,Electronics,Retail Store,1,215.34,119.58
NR-5415,2025-03-19,Home Goods,Web,3,200.87,102.66
NR-6590,2025-09-26,Apparel,Marketplace,3,140.35,66.39
NR-6497,2025-09-18,Electronics,Retail Store,1,227.94,123.66
NR-5263,2025-02-14,Apparel,Retail Store,3,158.63,79.08
NR-5393,2025-03-17,Electronics,Marketplace,1,252.83,137.25
NR-5846,2025-05-12,Apparel,Web,2,112.26,52.77
NR-5291,2025-02-12,Apparel,Web,3,134.84,65.71
NR-6287,2025-07-01,Outdoor,Retail Store,2,170.22,90.45
NR-7299,2025-12-25,Outdoor,Web,2,189.13,94.05
NR-6926,2025-11-03,Electronics,Web,2,512.92,305.48
NR-7653,2026-02-26,Apparel,Retail Store,2,94.54,43.4
NR-8448,2026-06-22,Home Goods,Web,1,55.33,29.69
NR-6025,2025-06-13,Apparel,Web,2,110.3,52.32
NR-6399,2025-08-01,Apparel,Web,2,95.13,44.12
NR-5380,2025-03-12,Electronics,Web,2,404.83,214.58
NR-7240,2025-12-09,Beauty,Marketplace,3,92.13,36.27
NR-5967,2025-06-15,Home Goods,Marketplace,3,182.99,95.29
NR-7415,2026-01-25,Apparel,Web,3,124.28,62.01
NR-7450,2026-01-04,Beauty,Web,1,28.47,11.05
NR-7726,2026-02-07,Outdoor,Retail Store,1,93.62,46.55
NR-7013,2025-11-03,Apparel,Web,2,111.97,56.87
NR-5566,2025-04-26,Electronics,Marketplace,3,648.78,351.19
NR-6026,2025-06-16,Apparel,Web,2,91.05,42.8
NR-6119,2025-07-26,Electronics,Web,2,425.77,234.27
NR-5899,2025-05-03,Outdoor,Marketplace,3,278.3,143.24
NR-5535,2025-03-21,Outdoor,Web,3,341.5,173.43
NR-7999,2026-04-14,Home Goods,Web,1,68.95,34.76
NR-8027,2026-04-04,Home Goods,Retail Store,2,116.64,61.57
NR-7544,2026-01-03,Outdoor,Retail Store,2,177.74,87.38
NR-5547,2025-03-24,Outdoor,Web,1,111.44,56.06
NR-5459,2025-03-23,Apparel,Web,3,128.74,61.56
NR-6308,2025-08-19,Electronics,Web,3,756.13,417.37
NR-5211,2025-02-26,Electronics,Retail Store,2,526.56,275.99
NR-5937,2025-06-21,Electronics,Web,2,509.17,281.59
NR-7221,2025-12-18,Apparel,Web,3,142.61,68.65
NR-6311,2025-08-26,Electronics,Marketplace,3,716.62,417.16
NR-5192,2025-02-04,Electronics,Retail Store,3,670.83,385.88
NR-7190,2025-12-01,Home Goods,Web,2,112.07,57.2
NR-6928,2025-11-05,Electronics,Web,2,377.66,234.9
NR-6216,2025-07-27,Apparel,Retail Store,3,171.16,87.19
NR-6137,2025-07-25,Electronics,Marketplace,1,193.5,112.08
NR-6425,2025-08-21,Beauty,Marketplace,2,68.14,26.95
NR-5229,2025-02-26,Home Goods,Web,3,184.89,94.14
NR-7617,2026-02-19,Home Goods,Retail Store,2,120.76,60.65
NR-7806,2026-03-09,Home Goods,Web,2,135.64,71.52
NR-6241,2025-07-16,Beauty,Web,3,103.53,42.77
NR-5597,2025-04-16,Home Goods,Web,1,65.44,32.2
NR-7809,2026-03-12,Home Goods,Web,2,155.7,80.86
NR-5154,2025-01-14,Outdoor,Retail Store,3,253.98,122.05
NR-6454,2025-08-03,Beauty,Web,2,68.74,27.52
NR-5884,2025-05-11,Outdoor,Web,2,191.17,92.78
NR-6205,2025-07-07,Apparel,Web,-2,86.94,44.57
NR-6359,2025-08-18,Home Goods,Web,3,174.52,93.24
NR-8066,2026-04-25,Apparel,Web,3,149.2,71.6
NR-8478,2026-06-02,Home Goods,Retail Store,2,153.0,79.9
NR-5074,2025-01-20,Apparel,Retail Store,1,53.53,26.19
NR-5808,2025-05-09,Home Goods,Web,1,66.25,33.29
NR-5414,2025-03-19,Home Goods,Retail Store,3,217.6,107.06
NR-6459,2025-08-01,Outdoor,Web,1,104.25,52.07
NR-6230,2025-07-04,Beauty,Web,2,70.92,26.95
NR-5930,2025-06-14,Electronics,Web,3,633.85,357.64
NR-6649,2025-09-13,Outdoor,Web,1,98.22,50.94
NR-7688,2026-02-04,Beauty,Retail Store,2,73.14,30.97
NR-5233,2025-02-17,Home Goods,Web,3,222.67,115.94
NR-7068,2025-11-01,Beauty,Marketplace,3,84.07,34.32
NR-8506,2026-06-17,Apparel,Retail Store,3,171.33,85.6
NR-7077,2025-11-09,Outdoor,Web,3,256.06,134.67
NR-5803,2025-05-12,Home Goods,Retail Store,2,129.89,64.63
NR-5882,2025-05-19,Beauty,Retail Store,2,70.01,27.01
NR-6633,2025-09-19,Beauty,Web,1,37.73,14.07
NR-6054,2025-06-07,Beauty,Web,3,115.07,43.87
NR-5290,2025-02-13,Apparel,Web,3,167.04,77.27
NR-5914,2025-05-26,Outdoor,Web,2,165.81,81.73
NR-6956,2025-11-07,Home Goods,Retail Store,3,211.4,104.48
NR-8324,2026-05-25,Beauty,Web,3,91.39,35.93
NR-6093,2025-06-26,Outdoor,Web,2,207.49,98.97
NR-6111,2025-07-04,Electronics,Web,3,626.62,339.91
NR-6889,2025-10-23,Outdoor,Marketplace,3,320.22,153.95
NR-5114,2025-01-23,Beauty,Retail Store,2,62.93,25.55
NR-6572,2025-09-19,Apparel,Retail Store,1,45.37,21.51
NR-8163,2026-04-21,Outdoor,Web,2,217.49,114.51
NR-5465,2025-03-21,Apparel,Web,1,46.85,22.49
NR-7937,2026-03-08,outdoor,Retail Store,2,199.24,100.73
NR-5167,2025-01-01,Outdoor,Marketplace,1,109.58,55.34
NR-7455,2026-01-11,Beauty,Marketplace,2,68.85,27.98
NR-7368,2026-01-22,Home Goods,Retail Store,3,172.68,87.74
NR-8572,2026-06-06,Beauty,Web,1,31.33,13.08
NR-5897,2025-05-04,Outdoor,Marketplace,3,257.44,130.62
NR-6609,2025-09-17,Apparel,Retail Store,2,106.2,47.16
NR-6101,2025-06-08,Outdoor,Web,1,89.55,46.01
NR-7752,2026-03-21,Electronics,Retail Store,3,712.14,490.44
NR-5920,2025-06-12,Electronics,Web,2,514.56,294.59
NR-7614,2026-02-17,Home Goods,Web,1,67.73,35.88
NR-6555,2025-09-01,Home Goods,Retail Store,1,71.21,37.96
NR-5598,2025-04-08,Home Goods,Web,3,183.95,93.24
NR-6943,2025-11-15,Home Goods,Web,2,113.49,61.4
NR-5257,2025-02-03,Apparel,Retail Store,2,92.3,45.74
NR-5255,2025-02-26,Apparel,Web,2,91.71,41.94
NR-5727,2025-04-19,Outdoor,Web,1,113.44,53.4
NR-7753,2026-03-14,Electronics,Retail Store,2,408.7,285.56
NR-8035,2026-04-19,Home Goods,Marketplace,2,127.59,63.84
NR-7545,2026-02-22,Electronics,Web,2,410.27,284.13
NR-7946,2026-03-11,Outdoor,Web,3,252.23,130.26
NR-7178,2025-12-17,Home Goods,Retail Store,3,217.77,118.56
NR-5768,2025-05-24,Electronics,Web,1,208.19,109.63
NR-7148,2025-12-19,Electronics,Retail Store,3,767.58,501.48
NR-7219,2025-12-23,Apparel,Web,3,125.42,59.35
NR-7539,2026-01-13,Outdoor,Web,1,106.54,51.52
NR-6726,2025-10-09,Electronics,Retail Store,3,756.09,420.6
NR-8528,2026-06-20,Apparel,,3,130.26,62.91
NR-6477,2025-08-14,Outdoor,Web,3,317.23,160.48
NR-5110,2025-01-15,Apparel,Retail Store,1,52.68,26.71
NR-6679,2025-09-23,Outdoor,Retail Store,1,99.34,51.05
NR-6696,2025-10-07,Electronics,Retail Store,3,647.57,361.66
NR-8272,2026-05-03,Apparel,Web,1,50.39,24.02
NR-8068,2026-04-15,Apparel,Web,2,115.16,57.32
NR-6226,2025-07-03,Beauty,Web,1,38.37,14.98
NR-5712,2025-04-08,Outdoor,Web,3,333.6,168.31
NR-7875,2026-03-10,Apparel,Retail Store,1,52.54,24.5
NR-6479,2025-08-20,Outdoor,Web,1,103.0,50.52
NR-6019,2025-06-15,Apparel,Web,2,95.19,46.32
NR-6160,2025-07-11,Home Goods,Web,2,134.53,69.52
NR-5960,2025-06-03,Home Goods,Web,3,179.2,97.59
NR-7707,2026-02-06,Beauty,Retail Store,2,75.25,31.84
NR-8450,2026-06-25,Home Goods,Web,2,132.68,67.08
NR-5270,2025-02-26,Apparel,Web,1,47.05,21.75
NR-5063,2025-01-16,Home Goods,Web,3,217.12,108.4
NR-7441,2026-01-24,Apparel,Web,2,95.72,45.85
NR-6094,2025-06-09,Outdoor,Retail Store,2,192.46,93.44
NR-5892,2025-05-27,Outdoor,Web,2,179.52,90.33
NR-6295,2025-08-27,Electronics,Web,1,192.38,106.37
NR-7591,2026-02-03,Home Goods,Web,1,72.64,37.34
NR-5778,2025-05-11,Electronics,Marketplace,3,608.06,332.63
NR-8232,2026-05-27,Home Goods,Web,3,194.39,97.54
NR-8348,2026-05-02,Beauty,Web,2,56.73,21.27
NR-7217,2025-12-12,Apparel,Retail Store,1,48.51,21.53
NR-5036,2025-01-15,Electronics,Web,1,220.11,126.52
NR-5243,2025-02-02,Home Goods,Web,3,189.66,94.2
NR-5082,2025-01-21,Apparel,Marketplace,3,133.35,62.76
NR-8332,2026-05-14,BEAUTY,Web,3,85.92,34.45
NR-7993,2026-04-03,Electronics,Web,2,377.18,291.05
NR-8512,2026-06-27,Apparel,Retail Store,3,133.14,65.9
NR-5860,2025-05-08,Beauty,Web,3,99.42,38.65
NR-5372,2025-03-25,Electronics,Web,1,248.83,135.56
NR-7003,2025-11-03,Apparel,Retail Store,1,46.76,22.22
NR-6850,2025-10-10,Beauty,Retail Store,1,31.49,12.61
NR-8094,2026-04-10,Beauty,Retail Store,3,99.95,40.24
NR-6361,2025-08-06,Home Goods,Web,2,114.94,57.1
NR-8380,2026-05-06,Outdoor,Web,1,94.42,47.48
NR-8218,2026-05-02,Electronics,Retail Store,2,491.41,370.57
NR-5751,2025-05-15,Electronics,Web,2,492.02,267.27
NR-7555,2026-02-26,Electronics,Retail Store,2,505.89,322.08
NR-8292,2026-05-10,Apparel,Web,1,55.73,26.07
NR-6037,2025-06-16,Beauty,Web,1,32.52,12.23
NR-6234,2025-07-15,Beauty,Retail Store,1,30.89,11.81
NR-7632,2026-02-12,Apparel,Web,3,160.52,72.9
NR-7559,2026-02-11,Electronics,Retail Store,2,520.68,331.59
NR-7225,2025-12-22,Apparel,Retail Store,2,108.93,52.03
NR-7324,2026-01-16,Electronics,Web,3,700.41,473.85
NR-5879,2025-05-07,Beauty,Retail Store,1,30.7,11.78
NR-7595,2026-02-18,Home Goods,Web,1,63.06,32.14
NR-6862,2025-10-17,Outdoor,Retail Store,1,112.28,58.56
NR-7767,2026-03-15,Electronics,Web,3,687.93,481.19
NR-5476,2025-03-09,Apparel,Retail Store,1,44.91,21.74
NR-5225,2025-02-23,Home Goods,Web,1,56.05,29.89
NR-5632,2025-04-12,Home Goods,Retail Store,1,59.82,29.43
NR-5216,2025-02-07,Electronics,Retail Store,2,375.45,215.72
NR-6053,2025-06-10,Beauty,Web,2,59.59,23.79
NR-6883,2025-10-21,Outdoor,Marketplace,2,197.44,99.64
NR-7885,2026-03-21,Beauty,Web,2,71.75,27.1
NR-5180,2025-01-25,Outdoor,Web,2,192.72,92.95
NR-7966,2026-04-14,Electronics,Retail Store,2,513.97,364.18
NR-7793,2026-03-19,Home Goods,Retail Store,2,153.18,74.01
NR-7949,2026-03-11,Outdoor,Marketplace,2,201.33,98.93
NR-8531,2026-06-13,Apparel,Web,2,97.77,44.76
NR-7142,2025-12-25,Electronics,Retail Store,3,566.34,360.32
NR-7725,2026-02-02,Outdoor,Web,3,326.11,167.6
NR-5638,2025-04-14,Apparel,Retail Store,3,167.73,80.61
NR-5044,2025-01-24,Home Goods,Marketplace,3,220.49,112.59
NR-6498,2025-09-16,Electronics,Web,3,706.21,384.42
NR-5264,2025-02-08,Apparel,Web,3,145.83,73.03
NR-6088,2025-06-05,Outdoor,Web,3,267.07,131.77
NR-8576,2026-06-20,Beauty,Web,2,68.73,28.22
NR-6238,2025-07-27,Beauty,Marketplace,2,72.92,28.92
NR-8594,2026-06-07,Outdoor,Retail Store,3,328.83,164.21
NR-7944,2026-03-26,Outdoor,Marketplace,2,165.6,84.25
NR-5850,2025-05-26,Apparel,Web,3,168.89,77.67
NR-5094,2025-01-07,Apparel,Retail Store,2,83.83,41.09
NR-7223,2025-12-10,Apparel,Web,1,56.48,25.02
NR-7446,2026-01-06,Apparel,Web,3,123.41,59.47
NR-8244,2026-05-21,Home Goods,Web,2,112.2,60.12
NR-5332,2025-02-25,Outdoor,Web,3,307.78,152.44
NR-8104,2026-04-06,Beauty,Marketplace,1,38.09,14.9
NR-7079,2025-11-24,Outdoor,Web,2,172.17,84.95
NR-7792,2026-03-04,Home Goods,Web,1,74.62,37.61
NR-8307,2026-05-17,Apparel,Retail Store,1,53.78,26.01
NR-5374,2025-03-01,Electronics,Web,3,605.05,314.7
NR-6421,2025-08-01,Beauty,Marketplace,2,60.73,24.08
NR-5408,2025-03-14,Home Goods,Web,1,67.03,33.78
NR-5685,2025-04-23,Beauty,Marketplace,2,63.25,26.71
NR-5418,2025-03-05,Home Goods,Web,1,70.03,37.43
NR-6413,2025-08-03,Apparel,Marketplace,2,103.77,47.71
NR-5144,2025-01-25,Beauty,Web,3,109.52,45.36
NR-6574,2025-09-17,Apparel,Marketplace,3,151.02,70.73
NR-7313,2025-12-17,Outdoor,Web,1,101.74,50.24
NR-5986,2025-06-23,Home Goods,Web,2,125.24,64.43
NR-5014,2025-01-17,Electronics,Marketplace,2,464.86,259.21
NR-8166,2026-04-19,Outdoor,Retail Store,3,314.63,161.5
NR-5528,2025-03-16,Outdoor,Retail Store,1,91.32,45.33
NR-5391,2025-03-03,Electronics,Retail Store,1,208.26,110.32
NR-5853,2025-05-14,Beauty,Web,3,93.33,38.88
NR-7777,2026-03-25,Electronics,Web,1,221.37,153.31
NR-5801,2025-05-26,Home Goods,Retail Store,3,185.74,95.27
NR-6947,2025-11-13,Home Goods,Marketplace,1,65.95,35.92
NR-7126,2025-12-15,Electronics,Marketplace,2,404.4,262.32
NR-7651,2026-02-27,Apparel,Web,3,140.85,68.64
NR-5387,2025-03-21,Electronics,Web,2,425.65,237.34
NR-7231,2025-12-20,Apparel,Marketplace,2,111.4,53.06
NR-8521,2026-06-17,Apparel,Retail Store,3,133.54,61.5
NR-8452,2026-06-01,Home Goods,Marketplace,2,127.38,63.93
NR-5835,2025-05-01,Apparel,Marketplace,3,154.16,69.2
NR-8563,2026-06-23,Beauty,Marketplace,1,35.6,14.7
NR-5190,2025-02-07,Electronics,Web,2,487.34,258.03
NR-6694,2025-10-08,Electronics,Retail Store,2,451.31,273.73
NR-5364,2025-02-27,Outdoor,Web,1,103.23,53.43
NR-7916,2026-03-23,Beauty,Web,3,98.07,37.3
NR-6159,2025-07-25,Home Goods,Web,1,56.97,30.09
NR-5245,2025-02-22,Home Goods,Marketplace,2,150.96,74.36
NR-5881,2025-05-18,Beauty,Web,1,38.14,15.98
NR-5274,2025-02-21,Apparel,Web,3,150.09,74.71
NR-5147,2025-01-19,Beauty,Web,1,35.31,13.83
NR-6129,2025-07-21,Electronics,Retail Store,3,683.72,390.17
NR-5294,2025-02-09,Beauty,Web,2,66.85,27.17
NR-5324,2025-02-13,Beauty,Retail Store,1,34.11,12.93
NR-5770,2025-05-08,Electronics,Web,3,702.19,393.18
NR-7847,2026-03-12,Apparel,Retail Store,2,97.72,48.02
NR-7587,2026-02-18,Home Goods,Web,1,55.35,28.81
NR-6715,2025-10-07,Electronics,Retail Store,1,223.18,133.36
NR-7724,2026-02-24,Outdoor,Web,3,247.98,118.71
NR-8182,2026-05-02,Electronics,Web,3,655.25,487.63
NR-5900,2025-05-04,Outdoor,Web,3,284.06,139.78
NR-7000,2025-11-03,Apparel,Retail Store,2,106.47,53.47
NR-7816,2026-03-07,Home Goods,Web,1,73.72,37.61
NR-7053,2025-11-19,Beauty,Web,3,100.0,42.66
NR-5974,2025-06-26,Home Goods,Web,3,209.1,105.92
NR-8216,2026-05-27,Electronics,Web,3,652.44,513.72
NR-5103,2025-01-15,Apparel,Retail Store,1,44.31,22.38
NR-7258,2025-12-20,Beauty,Retail Store,3,85.17,33.28
NR-6921,2025-11-05,Electronics,Web,1,232.04,144.17
NR-6470,2025-08-27,Outdoor,Retail Store,3,312.08,160.12
NR-5041,2025-01-13,Home Goods,Web,3,231.36,119.38
NR-6386,2025-08-11,Apparel,Retail Store,3,141.11,67.22
NR-5377,2025-03-19,Electronics,Web,1,236.1,126.8
NR-6278,2025-07-01,Outdoor,Web,3,250.31,125.43
NR-7194,2025-12-26,Home Goods,Web,3,183.82,97.97
NR-8158,2026-04-27,Outdoor,Marketplace,2,190.51,99.95
NR-7004,2025-11-26,Apparel,Retail Store,2,92.09,43.66
NR-8614,2026-06-13,Outdoor,Web,3,339.82,161.07
NR-8503,2026-06-25,Apparel,Retail Store,2,104.42,51.83
NR-8137,2026-04-06,Outdoor,Retail Store,1,108.58,55.53
NR-5205,2025-02-06,Electronics,Web,3,707.99,373.57
NR-6068,2025-06-18,Outdoor,Retail Store,3,289.09,139.65
NR-7075,2025-11-18,Outdoor,Marketplace,3,262.81,130.88
NR-8152,2026-04-20,Outdoor,Web,2,185.07,95.65
NR-6461,2025-08-10,Outdoor,Web,2,193.68,101.4
NR-8185,2026-05-24,Electronics,Marketplace,2,427.57,322.04
NR-5204,2025-02-21,Electronics,Web,2,420.8,228.22
NR-8591,2026-06-19,Outdoor,Retail Store,1,103.47,53.12
NR-7718,2026-02-05,Outdoor,Web,1,83.3,41.84
NR-7672,2026-02-15,Beauty,Web,1,37.85,15.17
NR-7459,2026-01-25,Beauty,Retail Store,1,30.09,12.68
NR-6982,2025-11-06,Home Goods,Retail Store,3,217.91,117.52
NR-5740,2025-04-20,Outdoor,Web,1,107.82,54.98
NR-6032,2025-06-05,Beauty,Web,1,33.44,13.02
NR-7121,2025-12-26,Electronics,Marketplace,2,494.21,310.32
NR-6424,2025-08-03,Beauty,Retail Store,2,69.18,26.84
NR-8190,2026-05-22,Electronics,Web,1,197.71,153.46
NR-8046,2026-04-20,Apparel,Web,2,88.55,44.9
NR-6725,2025-10-03,Electronics,Web,1,231.61,132.24
NR-7254,2025-12-03,Beauty,Web,3,109.01,40.99
NR-7915,2026-03-06,Beauty,Web,2,76.18,29.63
